{
  "features": [
    {
      "geometry": {
        "coordinates": [
          [
            [
              -121.286593,
              37.6964099
            ],
            [
              -121.3066774,
              37.6965118
            ],
            [
              -121.306377,
              37.6689334
            ],
            [
              -121.3047462,
              37.6689334
            ],
            [
              -121.3045745,
              37.6587418
            ],
            [
              -121.3063341,
              37.6587757
            ],
            [
              -121.3061195,
              37.6432138
            ],
            [
              -121.2832456,
              37.6431458
            ],
            [
              -121.2853055,
              37.6962741
            ],
            [
              -121.286593,
              37.6964099
            ]
          ]
        ],
        "type": "Polygon"
      },
      "id": "1-ZJkElzd12Qnb4MTm1q3Tkz-q0pEf2kH",
      "properties": {
        "area_sq_km": 11.3678,
        "doc_description": null,
        "doc_name": "SC9- Rural South County West of San Joaquin River",
        "fetched_at": "2026-07-27T10:51:45Z",
        "mid": "1-ZJkElzd12Qnb4MTm1q3Tkz-q0pEf2kH",
        "zone_code": "SC9"
      },
      "type": "Feature"
    },
    {
      "geometry": {
        "coordinates": [
          [
            [
              -121.3409447,
              38.0373015
            ],
            [
              -121.3424681,
              38.0367945
            ],
            [
              -121.3431119,
              38.0366593
            ],
            [
              -121.34382,
              38.0366593
            ],
            [
              -121.3464163,
              38.0368452
            ],
            [
              -121.3474463,
              38.0369889
            ],
            [
              -121.3485192,
              38.0370649
            ],
            [
              -121.3497853,
              38.0366931
            ],
            [
              -121.3533257,
              38.0357636
            ],
            [
              -121.3554929,
              38.0353411
            ],
            [
              -121.3554715,
              38.0333637
            ],
            [
              -121.355729,
              38.0322144
            ],
            [
              -121.3558739,
              38.031758
            ],
            [
              -121.3559677,
              38.0314707
            ],
            [
              -121.3559329,
              38.0312679
            ],
            [
              -121.355949,
              38.0309974
            ],
            [
              -121.3559865,
              38.0306763
            ],
            [
              -121.3560482,
              38.0303932
            ],
            [
              -121.3560455,
              38.0301101
            ],
            [
              -121.3560402,
              38.0295777
            ],
            [
              -121.3560723,
              38.0284791
            ],
            [
              -121.3437556,
              38.0284284
            ],
            [
              -121.3422536,
              38.0286143
            ],
            [
              -121.3403438,
              38.0289354
            ],
            [
              -121.3397859,
              38.0293411
            ],
            [
              -121.3374256,
              38.0302538
            ],
            [
              -121.3350223,
              38.0316228
            ],
            [
              -121.3409447,
              38.0373015
            ]
          ]
        ],
        "type": "Polygon"
      },
      "id": "109q8EoTZrIRPqqWcYaVxLc9JdJ5qGeta",
      "properties": {
        "area_sq_km": 1.408,
        "doc_description": ">North to Stanfield Dr., >South to Mosher Slough, >East to Thornton Rd., >West to Bainbridge Pl.",
        "doc_name": "S5- Portion of Northwest Stockton",
        "fetched_at": "2026-07-27T10:51:46Z",
        "mid": "109q8EoTZrIRPqqWcYaVxLc9JdJ5qGeta",
        "zone_code": "S5"
      },
      "type": "Feature"
    },
    {
      "geometry": {
        "coordinates": [
          [
            [
              -121.1513247,
              37.7366286
            ],
            [
              -121.2625613,
              37.6734755
            ],
            [
              -121.2538495,
              37.6686858
            ],
            [
              -121.2515749,
              37.6659682
            ],
            [
              -121.2504591,
              37.6630806
            ],
            [
              -121.2480988,
              37.6627409
            ],
            [
              -121.2466397,
              37.6647792
            ],
            [
              -121.2467684,
              37.6698408
            ],
            [
              -121.246468,
              37.672864
            ],
            [
              -121.2446227,
              37.6732716
            ],
            [
              -121.2430348,
              37.6719809
            ],
            [
              -121.2422194,
              37.6690255
            ],
            [
              -121.2423052,
              37.6668854
            ],
            [
              -121.2408032,
              37.6652548
            ],
            [
              -121.2348809,
              37.6641677
            ],
            [
              -121.2338509,
              37.6631146
            ],
            [
              -121.232263,
              37.6628088
            ],
            [
              -121.2305464,
              37.6632504
            ],
            [
              -121.2293448,
              37.6643376
            ],
            [
              -121.2302031,
              37.6667156
            ],
            [
              -121.2295594,
              37.6690935
            ],
            [
              -121.2261261,
              37.6699767
            ],
            [
              -121.2226071,
              37.6703164
            ],
            [
              -121.2212338,
              37.671845
            ],
            [
              -121.2223925,
              37.6743246
            ],
            [
              -121.2231221,
              37.6773477
            ],
            [
              -121.2223925,
              37.6789441
            ],
            [
              -121.2240662,
              37.683699
            ],
            [
              -121.223165,
              37.6841406
            ],
            [
              -121.2218346,
              37.6832236
            ],
            [
              -121.2194743,
              37.6858727
            ],
            [
              -121.2182726,
              37.6861104
            ],
            [
              -121.2165131,
              37.6882839
            ],
            [
              -121.2153973,
              37.6870953
            ],
            [
              -121.2123503,
              37.6865859
            ],
            [
              -121.2118782,
              37.6860764
            ],
            [
              -121.210505,
              37.6859406
            ],
            [
              -121.2090029,
              37.6866198
            ],
            [
              -121.2076725,
              37.6897103
            ],
            [
              -121.2063851,
              37.6913743
            ],
            [
              -121.2058272,
              37.6915781
            ],
            [
              -121.2073292,
              37.6938194
            ],
            [
              -121.2065997,
              37.69494
            ],
            [
              -121.2050118,
              37.6953135
            ],
            [
              -121.2029519,
              37.6954493
            ],
            [
              -121.2020935,
              37.696536
            ],
            [
              -121.2011494,
              37.6970453
            ],
            [
              -121.1982312,
              37.6971472
            ],
            [
              -121.1962141,
              37.6969095
            ],
            [
              -121.1941542,
              37.6961285
            ],
            [
              -121.1919655,
              37.6956191
            ],
            [
              -121.1912789,
              37.6956871
            ],
            [
              -121.1888327,
              37.6939892
            ],
            [
              -121.1848416,
              37.6946004
            ],
            [
              -121.1845841,
              37.6992525
            ],
            [
              -121.1826958,
              37.7009163
            ],
            [
              -121.1819663,
              37.7003731
            ],
            [
              -121.180593,
              37.7006787
            ],
            [
              -121.1793055,
              37.7018331
            ],
            [
              -121.1803784,
              37.7031234
            ],
            [
              -121.1805071,
              37.7037685
            ],
            [
              -121.1779322,
              37.706349
            ],
            [
              -121.1769452,
              37.7064169
            ],
            [
              -121.1759581,
              37.7057378
            ],
            [
              -121.1761298,
              37.7047192
            ],
            [
              -121.1755719,
              37.7038025
            ],
            [
              -121.1707653,
              37.7008824
            ],
            [
              -121.1687054,
              37.6994223
            ],
            [
              -121.1668601,
              37.6995242
            ],
            [
              -121.1647572,
              37.7000675
            ],
            [
              -121.1642851,
              37.7006447
            ],
            [
              -121.1663022,
              37.7012898
            ],
            [
              -121.1671175,
              37.7020029
            ],
            [
              -121.166903,
              37.7027499
            ],
            [
              -121.1660876,
              37.703429
            ],
            [
              -121.1655726,
              37.7047871
            ],
            [
              -121.1636414,
              37.704142
            ],
            [
              -121.1605086,
              37.7043457
            ],
            [
              -121.1593499,
              37.7049909
            ],
            [
              -121.1590495,
              37.706315
            ],
            [
              -121.1608519,
              37.7064848
            ],
            [
              -121.1619248,
              37.7071978
            ],
            [
              -121.1622681,
              37.7078429
            ],
            [
              -121.1618819,
              37.7085219
            ],
            [
              -121.160809,
              37.7084201
            ],
            [
              -121.1599936,
              37.7081145
            ],
            [
              -121.1594786,
              37.7087596
            ],
            [
              -121.1610236,
              37.7109664
            ],
            [
              -121.1604657,
              37.711917
            ],
            [
              -121.1591353,
              37.7123244
            ],
            [
              -121.1581482,
              37.7124602
            ],
            [
              -121.1582341,
              37.71392
            ],
            [
              -121.1591782,
              37.7151083
            ],
            [
              -121.1590495,
              37.7175186
            ],
            [
              -121.1578907,
              37.7170094
            ],
            [
              -121.1571183,
              37.7168396
            ],
            [
              -121.1570754,
              37.7183333
            ],
            [
              -121.1557021,
              37.7202004
            ],
            [
              -121.1544146,
              37.7202683
            ],
            [
              -121.1538996,
              37.7192499
            ],
            [
              -121.1507668,
              37.7196912
            ],
            [
              -121.1511101,
              37.7368662
            ],
            [
              -121.1513247,
              37.7366286
            ]
          ]
        ],
        "type": "Polygon"
      },
      "id": "10QTPiLg-VmCpFCLW34UsEjV9K_6zsibf",
      "properties": {
        "area_sq_km": 18.9907,
        "doc_description": null,
        "doc_name": "R1B- Portion of Rural West Ripon",
        "fetched_at": "2026-07-27T10:51:46Z",
        "mid": "10QTPiLg-VmCpFCLW34UsEjV9K_6zsibf",
        "zone_code": "R1B"
      },
      "type": "Feature"
    },
    {
      "geometry": {
        "coordinates": [
          [
            [
              -121.2559409,
              37.6994497
            ],
            [
              -121.2516911,
              37.7157456
            ],
            [
              -121.2762399,
              37.7290193
            ],
            [
              -121.2942215,
              37.6728914
            ],
            [
              -121.2394684,
              37.6649115
            ],
            [
              -121.236715,
              37.6833524
            ],
            [
              -121.2559409,
              37.6994497
            ]
          ]
        ],
        "type": "Polygon"
      },
      "id": "10U0_4ZJ7tb4wrSOR4RAVbgCgforSZUI",
      "properties": {
        "area_sq_km": 20.9666,
        "doc_description": null,
        "doc_name": "SC4b- Rural South County including San Joaquin River Club",
        "fetched_at": "2026-07-27T10:51:47Z",
        "mid": "10U0_4ZJ7tb4wrSOR4RAVbgCgforSZUI",
        "zone_code": "SC4b"
      },
      "type": "Feature"
    },
    {
      "geometry": {
        "coordinates": [
          [
            [
              -121.3775847,
              38.0726089
            ],
            [
              -121.3821337,
              38.0869996
            ],
            [
              -121.3931201,
              38.1086141
            ],
            [
              -121.3968966,
              38.112396
            ],
            [
              -121.3984416,
              38.1160426
            ],
            [
              -121.4268515,
              38.1162452
            ],
            [
              -121.4290831,
              38.1156374
            ],
            [
              -121.4338038,
              38.1154349
            ],
            [
              -121.4343188,
              38.0725414
            ],
            [
              -121.3775847,
              38.0726089
            ]
          ]
        ],
        "type": "Polygon"
      },
      "id": "10gIMbuxlqr42DMKl4R2gFASKxx5RV0hS",
      "properties": {
        "area_sq_km": 20.1046,
        "doc_description": ">North to Hwy 12, >South to Telephone Cut, >East to I-5, >West to three miles west of I-5",
        "doc_name": "L1- Rural West Lodi",
        "fetched_at": "2026-07-27T10:51:48Z",
        "mid": "10gIMbuxlqr42DMKl4R2gFASKxx5RV0hS",
        "zone_code": "L1"
      },
      "type": "Feature"
    },
    {
      "geometry": {
        "coordinates": [
          [
            [
              -121.2335707,
              37.9674337
            ],
            [
              -121.2285067,
              37.9554221
            ],
            [
              -121.2264038,
              37.9559973
            ],
            [
              -121.2229707,
              37.9575539
            ],
            [
              -121.2154605,
              37.9590089
            ],
            [
              -121.2165548,
              37.9619695
            ],
            [
              -121.215718,
              37.9622233
            ],
            [
              -121.214688,
              37.9624094
            ],
            [
              -121.2135829,
              37.9627646
            ],
            [
              -121.213009,
              37.9629084
            ],
            [
              -121.2124779,
              37.9631199
            ],
            [
              -121.2135078,
              37.9650824
            ],
            [
              -121.2239148,
              37.9703433
            ],
            [
              -121.2247731,
              37.9699373
            ],
            [
              -121.2264896,
              37.9690915
            ],
            [
              -121.2335707,
              37.9674337
            ]
          ]
        ],
        "type": "Polygon"
      },
      "id": "11MezaJnfvdctDMCzn1Wip5rqSLjBF3k",
      "properties": {
        "area_sq_km": 1.7947,
        "doc_description": ">North to RR tracks north of Wagner Ave., >South to E. Main St., >East to the Diverting Canal, >West to Dawes Ave.",
        "doc_name": "S43b_Portion of East Stockton",
        "fetched_at": "2026-07-27T10:51:48Z",
        "mid": "11MezaJnfvdctDMCzn1Wip5rqSLjBF3k",
        "zone_code": "S43b"
      },
      "type": "Feature"
    },
    {
      "geometry": {
        "coordinates": [
          [
            [
              -121.4586972,
              38.1694363
            ],
            [
              -121.5117405,
              38.1647126
            ],
            [
              -121.5201519,
              38.1456799
            ],
            [
              -121.5405796,
              38.1450048
            ],
            [
              -121.5558575,
              38.120025
            ],
            [
              -121.4911412,
              38.1228611
            ],
            [
              -121.4586972,
              38.1694363
            ]
          ]
        ],
        "type": "Polygon"
      },
      "id": "11S-zSov2nDmHB8a_XULuSPJCopKjB7k",
      "properties": {
        "area_sq_km": 24.8963,
        "doc_description": "Portions of Staten Island, Brack Tract and Terminous Tract",
        "doc_name": "D35- Portions of Staten Island, Brack Tract and Terminous Tract",
        "fetched_at": "2026-07-27T10:51:49Z",
        "mid": "11S-zSov2nDmHB8a_XULuSPJCopKjB7k",
        "zone_code": "D35"
      },
      "type": "Feature"
    },
    {
      "geometry": {
        "coordinates": [
          [
            [
              -121.3381023,
              38.0182464
            ],
            [
              -121.339733,
              38.0154148
            ],
            [
              -121.3397384,
              38.014671
            ],
            [
              -121.3397545,
              38.0138849
            ],
            [
              -121.3397224,
              38.0126677
            ],
            [
              -121.3395292,
              38.0127522
            ],
            [
              -121.3385315,
              38.0132087
            ],
            [
              -121.3373513,
              38.0135467
            ],
            [
              -121.3359673,
              38.0136989
            ],
            [
              -121.3344035,
              38.0137116
            ],
            [
              -121.3328398,
              38.013699
            ],
            [
              -121.3297982,
              38.0136651
            ],
            [
              -121.3300879,
              38.0207905
            ],
            [
              -121.3335479,
              38.0209512
            ],
            [
              -121.3360209,
              38.0210103
            ],
            [
              -121.3365252,
              38.0202834
            ],
            [
              -121.3370616,
              38.0195988
            ],
            [
              -121.3381023,
              38.0182464
            ]
          ]
        ],
        "type": "Polygon"
      },
      "id": "11XkclKunwvruEai6CDKW1Q8z8L9IYKo",
      "properties": {
        "area_sq_km": 0.6107,
        "doc_description": ">North to Hammer Ln., >South to W. Lincoln Rd., >East to Pershing Ave., >West to Alexandria Place",
        "doc_name": "S2B-North Stockton",
        "fetched_at": "2026-07-27T10:51:49Z",
        "mid": "11XkclKunwvruEai6CDKW1Q8z8L9IYKo",
        "zone_code": "S2B"
      },
      "type": "Feature"
    },
    {
      "geometry": {
        "coordinates": [
          [
            [
              -121.2547541,
              37.8409385
            ],
            [
              -121.2546254,
              37.8262284
            ],
            [
              -121.2268163,
              37.8259572
            ],
            [
              -121.22746,
              37.8410741
            ],
            [
              -121.2547541,
              37.8409385
            ]
          ]
        ],
        "type": "Polygon"
      },
      "id": "11elzfP0nIMwj1uElg_gxyDWoVlQi5Ns",
      "properties": {
        "area_sq_km": 4.0122,
        "doc_description": ">North to Arbor Brook Dr. >South to W. Lathrop Rd., >East to Happy Valley Ln., >West to  Airport Way",
        "doc_name": "M26- Portion of North Manteca",
        "fetched_at": "2026-07-27T10:51:50Z",
        "mid": "11elzfP0nIMwj1uElg_gxyDWoVlQi5Ns",
        "zone_code": "M26"
      },
      "type": "Feature"
    },
    {
      "geometry": {
        "coordinates": [
          [
            [
              -121.2797484,
              37.9294021
            ],
            [
              -121.2789544,
              37.9276841
            ],
            [
              -121.2742338,
              37.9289113
            ],
            [
              -121.2741586,
              37.9349151
            ],
            [
              -121.2741854,
              37.9379169
            ],
            [
              -121.2742632,
              37.9394517
            ],
            [
              -121.2745127,
              37.9407834
            ],
            [
              -121.2823984,
              37.9394464
            ],
            [
              -121.2801025,
              37.930883
            ],
            [
              -121.2796304,
              37.9297406
            ],
            [
              -121.2798664,
              37.9295883
            ],
            [
              -121.2797484,
              37.9294021
            ]
          ]
        ],
        "type": "Polygon"
      },
      "id": "11pnSyyijZJGoajkAnBRSbBVfON0YPN8",
      "properties": {
        "area_sq_km": 0.7817,
        "doc_description": ">North to Martin Luther King Blvd/Charter Way, >South to E. 9th Street, >East to U.P. RR tracks, >West to S. Sutter St. and S. San Joaquin St.",
        "doc_name": "S33c- Portion of South Stockton",
        "fetched_at": "2026-07-27T10:51:51Z",
        "mid": "11pnSyyijZJGoajkAnBRSbBVfON0YPN8",
        "zone_code": "S33c"
      },
      "type": "Feature"
    },
    {
      "geometry": {
        "coordinates": [
          [
            [
              -120.9621282,
              37.828512
            ],
            [
              -120.9622762,
              37.8262387
            ],
            [
              -120.9238241,
              37.8264421
            ],
            [
              -120.9243391,
              37.8870262
            ],
            [
              -120.9257123,
              37.8874326
            ],
            [
              -120.9636732,
              37.8874686
            ],
            [
              -120.9621282,
              37.828512
            ]
          ]
        ],
        "type": "Polygon"
      },
      "id": "11soOcxIzHKP0ENESAyYxwah8W1s94pum",
      "properties": {
        "area_sq_km": 23.1396,
        "doc_description": ">North to Carter Rd., >South to Lone Tree Rd. , >East to Victory Ave /County line, >West to Steinegul Rd.",
        "doc_name": "E25- Rural Northeast Escalon",
        "fetched_at": "2026-07-27T10:51:52Z",
        "mid": "11soOcxIzHKP0ENESAyYxwah8W1s94pum",
        "zone_code": "E25"
      },
      "type": "Feature"
    },
    {
      "geometry": {
        "coordinates": [
          [
            [
              -121.1904105,
              37.7972833
            ],
            [
              -121.1797246,
              37.797402
            ],
            [
              -121.1806688,
              37.8194239
            ],
            [
              -121.1993369,
              37.819373
            ],
            [
              -121.198822,
              37.8075746
            ],
            [
              -121.1957324,
              37.8050317
            ],
            [
              -121.1937583,
              37.803438
            ],
            [
              -121.1922562,
              37.8015052
            ],
            [
              -121.1914409,
              37.7994028
            ],
            [
              -121.1904105,
              37.7972833
            ]
          ]
        ],
        "type": "Polygon"
      },
      "id": "11uHnTTjd1bai9WEuM5kOHPCEqWFKXUM",
      "properties": {
        "area_sq_km": 3.5296,
        "doc_description": ">North to Southland Rd., >South to E. Yosemite Ave., >East to S. Austin Rd., >West to Cottage Ave. and Hwy. 99",
        "doc_name": "M30B-Portion of East Manteca",
        "fetched_at": "2026-07-27T10:51:52Z",
        "mid": "11uHnTTjd1bai9WEuM5kOHPCEqWFKXUM",
        "zone_code": "M30B"
      },
      "type": "Feature"
    },
    {
      "geometry": {
        "coordinates": [
          [
            [
              -121.4111319,
              37.9950262
            ],
            [
              -121.3997164,
              37.9895471
            ],
            [
              -121.3967124,
              37.9894795
            ],
            [
              -121.3945666,
              37.9875854
            ],
            [
              -121.3885585,
              37.9847441
            ],
            [
              -121.3868418,
              37.982647
            ],
            [
              -121.380662,
              37.9779112
            ],
            [
              -121.3738814,
              37.9772346
            ],
            [
              -121.370534,
              37.978926
            ],
            [
              -121.3697615,
              37.978926
            ],
            [
              -121.369504,
              37.9823087
            ],
            [
              -121.3694182,
              37.9959055
            ],
            [
              -121.3732806,
              37.9967848
            ],
            [
              -121.3742247,
              37.9984757
            ],
            [
              -121.3725081,
              38.0016546
            ],
            [
              -121.3709632,
              38.0024662
            ],
            [
              -121.3707057,
              38.0137601
            ],
            [
              -121.3742247,
              38.0134896
            ],
            [
              -121.377143,
              38.0127457
            ],
            [
              -121.3787738,
              38.0129486
            ],
            [
              -121.3805762,
              38.0120695
            ],
            [
              -121.3837519,
              38.0124076
            ],
            [
              -121.3858977,
              38.0103112
            ],
            [
              -121.3899317,
              38.0088911
            ],
            [
              -121.3925925,
              38.0059154
            ],
            [
              -121.3974848,
              38.0037512
            ],
            [
              -121.3991156,
              38.0028043
            ],
            [
              -121.4015189,
              38.0031425
            ],
            [
              -121.4035788,
              38.0003695
            ],
            [
              -121.4076987,
              37.9994903
            ],
            [
              -121.4094153,
              37.998611
            ],
            [
              -121.4089003,
              37.9976641
            ],
            [
              -121.4102736,
              37.9969877
            ],
            [
              -121.4111319,
              37.9950262
            ]
          ]
        ],
        "type": "Polygon"
      },
      "id": "11vvIxM7pP2tdGwJBH9n2sT4_KB-vzi7G",
      "properties": {
        "area_sq_km": 8.6345,
        "doc_description": null,
        "doc_name": "D12- Wright/Elmwood Tract",
        "fetched_at": "2026-07-27T10:51:53Z",
        "mid": "11vvIxM7pP2tdGwJBH9n2sT4_KB-vzi7G",
        "zone_code": "D12"
      },
      "type": "Feature"
    },
    {
      "geometry": {
        "coordinates": [
          [
            [
              -121.3420821,
              38.0483117
            ],
            [
              -121.3437558,
              38.0482272
            ],
            [
              -121.3462019,
              38.0487511
            ],
            [
              -121.3480258,
              38.0492411
            ],
            [
              -121.3494206,
              38.0494439
            ],
            [
              -121.3507724,
              38.0494946
            ],
            [
              -121.3512016,
              38.0495114
            ],
            [
              -121.350987,
              38.0480076
            ],
            [
              -121.3508583,
              38.0471289
            ],
            [
              -121.3506437,
              38.0459629
            ],
            [
              -121.3503218,
              38.045118
            ],
            [
              -121.3495493,
              38.044121
            ],
            [
              -121.3485623,
              38.0431915
            ],
            [
              -121.3454295,
              38.0405553
            ],
            [
              -121.3445712,
              38.0408256
            ],
            [
              -121.34264,
              38.0407918
            ],
            [
              -121.341095,
              38.040758
            ],
            [
              -121.3415242,
              38.0439351
            ],
            [
              -121.3420821,
              38.0483117
            ]
          ]
        ],
        "type": "Polygon"
      },
      "id": "12KUMpebd24rLJR1ojq61aWvr-3lWHH4",
      "properties": {
        "area_sq_km": 0.6125,
        "doc_description": ">North to Whistler Way, >South to the south side of Broadridge Way, >East to Bear Creek, >West to Thornton Rd.",
        "doc_name": "S51- Portion of North Stockton",
        "fetched_at": "2026-07-27T10:51:54Z",
        "mid": "12KUMpebd24rLJR1ojq61aWvr-3lWHH4",
        "zone_code": "S51"
      },
      "type": "Feature"
    },
    {
      "geometry": {
        "coordinates": [
          [
            [
              -121.2706361,
              37.7755365
            ],
            [
              -121.270518,
              37.7684467
            ],
            [
              -121.265733,
              37.7684127
            ],
            [
              -121.2658188,
              37.7755704
            ],
            [
              -121.2706361,
              37.7755365
            ]
          ]
        ],
        "type": "Polygon"
      },
      "id": "12dKcaGWPj5H45k7PDdQ5Gj2TnHhzingg",
      "properties": {
        "area_sq_km": 0.3343,
        "doc_description": ">North to W. Woodward Rd., >South to 1/2 mile south of Woodward Rd, >East to 1/4 mile East of McKinley Rd., >West to Mc Kinley Rd.",
        "doc_name": "M8- Portion of Southwest Manteca",
        "fetched_at": "2026-07-27T10:51:54Z",
        "mid": "12dKcaGWPj5H45k7PDdQ5Gj2TnHhzingg",
        "zone_code": "M8"
      },
      "type": "Feature"
    },
    {
      "geometry": {
        "coordinates": [
          [
            [
              -120.9624424,
              37.8566709
            ],
            [
              -120.9614333,
              37.8250947
            ],
            [
              -120.9599104,
              37.7935184
            ],
            [
              -120.922574,
              37.7934166
            ],
            [
              -120.9247197,
              37.8572638
            ],
            [
              -120.9626999,
              37.8571283
            ],
            [
              -120.9624424,
              37.8566709
            ]
          ]
        ],
        "type": "Polygon"
      },
      "id": "12hTw4KyKA0PkHL7yzuLrDvteJSF5rLED",
      "properties": {
        "area_sq_km": 23.4443,
        "doc_description": ">North to Dodds Rd., >South to Hwy 120, >East to Victory Ave., >West to Steinegul Rd.",
        "doc_name": "E27- Rural Northeast Escalon",
        "fetched_at": "2026-07-27T10:51:55Z",
        "mid": "12hTw4KyKA0PkHL7yzuLrDvteJSF5rLED",
        "zone_code": "E27"
      },
      "type": "Feature"
    },
    {
      "geometry": {
        "coordinates": [
          [
            [
              -121.2422647,
              37.6707894
            ],
            [
              -121.2419214,
              37.6682077
            ],
            [
              -121.2424364,
              37.6671886
            ],
            [
              -121.2418356,
              37.6663733
            ],
            [
              -121.2408485,
              37.6653542
            ],
            [
              -121.2393465,
              37.6650484
            ],
            [
              -121.2344971,
              37.6639273
            ],
            [
              -121.2341967,
              37.663146
            ],
            [
              -121.2327805,
              37.6627043
            ],
            [
              -121.2308063,
              37.6629761
            ],
            [
              -121.2302055,
              37.6633498
            ],
            [
              -121.2291756,
              37.664369
            ],
            [
              -121.2297335,
              37.665558
            ],
            [
              -121.2300768,
              37.6663733
            ],
            [
              -121.2298622,
              37.6681058
            ],
            [
              -121.2290897,
              37.6692608
            ],
            [
              -121.2230387,
              37.6704157
            ],
            [
              -121.2220516,
              37.6705856
            ],
            [
              -121.2214079,
              37.6716726
            ],
            [
              -121.2214937,
              37.6725558
            ],
            [
              -121.2224379,
              37.6737107
            ],
            [
              -121.2231674,
              37.6773112
            ],
            [
              -121.2224808,
              37.6783301
            ],
            [
              -121.2225237,
              37.6789415
            ],
            [
              -121.2229099,
              37.6795189
            ],
            [
              -121.2227812,
              37.680402
            ],
            [
              -121.2231245,
              37.6807077
            ],
            [
              -121.2230816,
              37.6814549
            ],
            [
              -121.2237253,
              37.6830852
            ],
            [
              -121.2238111,
              37.6837984
            ],
            [
              -121.2229958,
              37.6840022
            ],
            [
              -121.2225666,
              37.6835946
            ],
            [
              -121.22188,
              37.6830512
            ],
            [
              -121.2210216,
              37.683187
            ],
            [
              -121.2216225,
              37.6835267
            ],
            [
              -121.2207212,
              37.6840701
            ],
            [
              -121.2199917,
              37.6851569
            ],
            [
              -121.2194767,
              37.6860059
            ],
            [
              -121.2183609,
              37.6860059
            ],
            [
              -121.2176313,
              37.6863795
            ],
            [
              -121.2172451,
              37.6870248
            ],
            [
              -121.2168159,
              37.6880776
            ],
            [
              -121.2163439,
              37.6879757
            ],
            [
              -121.2158289,
              37.6873644
            ],
            [
              -121.2155285,
              37.6869569
            ],
            [
              -121.2135544,
              37.6869229
            ],
            [
              -121.2126102,
              37.6866173
            ],
            [
              -121.212224,
              37.6860059
            ],
            [
              -121.2111511,
              37.685972
            ],
            [
              -121.2104645,
              37.6860739
            ],
            [
              -121.208662,
              37.6866852
            ],
            [
              -121.2084045,
              37.6871606
            ],
            [
              -121.2085762,
              37.6876361
            ],
            [
              -121.208147,
              37.6885531
            ],
            [
              -121.2075462,
              37.689504
            ],
            [
              -121.2059154,
              37.6914736
            ],
            [
              -121.205615,
              37.691983
            ],
            [
              -121.2082758,
              37.694462
            ],
            [
              -121.2097349,
              37.6942583
            ],
            [
              -121.2114086,
              37.6931716
            ],
            [
              -121.2120953,
              37.6932056
            ],
            [
              -121.2146273,
              37.6923566
            ],
            [
              -121.2169876,
              37.6915416
            ],
            [
              -121.2259355,
              37.6968221
            ],
            [
              -121.2333063,
              37.7008374
            ],
            [
              -121.2387028,
              37.7009478
            ],
            [
              -121.2418142,
              37.6961599
            ],
            [
              -121.2437668,
              37.6937149
            ],
            [
              -121.2465563,
              37.6912359
            ],
            [
              -121.2506332,
              37.6885531
            ],
            [
              -121.2483799,
              37.6869061
            ],
            [
              -121.2429833,
              37.686541
            ],
            [
              -121.2403495,
              37.6854584
            ],
            [
              -121.2383165,
              37.6839002
            ],
            [
              -121.2384452,
              37.683221
            ],
            [
              -121.2429084,
              37.6780244
            ],
            [
              -121.2431231,
              37.6733031
            ],
            [
              -121.2422647,
              37.6707894
            ]
          ]
        ],
        "type": "Polygon"
      },
      "id": "12pIzSEWaFB7oKf8CyTs4Ubweu52hngAB",
      "properties": {
        "area_sq_km": 7.575,
        "doc_description": ">North to Avenue D & Division Rd., >South to San Joaquin and Stanislaus Rivers, > East to Stanislaus River / Ave D, >West to Two Rivers Rd., Division Rd., and Airport Way",
        "doc_name": "SC8B- Portion of Rural South County - Division Rd. Area",
        "fetched_at": "2026-07-27T10:51:55Z",
        "mid": "12pIzSEWaFB7oKf8CyTs4Ubweu52hngAB",
        "zone_code": "SC8B"
      },
      "type": "Feature"
    },
    {
      "geometry": {
        "coordinates": [
          [
            [
              -121.317403,
              37.8987367
            ],
            [
              -121.3171778,
              37.8989907
            ],
            [
              -121.3169417,
              37.8991939
            ],
            [
              -121.3167271,
              37.8995833
            ],
            [
              -121.3164267,
              37.9000066
            ],
            [
              -121.3162122,
              37.9003453
            ],
            [
              -121.3160191,
              37.9007685
            ],
            [
              -121.315783,
              37.9011411
            ],
            [
              -121.3155898,
              37.9015644
            ],
            [
              -121.3153323,
              37.902157
            ],
            [
              -121.3149247,
              37.9028511
            ],
            [
              -121.3142703,
              37.9038162
            ],
            [
              -121.3134334,
              37.9052891
            ],
            [
              -121.3124678,
              37.9067791
            ],
            [
              -121.3160298,
              37.9081843
            ],
            [
              -121.3175318,
              37.9089292
            ],
            [
              -121.3187549,
              37.9094032
            ],
            [
              -121.3175318,
              37.9115702
            ],
            [
              -121.3166092,
              37.9124422
            ],
            [
              -121.3149462,
              37.9131828
            ],
            [
              -121.3126019,
              37.9134601
            ],
            [
              -121.3126395,
              37.9157347
            ],
            [
              -121.3207076,
              37.9158532
            ],
            [
              -121.322274,
              37.914448
            ],
            [
              -121.3233683,
              37.9133647
            ],
            [
              -121.3244412,
              37.910419
            ],
            [
              -121.3242266,
              37.9078964
            ],
            [
              -121.3242052,
              37.9072701
            ],
            [
              -121.3226602,
              37.905577
            ],
            [
              -121.3228962,
              37.9047136
            ],
            [
              -121.32457,
              37.9032913
            ],
            [
              -121.3255141,
              37.9022416
            ],
            [
              -121.3255784,
              37.9002267
            ],
            [
              -121.3267371,
              37.8971789
            ],
            [
              -121.3186261,
              37.8972128
            ],
            [
              -121.3177249,
              37.898178
            ],
            [
              -121.317403,
              37.8987367
            ]
          ]
        ],
        "type": "Polygon"
      },
      "id": "12rbG343j-GoSbd-5aGSsHkRDEHCMtZY",
      "properties": {
        "area_sq_km": 1.5906,
        "doc_description": ">North to Watercourse St., >South to French Camp Rd., >East to Pissarro Dr., >West to San Joaquin River",
        "doc_name": "S55b-  Southwest Stockton- Weston Ranch area: West block",
        "fetched_at": "2026-07-27T10:51:56Z",
        "mid": "12rbG343j-GoSbd-5aGSsHkRDEHCMtZY",
        "zone_code": "S55b"
      },
      "type": "Feature"
    },
    {
      "geometry": {
        "coordinates": [
          [
            [
              -120.9983138,
              37.8496064
            ],
            [
              -120.9987,
              37.849742
            ],
            [
              -120.9980563,
              37.8272715
            ],
            [
              -120.9790018,
              37.827136
            ],
            [
              -120.9797743,
              37.8496742
            ],
            [
              -120.9983138,
              37.8496064
            ]
          ]
        ],
        "type": "Polygon"
      },
      "id": "12rjOlHFtjMkuictI7DSJzQio0uk6nz5w",
      "properties": {
        "area_sq_km": 4.1599,
        "doc_description": ">North to Dove Rd., >South to Lone Tree Rd., >East to Campbell Rd., >West to Escalon Bellota Rd.",
        "doc_name": "E30- Portion of Rural North Escalon",
        "fetched_at": "2026-07-27T10:51:57Z",
        "mid": "12rjOlHFtjMkuictI7DSJzQio0uk6nz5w",
        "zone_code": "E30"
      },
      "type": "Feature"
    },
    {
      "geometry": {
        "coordinates": [
          [
            [
              -121.2678745,
              37.6816999
            ],
            [
              -121.2403228,
              37.6557468
            ],
            [
              -121.1893394,
              37.6937561
            ],
            [
              -121.2064197,
              37.7101902
            ],
            [
              -121.2147453,
              37.7052671
            ],
            [
              -121.2384346,
              37.7052671
            ],
            [
              -121.2678745,
              37.6816999
            ]
          ]
        ],
        "type": "Polygon"
      },
      "id": "12xGTjMvjqDwBQMDtDtlF2g9AWg2rrrg",
      "properties": {
        "area_sq_km": 21.3314,
        "doc_description": "Rural South Manteca",
        "doc_name": "M14- Rural South Manteca",
        "fetched_at": "2026-07-27T10:51:57Z",
        "mid": "12xGTjMvjqDwBQMDtDtlF2g9AWg2rrrg",
        "zone_code": "M14"
      },
      "type": "Feature"
    },
    {
      "geometry": {
        "coordinates": [
          [
            [
              -121.3672076,
              37.9409962
            ],
            [
              -121.3670789,
              37.9269492
            ],
            [
              -121.3369952,
              37.9268815
            ],
            [
              -121.3350211,
              37.9269153
            ],
            [
              -121.3336478,
              37.9270846
            ],
            [
              -121.332575,
              37.9273554
            ],
            [
              -121.3315021,
              37.9275924
            ],
            [
              -121.3300859,
              37.9280663
            ],
            [
              -121.3286697,
              37.9284048
            ],
            [
              -121.3281976,
              37.9287094
            ],
            [
              -121.3282834,
              37.9294541
            ],
            [
              -121.3279401,
              37.9304019
            ],
            [
              -121.3281547,
              37.9316544
            ],
            [
              -121.3284122,
              37.9326698
            ],
            [
              -121.3289701,
              37.9335838
            ],
            [
              -121.3293134,
              37.9342607
            ],
            [
              -121.3300859,
              37.934633
            ],
            [
              -121.3306438,
              37.9349715
            ],
            [
              -121.331545,
              37.9351746
            ],
            [
              -121.332532,
              37.9354115
            ],
            [
              -121.3332616,
              37.9354115
            ],
            [
              -121.3336049,
              37.9355131
            ],
            [
              -121.3343345,
              37.93619
            ],
            [
              -121.3349353,
              37.9369347
            ],
            [
              -121.3356219,
              37.9377131
            ],
            [
              -121.3363944,
              37.9383901
            ],
            [
              -121.3373815,
              37.9387624
            ],
            [
              -121.3382827,
              37.9388978
            ],
            [
              -121.3393127,
              37.9388639
            ],
            [
              -121.3405572,
              37.9388978
            ],
            [
              -121.3418447,
              37.9386947
            ],
            [
              -121.3429176,
              37.9385931
            ],
            [
              -121.3436471,
              37.9391347
            ],
            [
              -121.3448058,
              37.9402854
            ],
            [
              -121.3455354,
              37.9411316
            ],
            [
              -121.3461791,
              37.9418761
            ],
            [
              -121.346222,
              37.942553
            ],
            [
              -121.3456212,
              37.942993
            ],
            [
              -121.3446342,
              37.9432299
            ],
            [
              -121.3423167,
              37.9444483
            ],
            [
              -121.3412439,
              37.9461066
            ],
            [
              -121.3410293,
              37.9465127
            ],
            [
              -121.3393985,
              37.9470203
            ],
            [
              -121.3390981,
              37.9471895
            ],
            [
              -121.3399993,
              37.9483063
            ],
            [
              -121.3410293,
              37.9480017
            ],
            [
              -121.343175,
              37.9484417
            ],
            [
              -121.3559209,
              37.9483402
            ],
            [
              -121.3569509,
              37.947731
            ],
            [
              -121.3577663,
              37.9472572
            ],
            [
              -121.3583242,
              37.946445
            ],
            [
              -121.3586246,
              37.9458358
            ],
            [
              -121.3587104,
              37.9452267
            ],
            [
              -121.3588821,
              37.9443129
            ],
            [
              -121.3590966,
              37.9436022
            ],
            [
              -121.3591396,
              37.9427899
            ],
            [
              -121.3591396,
              37.9419777
            ],
            [
              -121.3589679,
              37.9411992
            ],
            [
              -121.3588391,
              37.9406916
            ],
            [
              -121.3598262,
              37.9406577
            ],
            [
              -121.3607274,
              37.9410977
            ],
            [
              -121.3612853,
              37.9414362
            ],
            [
              -121.361972,
              37.9414023
            ],
            [
              -121.3627015,
              37.9410977
            ],
            [
              -121.3634311,
              37.9409962
            ],
            [
              -121.3641606,
              37.9407931
            ],
            [
              -121.3651906,
              37.9408608
            ],
            [
              -121.3662206,
              37.94103
            ],
            [
              -121.3669501,
              37.9413008
            ],
            [
              -121.3672076,
              37.9409962
            ]
          ]
        ],
        "type": "Polygon"
      },
      "id": "134sCWfwJN0E8N0HsTZ0lowUkSpiL6Fw",
      "properties": {
        "area_sq_km": 5.8175,
        "doc_description": "South East Stockton including a portion of Stockton Port and Stockton Waste Water Facility",
        "doc_name": "S39- South East Stockton",
        "fetched_at": "2026-07-27T10:51:58Z",
        "mid": "134sCWfwJN0E8N0HsTZ0lowUkSpiL6Fw",
        "zone_code": "S39"
      },
      "type": "Feature"
    },
    {
      "geometry": {
        "coordinates": [
          [
            [
              -121.4905146,
              37.7578498
            ],
            [
              -121.4841632,
              37.7538461
            ],
            [
              -121.4645938,
              37.753914
            ],
            [
              -121.4436511,
              37.7626676
            ],
            [
              -121.4349822,
              37.7633461
            ],
            [
              -121.4351538,
              37.7832245
            ],
            [
              -121.4639071,
              37.7831566
            ],
            [
              -121.4638213,
              37.7807145
            ],
            [
              -121.4907721,
              37.7805789
            ],
            [
              -121.4905146,
              37.7578498
            ]
          ]
        ],
        "type": "Polygon"
      },
      "id": "13Mq_i6MzHtjRMN6hco5Yv2bWqc2hDrSr",
      "properties": {
        "area_sq_km": 13.4599,
        "doc_description": ">North to Bethany Rd., >South to HWY 205 and W. Grant Line Rd., >East to N. Tracy Blvd., >West to San Jose Rd",
        "doc_name": "T21- A Portion of Rural Northwest Tracy",
        "fetched_at": "2026-07-27T10:51:59Z",
        "mid": "13Mq_i6MzHtjRMN6hco5Yv2bWqc2hDrSr",
        "zone_code": "T21"
      },
      "type": "Feature"
    },
    {
      "geometry": {
        "coordinates": [
          [
            [
              -121.2597306,
              37.659822
            ],
            [
              -121.2475426,
              37.6629475
            ],
            [
              -121.2406762,
              37.6652576
            ],
            [
              -121.2348397,
              37.6641705
            ],
            [
              -121.2337239,
              37.6632193
            ],
            [
              -121.2314065,
              37.6630834
            ],
            [
              -121.2296899,
              37.6642385
            ],
            [
              -121.230634,
              37.6670921
            ],
            [
              -121.2295182,
              37.669402
            ],
            [
              -121.2264283,
              37.6700135
            ],
            [
              -121.2227376,
              37.6702173
            ],
            [
              -121.2215359,
              37.6715761
            ],
            [
              -121.2233384,
              37.6765353
            ],
            [
              -121.2229951,
              37.6791846
            ],
            [
              -121.224025,
              37.6832604
            ],
            [
              -121.2233384,
              37.6843472
            ],
            [
              -121.2218793,
              37.6833283
            ],
            [
              -121.2171586,
              37.6875396
            ],
            [
              -121.2162144,
              37.6876754
            ],
            [
              -121.2125237,
              37.6865887
            ],
            [
              -121.2114938,
              37.6861811
            ],
            [
              -121.209348,
              37.6866566
            ],
            [
              -121.2061723,
              37.6916149
            ],
            [
              -121.2074597,
              37.6943316
            ],
            [
              -121.2054856,
              37.6954861
            ],
            [
              -121.2047131,
              37.6945353
            ],
            [
              -121.2035115,
              37.6946711
            ],
            [
              -121.2023099,
              37.6968444
            ],
            [
              -121.1973317,
              37.6972519
            ],
            [
              -121.1920102,
              37.6959615
            ],
            [
              -121.1841996,
              37.6991535
            ],
            [
              -121.1960013,
              37.7192188
            ],
            [
              -121.2239607,
              37.69951
            ],
            [
              -121.233402,
              37.7067083
            ],
            [
              -121.2864454,
              37.6842623
            ],
            [
              -121.2597306,
              37.659822
            ]
          ]
        ],
        "type": "Polygon"
      },
      "id": "13QUtAmJhwPBN2_QIzk0OUIBxff2F7BA",
      "properties": {
        "area_sq_km": 24.5625,
        "doc_description": null,
        "doc_name": "SC16- Portion of Rural South County:",
        "fetched_at": "2026-07-27T10:52:00Z",
        "mid": "13QUtAmJhwPBN2_QIzk0OUIBxff2F7BA",
        "zone_code": "SC16"
      },
      "type": "Feature"
    },
    {
      "geometry": {
        "coordinates": [
          [
            [
              -121.2264564,
              37.819026
            ],
            [
              -121.2262311,
              37.811864
            ],
            [
              -121.2190965,
              37.8118725
            ],
            [
              -121.2182917,
              37.8118641
            ],
            [
              -121.2177768,
              37.8118641
            ],
            [
              -121.2172028,
              37.8119234
            ],
            [
              -121.2172725,
              37.8161528
            ],
            [
              -121.2173154,
              37.8174242
            ],
            [
              -121.2174227,
              37.8177123
            ],
            [
              -121.217412,
              37.8183734
            ],
            [
              -121.217809,
              37.8183734
            ],
            [
              -121.2181308,
              37.8183734
            ],
            [
              -121.21856,
              37.8184327
            ],
            [
              -121.2187853,
              37.8185514
            ],
            [
              -121.2190857,
              37.8186361
            ],
            [
              -121.2193754,
              37.8188904
            ],
            [
              -121.2198153,
              37.819026
            ],
            [
              -121.2204268,
              37.8190599
            ],
            [
              -121.2264564,
              37.819026
            ]
          ]
        ],
        "type": "Polygon"
      },
      "id": "13VZA6FcT0ea3XWlNphDnqiCr_mfVXNY",
      "properties": {
        "area_sq_km": 0.6236,
        "doc_description": ">North to Northgate Dr., >South to W. Louise Ave., Joseph Dr., East to N. Main St., >West to Tidewater Park",
        "doc_name": "M19C-Portion of East Manteca",
        "fetched_at": "2026-07-27T10:52:00Z",
        "mid": "13VZA6FcT0ea3XWlNphDnqiCr_mfVXNY",
        "zone_code": "M19C"
      },
      "type": "Feature"
    },
    {
      "geometry": {
        "coordinates": [
          [
            [
              -121.3255207,
              37.9023455
            ],
            [
              -121.3151005,
              37.9021555
            ],
            [
              -121.3148001,
              37.9029174
            ],
            [
              -121.3142851,
              37.9034254
            ],
            [
              -121.3135127,
              37.9050338
            ],
            [
              -121.3128689,
              37.9057788
            ],
            [
              -121.3116458,
              37.9071501
            ],
            [
              -121.3111094,
              37.9081998
            ],
            [
              -121.3105086,
              37.9095542
            ],
            [
              -121.3092211,
              37.9114164
            ],
            [
              -121.3066033,
              37.9149038
            ],
            [
              -121.3076679,
              37.9155846
            ],
            [
              -121.315221,
              37.9158216
            ],
            [
              -121.3201133,
              37.9159232
            ],
            [
              -121.3211433,
              37.9157878
            ],
            [
              -121.3222162,
              37.9146028
            ],
            [
              -121.323332,
              37.9136548
            ],
            [
              -121.3234607,
              37.9126052
            ],
            [
              -121.323847,
              37.9114879
            ],
            [
              -121.3240186,
              37.9099981
            ],
            [
              -121.3241044,
              37.9089484
            ],
            [
              -121.3241044,
              37.9076279
            ],
            [
              -121.323332,
              37.9065444
            ],
            [
              -121.3225166,
              37.905901
            ],
            [
              -121.3229028,
              37.9046143
            ],
            [
              -121.3244907,
              37.9034968
            ],
            [
              -121.3255207,
              37.9023455
            ]
          ]
        ],
        "type": "Polygon"
      },
      "id": "141wXSX8pP0hK6iMBlJByeiQ4gWyQ8AE",
      "properties": {
        "area_sq_km": 1.6869,
        "doc_description": ">North to Watercourse St., >South to Henry Long Blvd, >East to Weston Ranch San Joaquin Trail/Green Belt, >West to San Joaquin River",
        "doc_name": "S52- Portion of Southwest Stockton",
        "fetched_at": "2026-07-27T10:52:01Z",
        "mid": "141wXSX8pP0hK6iMBlJByeiQ4gWyQ8AE",
        "zone_code": "S52"
      },
      "type": "Feature"
    },
    {
      "geometry": {
        "coordinates": [
          [
            [
              -120.9968149,
              37.8101223
            ],
            [
              -120.9973942,
              37.8101731
            ],
            [
              -120.9969222,
              37.797305
            ],
            [
              -120.9954845,
              37.7965759
            ],
            [
              -120.9936177,
              37.7952534
            ],
            [
              -120.9929954,
              37.795779
            ],
            [
              -120.9913432,
              37.7943547
            ],
            [
              -120.9881461,
              37.7921842
            ],
            [
              -120.9873521,
              37.7917095
            ],
            [
              -120.9840261,
              37.7916077
            ],
            [
              -120.9840262,
              37.7941173
            ],
            [
              -120.9781039,
              37.7940494
            ],
            [
              -120.9782219,
              37.7988394
            ],
            [
              -120.9790694,
              37.8002552
            ],
            [
              -120.9791338,
              37.8098849
            ],
            [
              -120.9968149,
              37.8101223
            ]
          ]
        ],
        "type": "Polygon"
      },
      "id": "14ZuypHnp_2Po9DouPe7lPPXtRhiaYP4i",
      "properties": {
        "area_sq_km": 2.8739,
        "doc_description": ">North to Mahon Rd., >South to Coley Ave. & Jackson Ave., > East to Campbell Ave., >West to Escalon-Bellota Rd. & Coley Ave.",
        "doc_name": "E18c- Portion of North Escalon Area",
        "fetched_at": "2026-07-27T10:52:02Z",
        "mid": "14ZuypHnp_2Po9DouPe7lPPXtRhiaYP4i",
        "zone_code": "E18c"
      },
      "type": "Feature"
    },
    {
      "geometry": {
        "coordinates": [
          [
            [
              -121.2172827,
              37.8120165
            ],
            [
              -121.2170038,
              37.8065747
            ],
            [
              -121.207541,
              37.806473
            ],
            [
              -121.2071762,
              37.8063713
            ],
            [
              -121.2061462,
              37.8063543
            ],
            [
              -121.2045798,
              37.8063204
            ],
            [
              -121.2022195,
              37.806473
            ],
            [
              -121.2006531,
              37.8069307
            ],
            [
              -121.1995587,
              37.8076258
            ],
            [
              -121.2049446,
              37.8120504
            ],
            [
              -121.2172827,
              37.8120165
            ]
          ]
        ],
        "type": "Polygon"
      },
      "id": "14jdGnqlx8VOT2COIPelpfo-xCSqRoAg",
      "properties": {
        "area_sq_km": 0.8278,
        "doc_description": ">North to Louise Ave., >South to E. Edison St, >East to Hwy 99, >West to N. Main St.",
        "doc_name": "M33B- Portion of East Manteca",
        "fetched_at": "2026-07-27T10:52:03Z",
        "mid": "14jdGnqlx8VOT2COIPelpfo-xCSqRoAg",
        "zone_code": "M33B"
      },
      "type": "Feature"
    },
    {
      "geometry": {
        "coordinates": [
          [
            [
              -121.4331431,
              38.2319544
            ],
            [
              -121.4330358,
              38.2040368
            ],
            [
              -121.4090032,
              38.2038007
            ],
            [
              -121.409604,
              38.2179632
            ],
            [
              -121.4186163,
              38.2246726
            ],
            [
              -121.4190025,
              38.2321567
            ],
            [
              -121.4285297,
              38.2319881
            ],
            [
              -121.4331431,
              38.2319544
            ]
          ]
        ],
        "type": "Polygon"
      },
      "id": "14kuLQkUBpE4Cc5VUL8qn4sgI_ap6t6zg",
      "properties": {
        "area_sq_km": 5.504,
        "doc_description": ">North to N. New Hope Rd., >South to W. Kile Rd., >East to Kile Rd., >West to 1/2 mile East of Blossom Rd.",
        "doc_name": "TH-1 Thornton Area",
        "fetched_at": "2026-07-27T10:52:03Z",
        "mid": "14kuLQkUBpE4Cc5VUL8qn4sgI_ap6t6zg",
        "zone_code": "TH-1"
      },
      "type": "Feature"
    },
    {
      "geometry": {
        "coordinates": [
          [
            [
              -121.1475174,
              37.7396007
            ],
            [
              -121.1646835,
              37.7396007
            ],
            [
              -121.2836448,
              37.6821562
            ],
            [
              -121.2445061,
              37.6585136
            ],
            [
              -121.2197868,
              37.6714228
            ],
            [
              -121.2223617,
              37.6821562
            ],
            [
              -121.215152,
              37.6860959
            ],
            [
              -121.2094871,
              37.6854166
            ],
            [
              -121.2058822,
              37.6916654
            ],
            [
              -121.1748115,
              37.7029391
            ],
            [
              -121.1681167,
              37.6995436
            ],
            [
              -121.1470024,
              37.7287399
            ],
            [
              -121.1475174,
              37.7396007
            ]
          ]
        ],
        "type": "Polygon"
      },
      "id": "14tOWxS1vaMrc3vGP7SQAnFcsaY3hNNBH",
      "properties": {
        "area_sq_km": 38.8553,
        "doc_description": null,
        "doc_name": "SC14-West Ripon & Rural South County including SJ River Club",
        "fetched_at": "2026-07-27T10:52:04Z",
        "mid": "14tOWxS1vaMrc3vGP7SQAnFcsaY3hNNBH",
        "zone_code": "SC14"
      },
      "type": "Feature"
    },
    {
      "geometry": {
        "coordinates": [
          [
            [
              -121.1831562,
              37.7223435
            ],
            [
              -121.2572007,
              37.6795791
            ],
            [
              -121.2611845,
              37.6787766
            ],
            [
              -121.2646001,
              37.676016
            ],
            [
              -121.2633611,
              37.6748407
            ],
            [
              -121.2621586,
              37.6733462
            ],
            [
              -121.2561937,
              37.6701872
            ],
            [
              -121.2523755,
              37.6671643
            ],
            [
              -121.2498009,
              37.6632236
            ],
            [
              -121.2471832,
              37.6628839
            ],
            [
              -121.2462607,
              37.6649564
            ],
            [
              -121.2464003,
              37.6676911
            ],
            [
              -121.2467274,
              37.6707569
            ],
            [
              -121.2456035,
              37.6735804
            ],
            [
              -121.2440115,
              37.6734974
            ],
            [
              -121.2395878,
              37.6651943
            ],
            [
              -121.2369275,
              37.66533
            ],
            [
              -121.2357264,
              37.6641749
            ],
            [
              -121.2334515,
              37.6634274
            ],
            [
              -121.2312841,
              37.6631895
            ],
            [
              -121.2293421,
              37.663682
            ],
            [
              -121.2297173,
              37.6678434
            ],
            [
              -121.2288161,
              37.6696776
            ],
            [
              -121.2273355,
              37.6698474
            ],
            [
              -121.2250825,
              37.6701532
            ],
            [
              -121.2235804,
              37.6706286
            ],
            [
              -121.2217994,
              37.6715458
            ],
            [
              -121.2227971,
              37.6748577
            ],
            [
              -121.2231084,
              37.6772184
            ],
            [
              -121.2231942,
              37.6791202
            ],
            [
              -121.2233659,
              37.6802071
            ],
            [
              -121.2234089,
              37.6825845
            ],
            [
              -121.2237738,
              37.6844524
            ],
            [
              -121.2215637,
              37.6841467
            ],
            [
              -121.2193322,
              37.6861845
            ],
            [
              -121.2180449,
              37.6873392
            ],
            [
              -121.2165,
              37.688426
            ],
            [
              -121.2145689,
              37.6872372
            ],
            [
              -121.2110928,
              37.6867956
            ],
            [
              -121.2092045,
              37.6870332
            ],
            [
              -121.2080887,
              37.6888331
            ],
            [
              -121.2069732,
              37.6908028
            ],
            [
              -121.2057716,
              37.6926365
            ],
            [
              -121.2073168,
              37.6946402
            ],
            [
              -121.2030252,
              37.6960495
            ],
            [
              -121.2004503,
              37.6968899
            ],
            [
              -121.1985622,
              37.6969153
            ],
            [
              -121.1980257,
              37.6972549
            ],
            [
              -121.1973498,
              37.6970851
            ],
            [
              -121.1957298,
              37.6963041
            ],
            [
              -121.1949146,
              37.6960326
            ],
            [
              -121.1945928,
              37.695625
            ],
            [
              -121.1903229,
              37.6951496
            ],
            [
              -121.1884346,
              37.6967792
            ],
            [
              -121.1841432,
              37.6996314
            ],
            [
              -121.1818035,
              37.7027037
            ],
            [
              -121.1796037,
              37.7070242
            ],
            [
              -121.1792064,
              37.7105295
            ],
            [
              -121.1777586,
              37.7164352
            ],
            [
              -121.1779678,
              37.7245476
            ],
            [
              -121.1831562,
              37.7223435
            ]
          ]
        ],
        "type": "Polygon"
      },
      "id": "14yRwQfb4gCxBGLbuPDUtClMvFosdVN6A",
      "properties": {
        "area_sq_km": 15.7895,
        "doc_description": "Rural South County- South of Manteca to San Joaquin and Stanislaus Rivers and East to Austin Rd.",
        "doc_name": "SC10- Portion of Rural South County",
        "fetched_at": "2026-07-27T10:52:05Z",
        "mid": "14yRwQfb4gCxBGLbuPDUtClMvFosdVN6A",
        "zone_code": "SC10"
      },
      "type": "Feature"
    },
    {
      "geometry": {
        "coordinates": [
          [
            [
              -121.3739666,
              38.0378299
            ],
            [
              -121.4212593,
              38.0449278
            ],
            [
              -121.4231476,
              37.9969878
            ],
            [
              -121.3737092,
              37.9806853
            ],
            [
              -121.3739666,
              38.0378299
            ]
          ]
        ],
        "type": "Polygon"
      },
      "id": "151h4otrEYfexJiUy3PTMbUXzy7KvxVeE",
      "properties": {
        "area_sq_km": 24.8479,
        "doc_description": "Portions of Shima Tract, Rindge Tract, Wright Tract",
        "doc_name": "D3- Shima, Ridge and Wright Tract",
        "fetched_at": "2026-07-27T10:52:05Z",
        "mid": "151h4otrEYfexJiUy3PTMbUXzy7KvxVeE",
        "zone_code": "D3"
      },
      "type": "Feature"
    },
    {
      "geometry": {
        "coordinates": [
          [
            [
              -121.1332264,
              38.1023738
            ],
            [
              -121.0960617,
              38.1033193
            ],
            [
              -121.0962334,
              38.1329297
            ],
            [
              -121.1336127,
              38.1320857
            ],
            [
              -121.1338701,
              38.1023062
            ],
            [
              -121.1332264,
              38.1023738
            ]
          ]
        ],
        "type": "Polygon"
      },
      "id": "152qbbYUgMZxcmP-6JmeRi_fpS--LCjs",
      "properties": {
        "area_sq_km": 10.8497,
        "doc_description": ">North to Sargent Rd., >South to Harney Ln., >East to Atkins Rd., >West to Tully Rd.",
        "doc_name": "L21- Portion of Rural East Lodi",
        "fetched_at": "2026-07-27T10:52:06Z",
        "mid": "152qbbYUgMZxcmP-6JmeRi_fpS--LCjs",
        "zone_code": "L21"
      },
      "type": "Feature"
    },
    {
      "geometry": {
        "coordinates": [
          [
            [
              -121.2017126,
              37.739713
            ],
            [
              -121.2343711,
              37.739679
            ],
            [
              -121.2343712,
              37.7205359
            ],
            [
              -121.1997814,
              37.7208074
            ],
            [
              -121.2002535,
              37.7398827
            ],
            [
              -121.2017126,
              37.739713
            ]
          ]
        ],
        "type": "Polygon"
      },
      "id": "15K9q3nAGaeY5piAMGFdsn9jSOTM6aTmC",
      "properties": {
        "area_sq_km": 6.3933,
        "doc_description": ">North to W. Ripon Rd., >South to Melton Rd., >East to Brown Rd., >West to S. Union Rd.",
        "doc_name": "M5- Portion of Rural South Manteca",
        "fetched_at": "2026-07-27T10:52:07Z",
        "mid": "15K9q3nAGaeY5piAMGFdsn9jSOTM6aTmC",
        "zone_code": "M5"
      },
      "type": "Feature"
    },
    {
      "geometry": {
        "coordinates": [
          [
            [
              -121.4975275,
              38.0277182
            ],
            [
              -121.512462,
              37.9727983
            ],
            [
              -121.4623369,
              37.9699565
            ],
            [
              -121.4546121,
              38.0285295
            ],
            [
              -121.4975275,
              38.0277182
            ]
          ]
        ],
        "type": "Polygon"
      },
      "id": "15KNjPPXo7DhP5Z9R9_tVZ8eC8h7X3iC8",
      "properties": {
        "area_sq_km": 25.833,
        "doc_description": "Delta: Portions of McDonald Island, Rindge Tract, and Lower Roberts Island",
        "doc_name": "D27- Delta: Portions of McDonald Island, Rindge Tract, and Lower Roberts Island",
        "fetched_at": "2026-07-27T10:52:08Z",
        "mid": "15KNjPPXo7DhP5Z9R9_tVZ8eC8h7X3iC8",
        "zone_code": "D27"
      },
      "type": "Feature"
    },
    {
      "geometry": {
        "coordinates": [
          [
            [
              -121.2121758,
              37.8120504
            ],
            [
              -121.2119398,
              37.806473
            ],
            [
              -121.207541,
              37.806473
            ],
            [
              -121.2071762,
              37.8063713
            ],
            [
              -121.2061462,
              37.8063543
            ],
            [
              -121.2045798,
              37.8063204
            ],
            [
              -121.2022195,
              37.806473
            ],
            [
              -121.2006531,
              37.8069307
            ],
            [
              -121.1995587,
              37.8076258
            ],
            [
              -121.2049446,
              37.8120504
            ],
            [
              -121.2121758,
              37.8120504
            ]
          ]
        ],
        "type": "Polygon"
      },
      "id": "15bOy3x_cG06L0SZqzuAC4kzD5PQsKB8",
      "properties": {
        "area_sq_km": 0.5576,
        "doc_description": ">North to Louise Ave., >South to E. Edison St, >East to Hwy 99, >West to Garden Gate Dr.",
        "doc_name": "M33- Portion of East Manteca",
        "fetched_at": "2026-07-27T10:52:09Z",
        "mid": "15bOy3x_cG06L0SZqzuAC4kzD5PQsKB8",
        "zone_code": "M33"
      },
      "type": "Feature"
    },
    {
      "geometry": {
        "coordinates": [
          [
            [
              -120.9788802,
              37.8178102
            ],
            [
              -120.9976342,
              37.8177763
            ],
            [
              -120.9973983,
              37.8132458
            ],
            [
              -121.0017113,
              37.8131904
            ],
            [
              -121.0014966,
              37.8067738
            ],
            [
              -120.9971191,
              37.8067146
            ],
            [
              -120.9968618,
              37.7970425
            ],
            [
              -120.9959176,
              37.7970086
            ],
            [
              -120.9952738,
              37.7966525
            ],
            [
              -120.9926775,
              37.7965509
            ],
            [
              -120.992302,
              37.7964153
            ],
            [
              -120.9869483,
              37.7979412
            ],
            [
              -120.9849742,
              37.7985176
            ],
            [
              -120.9781936,
              37.7985176
            ],
            [
              -120.9790519,
              37.8005183
            ],
            [
              -120.9791806,
              37.8132333
            ],
            [
              -120.9784082,
              37.8138436
            ],
            [
              -120.9785369,
              37.817878
            ],
            [
              -120.9788802,
              37.8178102
            ]
          ]
        ],
        "type": "Polygon"
      },
      "id": "15mHQtKGVom7346kAgjYQ-pLKF92-EfAa",
      "properties": {
        "area_sq_km": 3.8755,
        "doc_description": "> North to Magnolia Rd., > South to Yosemite Ave., > East to Campbell Ave., >West to Escalon-Bellota Rd. Including Escalon Golf Course.",
        "doc_name": "E44a- Portion of North Escalon",
        "fetched_at": "2026-07-27T10:52:09Z",
        "mid": "15mHQtKGVom7346kAgjYQ-pLKF92-EfAa",
        "zone_code": "E44a"
      },
      "type": "Feature"
    },
    {
      "geometry": {
        "coordinates": [
          [
            [
              -121.2531762,
              37.8120691
            ],
            [
              -121.2534552,
              37.8119505
            ],
            [
              -121.2528114,
              37.8016089
            ],
            [
              -121.2481766,
              37.8014394
            ],
            [
              -121.2401085,
              37.8011681
            ],
            [
              -121.2350874,
              37.8009985
            ],
            [
              -121.2346153,
              37.8008629
            ],
            [
              -121.2346154,
              37.8041859
            ],
            [
              -121.2447648,
              37.8122047
            ],
            [
              -121.2531762,
              37.8120691
            ]
          ]
        ],
        "type": "Polygon"
      },
      "id": "16BxBJhBkjvFw_bUnoe1MJsOQ_2MtlHQ",
      "properties": {
        "area_sq_km": 1.5707,
        "doc_description": ">North to Louise Ave., >South to the southern part of Manteca Golf Course., >East Foxfire Dr. and Union Rd.,  >West  to N. Airport Way",
        "doc_name": "M23B- Portion of West Manteca",
        "fetched_at": "2026-07-27T10:52:10Z",
        "mid": "16BxBJhBkjvFw_bUnoe1MJsOQ_2MtlHQ",
        "zone_code": "M23B"
      },
      "type": "Feature"
    },
    {
      "geometry": {
        "coordinates": [
          [
            [
              -121.150604,
              38.1187006
            ],
            [
              -121.1573518,
              38.1177514
            ],
            [
              -121.1670078,
              38.1168736
            ],
            [
              -121.1673302,
              38.0837096
            ],
            [
              -121.1504752,
              38.083849
            ],
            [
              -121.150604,
              38.1187006
            ]
          ]
        ],
        "type": "Polygon"
      },
      "id": "16_lYcyvjPL2kIYFjBYw5h-_JXxaV1y4",
      "properties": {
        "area_sq_km": 5.4858,
        "doc_description": ">North to Kettleman Ln., >South to Tokay Colony Rd., >East to Jack Tone Rd., >West to Hibbard Rd.",
        "doc_name": "L22- Portion of Rural East Lodi",
        "fetched_at": "2026-07-27T10:52:11Z",
        "mid": "16_lYcyvjPL2kIYFjBYw5h-_JXxaV1y4",
        "zone_code": "L22"
      },
      "type": "Feature"
    },
    {
      "geometry": {
        "coordinates": [
          [
            [
              -121.4707899,
              37.7508862
            ],
            [
              -121.4699102,
              37.7497834
            ],
            [
              -121.4675283,
              37.7487654
            ],
            [
              -121.4649534,
              37.7477813
            ],
            [
              -121.4632367,
              37.7470856
            ],
            [
              -121.4610695,
              37.7470517
            ],
            [
              -121.4599108,
              37.7470687
            ],
            [
              -121.4597391,
              37.7470687
            ],
            [
              -121.4599108,
              37.7525319
            ],
            [
              -121.4592671,
              37.7530748
            ],
            [
              -121.4587521,
              37.7537873
            ],
            [
              -121.4583444,
              37.755908
            ],
            [
              -121.4707899,
              37.7508862
            ]
          ]
        ],
        "type": "Polygon"
      },
      "id": "16dV6sWWpfXuDXUIPsSWDZVr1SUPjDcM",
      "properties": {
        "area_sq_km": 0.5596,
        "doc_description": ">North to I-205, >South to W. Lowell Ave., >East to W. Lowell Ave., > West to Foothill Vista Dr. & Joe Pombo Pkwy.",
        "doc_name": "T28 Portion of Northwest Tracy",
        "fetched_at": "2026-07-27T10:52:12Z",
        "mid": "16dV6sWWpfXuDXUIPsSWDZVr1SUPjDcM",
        "zone_code": "T28"
      },
      "type": "Feature"
    },
    {
      "geometry": {
        "coordinates": [
          [
            [
              -121.4176187,
              38.0583378
            ],
            [
              -121.4184771,
              38.0440429
            ],
            [
              -121.4170179,
              38.0435359
            ],
            [
              -121.4158592,
              38.0439753
            ],
            [
              -121.4146147,
              38.0438401
            ],
            [
              -121.4133272,
              38.0442457
            ],
            [
              -121.4116535,
              38.0433331
            ],
            [
              -121.4097223,
              38.0437049
            ],
            [
              -121.4070187,
              38.0449892
            ],
            [
              -121.4070187,
              38.0466791
            ],
            [
              -121.4061604,
              38.0470846
            ],
            [
              -121.3954315,
              38.0449892
            ],
            [
              -121.3887796,
              38.0452258
            ],
            [
              -121.3873634,
              38.0447188
            ],
            [
              -121.3852606,
              38.044685
            ],
            [
              -121.3835869,
              38.0454624
            ],
            [
              -121.3755188,
              38.0464087
            ],
            [
              -121.3712702,
              38.0462397
            ],
            [
              -121.371871,
              38.0472874
            ],
            [
              -121.3751755,
              38.0506331
            ],
            [
              -121.3753042,
              38.05408
            ],
            [
              -121.3761625,
              38.0565469
            ],
            [
              -121.3762484,
              38.0577634
            ],
            [
              -121.4065466,
              38.0579323
            ],
            [
              -121.4176187,
              38.0583378
            ]
          ]
        ],
        "type": "Polygon"
      },
      "id": "16uaUBGu4DvYpfaewQMyCxxJ90fVDSIw",
      "properties": {
        "area_sq_km": 5.3683,
        "doc_description": ">N to Eight Mile Rd., >S to White Slough, > E to Trinity Parkway, >W to Rio Blanco Rd.",
        "doc_name": "S60 - Portion of NW Stockton",
        "fetched_at": "2026-07-27T10:52:12Z",
        "mid": "16uaUBGu4DvYpfaewQMyCxxJ90fVDSIw",
        "zone_code": "S60"
      },
      "type": "Feature"
    },
    {
      "geometry": {
        "coordinates": [
          [
            [
              -121.4405564,
              37.9943462
            ],
            [
              -121.4439038,
              37.9959696
            ],
            [
              -121.4454058,
              37.9960711
            ],
            [
              -121.446822,
              37.9948874
            ],
            [
              -121.4486674,
              37.9932978
            ],
            [
              -121.4497403,
              37.9929596
            ],
            [
              -121.4511136,
              37.9927228
            ],
            [
              -121.4518002,
              37.9930949
            ],
            [
              -121.4521865,
              37.9930611
            ],
            [
              -121.4533023,
              37.9921479
            ],
            [
              -121.4550618,
              37.9911671
            ],
            [
              -121.4558343,
              37.9905921
            ],
            [
              -121.4569501,
              37.9896112
            ],
            [
              -121.45798,
              37.9891039
            ],
            [
              -121.4592246,
              37.9895774
            ],
            [
              -121.4601687,
              37.9894421
            ],
            [
              -121.4608124,
              37.9892392
            ],
            [
              -121.462057,
              37.9879877
            ],
            [
              -121.4631299,
              37.9873789
            ],
            [
              -121.4650182,
              37.987176
            ],
            [
              -121.4657477,
              37.987176
            ],
            [
              -121.4677647,
              37.9849774
            ],
            [
              -121.4688376,
              37.9839965
            ],
            [
              -121.4699963,
              37.9839288
            ],
            [
              -121.4720134,
              37.9832185
            ],
            [
              -121.4730433,
              37.9825758
            ],
            [
              -121.4731721,
              37.9823052
            ],
            [
              -121.4729146,
              37.9814257
            ],
            [
              -121.4730862,
              37.9808169
            ],
            [
              -121.4739445,
              37.9803095
            ],
            [
              -121.4745024,
              37.9799035
            ],
            [
              -121.4741162,
              37.9792946
            ],
            [
              -121.4738158,
              37.9786857
            ],
            [
              -121.4741162,
              37.9767914
            ],
            [
              -121.474202,
              37.9760133
            ],
            [
              -121.4730862,
              37.9745587
            ],
            [
              -121.4728073,
              37.9723935
            ],
            [
              -121.4730648,
              37.9706343
            ],
            [
              -121.4747814,
              37.9697547
            ],
            [
              -121.4757255,
              37.9693487
            ],
            [
              -121.4763263,
              37.9671158
            ],
            [
              -121.4750389,
              37.9668451
            ],
            [
              -121.4739231,
              37.9659655
            ],
            [
              -121.4700607,
              37.9633941
            ],
            [
              -121.4681724,
              37.9638001
            ],
            [
              -121.4681724,
              37.9648151
            ],
            [
              -121.4657692,
              37.9669128
            ],
            [
              -121.4645675,
              37.9665068
            ],
            [
              -121.4635376,
              37.9658301
            ],
            [
              -121.4640526,
              37.9647475
            ],
            [
              -121.4649109,
              37.9633264
            ],
            [
              -121.4647392,
              37.962379
            ],
            [
              -121.4639667,
              37.961973
            ],
            [
              -121.4626793,
              37.9620407
            ],
            [
              -121.4595035,
              37.9614993
            ],
            [
              -121.4584736,
              37.9608903
            ],
            [
              -121.4583019,
              37.9602812
            ],
            [
              -121.4578727,
              37.9594015
            ],
            [
              -121.4567569,
              37.9583187
            ],
            [
              -121.4555553,
              37.9577096
            ],
            [
              -121.454182,
              37.9566268
            ],
            [
              -121.4519504,
              37.9543258
            ],
            [
              -121.4516929,
              37.953446
            ],
            [
              -121.4508346,
              37.9520925
            ],
            [
              -121.4493755,
              37.9509419
            ],
            [
              -121.4483455,
              37.9508065
            ],
            [
              -121.4474872,
              37.951348
            ],
            [
              -121.4456848,
              37.9508742
            ],
            [
              -121.4452556,
              37.9504004
            ],
            [
              -121.4451698,
              37.9495206
            ],
            [
              -121.4443115,
              37.9494191
            ],
            [
              -121.4440111,
              37.9491483
            ],
            [
              -121.4436249,
              37.9483023
            ],
            [
              -121.4381746,
              37.94837
            ],
            [
              -121.4381317,
              37.9558147
            ],
            [
              -121.4400629,
              37.9558486
            ],
            [
              -121.4405564,
              37.9943462
            ]
          ]
        ],
        "type": "Polygon"
      },
      "id": "16uq7dRJZV3H4dwMQ4ybRNUZ84ZmNLwE",
      "properties": {
        "area_sq_km": 10.682,
        "doc_description": null,
        "doc_name": "D6b- West Roberts Island",
        "fetched_at": "2026-07-27T10:52:13Z",
        "mid": "16uq7dRJZV3H4dwMQ4ybRNUZ84ZmNLwE",
        "zone_code": "D6b"
      },
      "type": "Feature"
    },
    {
      "geometry": {
        "coordinates": [
          [
            [
              -121.0552784,
              37.8837166
            ],
            [
              -121.0545059,
              37.8631878
            ],
            [
              -121.0260959,
              37.8637976
            ],
            [
              -121.0268255,
              37.8807698
            ],
            [
              -121.0291858,
              37.8804649
            ],
            [
              -121.0305162,
              37.8801601
            ],
            [
              -121.0315891,
              37.8795842
            ],
            [
              -121.0409876,
              37.8794826
            ],
            [
              -121.0421463,
              37.8802617
            ],
            [
              -121.0437771,
              37.8808714
            ],
            [
              -121.0454508,
              37.8816505
            ],
            [
              -121.0494419,
              37.8821924
            ],
            [
              -121.0508152,
              37.8821247
            ],
            [
              -121.052403,
              37.8826666
            ],
            [
              -121.0533472,
              37.8824295
            ],
            [
              -121.0539909,
              37.8831747
            ],
            [
              -121.0548063,
              37.8838521
            ],
            [
              -121.0552784,
              37.8837166
            ]
          ]
        ],
        "type": "Polygon"
      },
      "id": "172FaIzWOcywpL8lfe7mjJ8vcPlNupL9U",
      "properties": {
        "area_sq_km": 4.8014,
        "doc_description": ">North to Little John Creek, >South to 1/2 mile south of Skiff Rd., >East to Biederman Way, >West to Van Allen Rd.",
        "doc_name": "E17- Portion of Rural South Farmington",
        "fetched_at": "2026-07-27T10:52:13Z",
        "mid": "172FaIzWOcywpL8lfe7mjJ8vcPlNupL9U",
        "zone_code": "E17"
      },
      "type": "Feature"
    },
    {
      "geometry": {
        "coordinates": [
          [
            [
              -121.4452681,
              38.0585077
            ],
            [
              -121.4482232,
              38.0097016
            ],
            [
              -121.422989,
              37.9980689
            ],
            [
              -121.4188323,
              38.053912
            ],
            [
              -121.4342818,
              38.0552637
            ],
            [
              -121.4452681,
              38.0585077
            ]
          ]
        ],
        "type": "Polygon"
      },
      "id": "17IO1u1LwyZ1VKYdgzfzZmAhnVQiP4vo",
      "properties": {
        "area_sq_km": 13.275,
        "doc_description": "Portion of King Island and a Portion of Rindge Tract",
        "doc_name": "D41- Rural West Delta",
        "fetched_at": "2026-07-27T10:52:14Z",
        "mid": "17IO1u1LwyZ1VKYdgzfzZmAhnVQiP4vo",
        "zone_code": "D41"
      },
      "type": "Feature"
    },
    {
      "geometry": {
        "coordinates": [
          [
            [
              -120.9985051,
              37.8638329
            ],
            [
              -120.9991704,
              37.8793146
            ],
            [
              -121.0322152,
              37.8792299
            ],
            [
              -121.03155,
              37.8639684
            ],
            [
              -120.9985051,
              37.8638329
            ]
          ]
        ],
        "type": "Polygon"
      },
      "id": "17IuM-w_PCk035PUSWuG1KnD7ACJ5KN_3",
      "properties": {
        "area_sq_km": 4.9576,
        "doc_description": ">North1/2 mile north of Skiff Rd., >South to 1/2 mile south of Skiff Rd., >East to Escalon Bellota Rd., >West to Biederman Way",
        "doc_name": "E21- Rural North Escalon",
        "fetched_at": "2026-07-27T10:52:15Z",
        "mid": "17IuM-w_PCk035PUSWuG1KnD7ACJ5KN_3",
        "zone_code": "E21"
      },
      "type": "Feature"
    },
    {
      "geometry": {
        "coordinates": [
          [
            [
              [
                -121.3512841,
                38.0500878
              ],
              [
                -121.3513601,
                38.0506692
              ],
              [
                -121.3512395,
                38.0496316
              ],
              [
                -121.3512841,
                38.0500878
              ]
            ]
          ],
          [
            [
              [
                -121.3517991,
                38.0544471
              ],
              [
                -121.3515845,
                38.0523858
              ],
              [
                -121.3513601,
                38.0506692
              ],
              [
                -121.3517991,
                38.0544471
              ]
            ]
          ],
          [
            [
              [
                -121.3512395,
                38.0496316
              ],
              [
                -121.3510266,
                38.0474517
              ],
              [
                -121.3507691,
                38.0458295
              ],
              [
                -121.3502541,
                38.0446466
              ],
              [
                -121.3487521,
                38.0430581
              ],
              [
                -121.3316718,
                38.0429905
              ],
              [
                -121.3321438,
                38.047739
              ],
              [
                -121.3323155,
                38.0483135
              ],
              [
                -121.3407699,
                38.0484149
              ],
              [
                -121.3419071,
                38.0484149
              ],
              [
                -121.3435593,
                38.048229
              ],
              [
                -121.3441602,
                38.0482797
              ],
              [
                -121.3450614,
                38.0485331
              ],
              [
                -121.3466922,
                38.048736
              ],
              [
                -121.3483229,
                38.0493781
              ],
              [
                -121.3511983,
                38.0492767
              ],
              [
                -121.3512395,
                38.0496316
              ]
            ]
          ]
        ],
        "type": "MultiPolygon"
      },
      "id": "17TMYBJLmtG6GdJvL9T1mQDWGejKvb8U",
      "properties": {
        "area_sq_km": 1.0022,
        "doc_description": ">North to Whistler Way, >South to Bear Creek, >East to Davis Rd., >West to Thornton Rd.",
        "doc_name": "S48P- Portion of North Stockton",
        "fetched_at": "2026-07-27T10:52:15Z",
        "mid": "17TMYBJLmtG6GdJvL9T1mQDWGejKvb8U",
        "zone_code": "S48P"
      },
      "type": "Feature"
    },
    {
      "geometry": {
        "coordinates": [
          [
            [
              -120.9706923,
              37.8495833
            ],
            [
              -121.0045955,
              37.8494477
            ],
            [
              -121.0039946,
              37.8275874
            ],
            [
              -120.960736,
              37.8272145
            ],
            [
              -120.9609935,
              37.842365
            ],
            [
              -120.961401,
              37.8439451
            ],
            [
              -120.9641261,
              37.8447119
            ],
            [
              -120.9688038,
              37.8474653
            ],
            [
              -120.9706923,
              37.8495833
            ]
          ]
        ],
        "type": "Polygon"
      },
      "id": "17ri-jW2sjftf1187rNzzlgVv-7kPhLcI",
      "properties": {
        "area_sq_km": 9.0307,
        "doc_description": ">North to Dove Rd., >South to Lone Tree Rd., >East to Steinegul Rd., >West to Droge Rd.",
        "doc_name": "E32c- A Portion of Rural North Escalon",
        "fetched_at": "2026-07-27T10:52:16Z",
        "mid": "17ri-jW2sjftf1187rNzzlgVv-7kPhLcI",
        "zone_code": "E32c"
      },
      "type": "Feature"
    },
    {
      "geometry": {
        "coordinates": [
          [
            [
              -121.2522178,
              37.7903194
            ],
            [
              -121.2521749,
              37.7855034
            ],
            [
              -121.2474756,
              37.783621
            ],
            [
              -121.2389784,
              37.7836041
            ],
            [
              -121.2369185,
              37.7838245
            ],
            [
              -121.2347942,
              37.7842315
            ],
            [
              -121.2338929,
              37.7847912
            ],
            [
              -121.2342577,
              37.7899294
            ],
            [
              -121.2361245,
              37.7898955
            ],
            [
              -121.2373476,
              37.7899124
            ],
            [
              -121.238914,
              37.7900311
            ],
            [
              -121.2410169,
              37.7899972
            ],
            [
              -121.2431197,
              37.7903533
            ],
            [
              -121.2522178,
              37.7903194
            ]
          ]
        ],
        "type": "Polygon"
      },
      "id": "18ED9nhpGUNHRLWZMskI8vnJPDTCwyco",
      "properties": {
        "area_sq_km": 1.101,
        "doc_description": ">North to Wawona St., >South to Hwy 120, >East to Union Rd., >West to Airport Way",
        "doc_name": "M22- South Manteca",
        "fetched_at": "2026-07-27T10:52:17Z",
        "mid": "18ED9nhpGUNHRLWZMskI8vnJPDTCwyco",
        "zone_code": "M22"
      },
      "type": "Feature"
    },
    {
      "geometry": {
        "coordinates": [
          [
            [
              -121.3148879,
              37.9023776
            ],
            [
              -121.315199,
              37.9019628
            ],
            [
              -121.3017236,
              37.9019797
            ],
            [
              -121.3004791,
              37.9015903
            ],
            [
              -121.2991487,
              37.9011501
            ],
            [
              -121.2985693,
              37.9008961
            ],
            [
              -121.2966381,
              37.9002866
            ],
            [
              -121.2946855,
              37.9002696
            ],
            [
              -121.2917029,
              37.9003543
            ],
            [
              -121.2917029,
              37.9055014
            ],
            [
              -121.2920462,
              37.9067881
            ],
            [
              -121.2945782,
              37.9064495
            ],
            [
              -121.2964665,
              37.906568
            ],
            [
              -121.2988054,
              37.906568
            ],
            [
              -121.3038479,
              37.9054675
            ],
            [
              -121.30697,
              37.9049004
            ],
            [
              -121.3079785,
              37.9049765
            ],
            [
              -121.3088046,
              37.9052644
            ],
            [
              -121.311798,
              37.9066188
            ],
            [
              -121.3148879,
              37.9023776
            ]
          ]
        ],
        "type": "Polygon"
      },
      "id": "18NcLg77xX4BD7nCp6bUI2ETPwDUH4yY",
      "properties": {
        "area_sq_km": 0.9834,
        "doc_description": ">North to William Moss Blvd, >South to Henry Long Blvd, >East to Blake Cir., >West to Blake Circle and Sydney Ln",
        "doc_name": "S49- Southwest Stockton- Portion of Weston Ranch",
        "fetched_at": "2026-07-27T10:52:17Z",
        "mid": "18NcLg77xX4BD7nCp6bUI2ETPwDUH4yY",
        "zone_code": "S49"
      },
      "type": "Feature"
    },
    {
      "geometry": {
        "coordinates": [
          [
            [
              -121.2996974,
              37.7782329
            ],
            [
              -121.3013282,
              37.7767065
            ],
            [
              -121.3027444,
              37.7750444
            ],
            [
              -121.302959,
              37.7733483
            ],
            [
              -121.3016715,
              37.7726698
            ],
            [
              -121.3011136,
              37.7709737
            ],
            [
              -121.3019719,
              37.7690401
            ],
            [
              -121.3036456,
              37.7679545
            ],
            [
              -121.3060918,
              37.7672081
            ],
            [
              -121.3080659,
              37.7660886
            ],
            [
              -121.3083663,
              37.7644263
            ],
            [
              -121.3082376,
              37.7602193
            ],
            [
              -121.2886682,
              37.7600157
            ],
            [
              -121.2889257,
              37.7721271
            ],
            [
              -121.291286,
              37.7723306
            ],
            [
              -121.2926164,
              37.7740606
            ],
            [
              -121.2972083,
              37.7743999
            ],
            [
              -121.2986675,
              37.7743659
            ],
            [
              -121.2992683,
              37.7751461
            ],
            [
              -121.2987104,
              37.7771814
            ],
            [
              -121.2996974,
              37.7782329
            ]
          ]
        ],
        "type": "Polygon"
      },
      "id": "18NpLACCGJ0kAEKoeFKXTWpsX5zt2yxWI",
      "properties": {
        "area_sq_km": 2.3045,
        "doc_description": null,
        "doc_name": "M10- Manteca: Weatherbee Lake Area",
        "fetched_at": "2026-07-27T10:52:18Z",
        "mid": "18NpLACCGJ0kAEKoeFKXTWpsX5zt2yxWI",
        "zone_code": "M10"
      },
      "type": "Feature"
    },
    {
      "geometry": {
        "coordinates": [
          [
            [
              -121.2163528,
              37.7992359
            ],
            [
              -121.2166317,
              37.8048478
            ],
            [
              -121.2261589,
              37.8049156
            ],
            [
              -121.2259229,
              37.804407
            ],
            [
              -121.2259658,
              37.8037627
            ],
            [
              -121.2259444,
              37.8030676
            ],
            [
              -121.2259015,
              37.8025081
            ],
            [
              -121.22588,
              37.8020673
            ],
            [
              -121.22588,
              37.8016265
            ],
            [
              -121.2257942,
              37.8013044
            ],
            [
              -121.2255152,
              37.8009653
            ],
            [
              -121.2251075,
              37.8005923
            ],
            [
              -121.2244852,
              37.8002532
            ],
            [
              -121.2237342,
              37.7998293
            ],
            [
              -121.2227472,
              37.7989985
            ],
            [
              -121.2163528,
              37.7989816
            ],
            [
              -121.2163528,
              37.7992359
            ]
          ]
        ],
        "type": "Polygon"
      },
      "id": "18PR4uJaFdzAz2blZDSTayj-YC94rlMo",
      "properties": {
        "area_sq_km": 0.507,
        "doc_description": ">North to W. Alameda St., >South to W. Center St., >East to N. Main St., >West to Tidewater Pk",
        "doc_name": "M20- Central Manteca",
        "fetched_at": "2026-07-27T10:52:18Z",
        "mid": "18PR4uJaFdzAz2blZDSTayj-YC94rlMo",
        "zone_code": "M20"
      },
      "type": "Feature"
    },
    {
      "geometry": {
        "coordinates": [
          [
            [
              -120.9412762,
              37.7837556
            ],
            [
              -120.9405467,
              37.7501021
            ],
            [
              -120.9278867,
              37.7499324
            ],
            [
              -120.9276721,
              37.7513915
            ],
            [
              -120.9275433,
              37.753156
            ],
            [
              -120.9276721,
              37.75509
            ],
            [
              -120.9285341,
              37.756141
            ],
            [
              -120.9296499,
              37.7565482
            ],
            [
              -120.9305512,
              37.7571589
            ],
            [
              -120.9307228,
              37.7587197
            ],
            [
              -120.9308087,
              37.7619089
            ],
            [
              -120.9227406,
              37.7692029
            ],
            [
              -120.9227835,
              37.7841279
            ],
            [
              -120.9413658,
              37.7841618
            ],
            [
              -120.9412762,
              37.7837556
            ]
          ]
        ],
        "type": "Polygon"
      },
      "id": "19E7My9TlHAwdfV0vYWze8x7gMSEgBrw",
      "properties": {
        "area_sq_km": 5.0331,
        "doc_description": ">North to Combs Rd., >South to Lee Ave., >East to Victory Ave & McBride Rd., >West to Henry Rd.",
        "doc_name": "E65- Portion of Rural Southeast Escalon",
        "fetched_at": "2026-07-27T10:52:19Z",
        "mid": "19E7My9TlHAwdfV0vYWze8x7gMSEgBrw",
        "zone_code": "E65"
      },
      "type": "Feature"
    },
    {
      "geometry": {
        "coordinates": [
          [
            [
              -121.3065983,
              38.0027007
            ],
            [
              -121.3059116,
              38.0006548
            ],
            [
              -121.305579,
              37.996884
            ],
            [
              -121.3052786,
              37.9966896
            ],
            [
              -121.3045061,
              37.9972307
            ],
            [
              -121.3012231,
              37.9994204
            ],
            [
              -121.2995065,
              38.0000799
            ],
            [
              -121.2967814,
              38.0007985
            ],
            [
              -121.2968672,
              38.0011282
            ],
            [
              -121.2971569,
              38.001441
            ],
            [
              -121.2980473,
              38.0025738
            ],
            [
              -121.2989378,
              38.0045268
            ],
            [
              -121.3065983,
              38.0027007
            ]
          ]
        ],
        "type": "Polygon"
      },
      "id": "19ixhG49MXZLtAQNcU-ZnxafZlZcFHkNE",
      "properties": {
        "area_sq_km": 0.3935,
        "doc_description": ">North to Robinhood Dr., >South to E. March Ln., >East to Holiday Dr., >West to El Dorado St.",
        "doc_name": "S6- Portion of North Central Stockton",
        "fetched_at": "2026-07-27T10:52:19Z",
        "mid": "19ixhG49MXZLtAQNcU-ZnxafZlZcFHkNE",
        "zone_code": "S6"
      },
      "type": "Feature"
    },
    {
      "geometry": {
        "coordinates": [
          [
            [
              -120.9243406,
              37.8224457
            ],
            [
              -120.9430946,
              37.8222762
            ],
            [
              -120.9420218,
              37.7935238
            ],
            [
              -120.9224095,
              37.7933203
            ],
            [
              -120.9237827,
              37.8219711
            ],
            [
              -120.9243406,
              37.8224457
            ]
          ]
        ],
        "type": "Polygon"
      },
      "id": "19r5y1HrE-5wDMUVUYma-rZ71_6Kn8ymQ",
      "properties": {
        "area_sq_km": 5.4976,
        "doc_description": ">North to Dutra Ln., >South to Hwy 120, >East to Victory Ave., >West to Henry Rd.",
        "doc_name": "E3-Rural East Escalon",
        "fetched_at": "2026-07-27T10:52:20Z",
        "mid": "19r5y1HrE-5wDMUVUYma-rZ71_6Kn8ymQ",
        "zone_code": "E3"
      },
      "type": "Feature"
    },
    {
      "geometry": {
        "coordinates": [
          [
            [
              -121.4734778,
              38.2071414
            ],
            [
              -121.4973388,
              38.1404762
            ],
            [
              -121.4442954,
              38.1391261
            ],
            [
              -121.4279876,
              38.2041738
            ],
            [
              -121.4734778,
              38.2071414
            ]
          ]
        ],
        "type": "Polygon"
      },
      "id": "1AK7AxtKyqOIUHDQG_gL2iy_a0oIq7gOZ",
      "properties": {
        "area_sq_km": 31.9591,
        "doc_description": null,
        "doc_name": "D1- Portion of Brack-CanalRanch-NewHope",
        "fetched_at": "2026-07-27T10:52:21Z",
        "mid": "1AK7AxtKyqOIUHDQG_gL2iy_a0oIq7gOZ",
        "zone_code": "D1"
      },
      "type": "Feature"
    },
    {
      "geometry": {
        "coordinates": [
          [
            [
              -120.940939,
              37.7618856
            ],
            [
              -120.9408317,
              37.764023
            ],
            [
              -120.9406386,
              37.766754
            ],
            [
              -120.9407674,
              37.7692983
            ],
            [
              -120.9562598,
              37.7693153
            ],
            [
              -120.9588991,
              37.7711302
            ],
            [
              -120.9587385,
              37.7617795
            ],
            [
              -120.940939,
              37.7618856
            ]
          ]
        ],
        "type": "Polygon"
      },
      "id": "1AkUkbwVUInPfTrVW1Ij0TPfq5icT_n0",
      "properties": {
        "area_sq_km": 1.3409,
        "doc_description": "> North to San Joaquin Main Canal, >South to East River Rd., >East to Henry Rd., > West to 1/2 mile west of Seidner Rd.",
        "doc_name": "E54-Portion of Southeast Escalon",
        "fetched_at": "2026-07-27T10:52:21Z",
        "mid": "1AkUkbwVUInPfTrVW1Ij0TPfq5icT_n0",
        "zone_code": "E54"
      },
      "type": "Feature"
    },
    {
      "geometry": {
        "coordinates": [
          [
            [
              -120.961203,
              37.8277369
            ],
            [
              -120.9609455,
              37.8175332
            ],
            [
              -120.9532207,
              37.8175671
            ],
            [
              -120.9510749,
              37.8166517
            ],
            [
              -120.939402,
              37.8166178
            ],
            [
              -120.9398311,
              37.8277369
            ],
            [
              -120.961203,
              37.8277369
            ]
          ]
        ],
        "type": "Polygon"
      },
      "id": "1B1x29cmKdtIJZgu-lYNFutU74hQvLnA",
      "properties": {
        "area_sq_km": 2.2465,
        "doc_description": ">North to Lone Tree Rd., >South to 3/4 mile south of Lone Tree Rd., >East to Green Estates Ln., >West to Steinegul Rd.",
        "doc_name": "E55- Rural Northeast Escalon",
        "fetched_at": "2026-07-27T10:52:22Z",
        "mid": "1B1x29cmKdtIJZgu-lYNFutU74hQvLnA",
        "zone_code": "E55"
      },
      "type": "Feature"
    },
    {
      "geometry": {
        "coordinates": [
          [
            [
              -121.3715874,
              38.0578076
            ],
            [
              -121.3678108,
              38.0435464
            ],
            [
              -121.3321052,
              38.0430732
            ],
            [
              -121.3333069,
              38.0574021
            ],
            [
              -121.3715874,
              38.0578076
            ]
          ]
        ],
        "type": "Polygon"
      },
      "id": "1BC6rbkXs1V1Epnghk5Pxm5kBsx4Lvzo",
      "properties": {
        "area_sq_km": 5.1382,
        "doc_description": ">North to Eight Mile Rd. >South to White Slough >East to Davis Rd. > West to I5",
        "doc_name": "S54-Northwest Stockton",
        "fetched_at": "2026-07-27T10:52:23Z",
        "mid": "1BC6rbkXs1V1Epnghk5Pxm5kBsx4Lvzo",
        "zone_code": "S54"
      },
      "type": "Feature"
    },
    {
      "geometry": {
        "coordinates": [
          [
            [
              -121.5250525,
              38.0426144
            ],
            [
              -121.5229926,
              38.0401133
            ],
            [
              -121.5213618,
              38.0360573
            ],
            [
              -121.5198168,
              38.0326095
            ],
            [
              -121.5200743,
              38.0299729
            ],
            [
              -121.5234217,
              38.0247669
            ],
            [
              -121.5223059,
              38.0242936
            ],
            [
              -121.5150103,
              38.0232118
            ],
            [
              -121.509603,
              38.0249021
            ],
            [
              -121.508058,
              38.0270657
            ],
            [
              -121.5017924,
              38.0278094
            ],
            [
              -121.49999,
              38.0306489
            ],
            [
              -121.4982733,
              38.0319335
            ],
            [
              -121.4983592,
              38.0354489
            ],
            [
              -121.4981875,
              38.0363277
            ],
            [
              -121.5042815,
              38.038491
            ],
            [
              -121.5059123,
              38.0395725
            ],
            [
              -121.5066848,
              38.0424116
            ],
            [
              -121.5059123,
              38.0441691
            ],
            [
              -121.5057406,
              38.0466701
            ],
            [
              -121.5078005,
              38.0498469
            ],
            [
              -121.5116629,
              38.0518745
            ],
            [
              -121.5152678,
              38.0525504
            ],
            [
              -121.5181861,
              38.0524152
            ],
            [
              -121.519216,
              38.0506579
            ],
            [
              -121.5199885,
              38.0480219
            ],
            [
              -121.5250525,
              38.0426144
            ]
          ]
        ],
        "type": "Polygon"
      },
      "id": "1BfFXQg_sm0ihdkdkS9oi4xnZFgVzRwQ",
      "properties": {
        "area_sq_km": 4.7407,
        "doc_description": null,
        "doc_name": "D51- Medford Island",
        "fetched_at": "2026-07-27T10:52:24Z",
        "mid": "1BfFXQg_sm0ihdkdkS9oi4xnZFgVzRwQ",
        "zone_code": "D51"
      },
      "type": "Feature"
    },
    {
      "geometry": {
        "coordinates": [
          [
            [
              -121.336028,
              38.021183
            ],
            [
              -121.3501042,
              38.0212506
            ],
            [
              -121.3501042,
              38.0191713
            ],
            [
              -121.3500828,
              38.0171766
            ],
            [
              -121.3500399,
              38.0137787
            ],
            [
              -121.3454908,
              38.0138124
            ],
            [
              -121.3453729,
              38.0140576
            ],
            [
              -121.3399762,
              38.0139646
            ],
            [
              -121.339869,
              38.0127981
            ],
            [
              -121.3398475,
              38.0126545
            ],
            [
              -121.3398153,
              38.0124769
            ],
            [
              -121.3372297,
              38.013542
            ],
            [
              -121.3353629,
              38.013711
            ],
            [
              -121.3298911,
              38.0136941
            ],
            [
              -121.3299769,
              38.0210985
            ],
            [
              -121.336028,
              38.021183
            ]
          ]
        ],
        "type": "Polygon"
      },
      "id": "1BgHieQE80w5Os9jhjzIaynIg7yA_kLQT",
      "properties": {
        "area_sq_km": 1.4693,
        "doc_description": ">North to Hammer Ln., >South to Hazelwood Ave., Bonniebrook Dr., and W. Lincoln Rd., >East to Pershing Ave., >West to Westland Ave.",
        "doc_name": "S12- Portion of North Stockton",
        "fetched_at": "2026-07-27T10:52:24Z",
        "mid": "1BgHieQE80w5Os9jhjzIaynIg7yA_kLQT",
        "zone_code": "S12"
      },
      "type": "Feature"
    },
    {
      "geometry": {
        "coordinates": [
          [
            [
              -121.4162827,
              37.7374686
            ],
            [
              -121.4349937,
              37.7303751
            ],
            [
              -121.4349508,
              37.7249102
            ],
            [
              -121.4261103,
              37.7249442
            ],
            [
              -121.4259386,
              37.7205653
            ],
            [
              -121.416111,
              37.7205313
            ],
            [
              -121.4162827,
              37.7374686
            ]
          ]
        ],
        "type": "Polygon"
      },
      "id": "1Bihkxw0tVodvVbemZ4mI_OmNUXVDqLvF",
      "properties": {
        "area_sq_km": 2.076,
        "doc_description": "A portion of Southeast Tracy: > North to RXR, > South to W. Schulte Rd. & Yosemite Dr.,  > East to S. MacArthur Dr., > West to Tracy Blvd",
        "doc_name": "T8 Portion of Southeast Tracy",
        "fetched_at": "2026-07-27T10:52:25Z",
        "mid": "1Bihkxw0tVodvVbemZ4mI_OmNUXVDqLvF",
        "zone_code": "T8"
      },
      "type": "Feature"
    },
    {
      "geometry": {
        "coordinates": [
          [
            [
              -121.133147,
              38.1315804
            ],
            [
              -121.1053379,
              38.1321542
            ],
            [
              -121.1049946,
              38.1480182
            ],
            [
              -121.1334045,
              38.1478494
            ],
            [
              -121.1333187,
              38.1468032
            ],
            [
              -121.1333187,
              38.1434281
            ],
            [
              -121.1334045,
              38.13661
            ],
            [
              -121.1334904,
              38.1314791
            ],
            [
              -121.133147,
              38.1315804
            ]
          ]
        ],
        "type": "Polygon"
      },
      "id": "1Bis8tyFGzvA4h0o3o12mTTqDSCQEmDM",
      "properties": {
        "area_sq_km": 4.4082,
        "doc_description": ">North to Brandt Rd., >South to E. Sargent Rd., >East to Linn Rd., >West to N. Tully Rd.",
        "doc_name": "L29- Rural East Lockeford",
        "fetched_at": "2026-07-27T10:52:26Z",
        "mid": "1Bis8tyFGzvA4h0o3o12mTTqDSCQEmDM",
        "zone_code": "L29"
      },
      "type": "Feature"
    },
    {
      "geometry": {
        "coordinates": [
          [
            [
              -121.4847261,
              38.1669137
            ],
            [
              -121.5284997,
              38.169343
            ],
            [
              -121.530903,
              38.1628647
            ],
            [
              -121.5333062,
              38.1624598
            ],
            [
              -121.5334779,
              38.1603002
            ],
            [
              -121.5339929,
              38.1571957
            ],
            [
              -121.5341645,
              38.1542261
            ],
            [
              -121.5350229,
              38.1523363
            ],
            [
              -121.5367395,
              38.1509864
            ],
            [
              -121.5403444,
              38.1507164
            ],
            [
              -121.5528756,
              38.118311
            ],
            [
              -121.5472108,
              38.1180409
            ],
            [
              -121.540516,
              38.1191213
            ],
            [
              -121.530388,
              38.1222274
            ],
            [
              -121.5238649,
              38.1237129
            ],
            [
              -121.5190583,
              38.123983
            ],
            [
              -121.5132219,
              38.1230377
            ],
            [
              -121.5103036,
              38.1206068
            ],
            [
              -121.4953691,
              38.1200666
            ],
            [
              -121.4847261,
              38.1669137
            ]
          ]
        ],
        "type": "Polygon"
      },
      "id": "1C2YJoiFxKqFaS8zIqzm3yi2k72S1URZ6",
      "properties": {
        "area_sq_km": 23.5672,
        "doc_description": "Portions of: Staten Island, Brack, and Terminous Tracts",
        "doc_name": "D22- Delta Island West of Lodi",
        "fetched_at": "2026-07-27T10:52:26Z",
        "mid": "1C2YJoiFxKqFaS8zIqzm3yi2k72S1URZ6",
        "zone_code": "D22"
      },
      "type": "Feature"
    },
    {
      "geometry": {
        "coordinates": [
          [
            [
              -121.2896261,
              37.9073378
            ],
            [
              -121.2906453,
              37.9091493
            ],
            [
              -121.2913105,
              37.9098096
            ],
            [
              -121.2929842,
              37.9107407
            ],
            [
              -121.2933704,
              37.911147
            ],
            [
              -121.2941429,
              37.912095
            ],
            [
              -121.2944219,
              37.9124844
            ],
            [
              -121.2962029,
              37.9116379
            ],
            [
              -121.2971899,
              37.9114856
            ],
            [
              -121.2974689,
              37.9123828
            ],
            [
              -121.298177,
              37.9126368
            ],
            [
              -121.2996146,
              37.9132631
            ],
            [
              -121.3018248,
              37.914956
            ],
            [
              -121.3028547,
              37.9115533
            ],
            [
              -121.3040349,
              37.9115363
            ],
            [
              -121.3057516,
              37.9117226
            ],
            [
              -121.3112233,
              37.9131446
            ],
            [
              -121.3132885,
              37.9135786
            ],
            [
              -121.3148818,
              37.9133521
            ],
            [
              -121.3166521,
              37.912493
            ],
            [
              -121.3176176,
              37.911621
            ],
            [
              -121.3188622,
              37.9094371
            ],
            [
              -121.3174245,
              37.9089123
            ],
            [
              -121.3159225,
              37.9081674
            ],
            [
              -121.3125322,
              37.9068638
            ],
            [
              -121.3095925,
              37.9054246
            ],
            [
              -121.3082192,
              37.9047982
            ],
            [
              -121.3068137,
              37.9047135
            ],
            [
              -121.3053116,
              37.9049337
            ],
            [
              -121.3035306,
              37.9053231
            ],
            [
              -121.3021574,
              37.9056109
            ],
            [
              -121.3008914,
              37.9058479
            ],
            [
              -121.2997541,
              37.9061019
            ],
            [
              -121.2987027,
              37.9063389
            ],
            [
              -121.2980375,
              37.906322
            ],
            [
              -121.2970075,
              37.9062881
            ],
            [
              -121.2954196,
              37.9062712
            ],
            [
              -121.2932739,
              37.906322
            ],
            [
              -121.2914071,
              37.9066606
            ],
            [
              -121.2896261,
              37.9073378
            ]
          ]
        ],
        "type": "Polygon"
      },
      "id": "1C2hzC70v_aXPCu9njclV_euLFeKNKck",
      "properties": {
        "area_sq_km": 1.6472,
        "doc_description": ">North to Carolyn Weston Blvd.,  Carrie St., >South to William Moss Blvd., >East to Manthey Rd., >West to Carolyn Weston Blvd",
        "doc_name": "S55-  Southwest Stockton Area- Weston Ranch area:",
        "fetched_at": "2026-07-27T10:52:27Z",
        "mid": "1C2hzC70v_aXPCu9njclV_euLFeKNKck",
        "zone_code": "S55"
      },
      "type": "Feature"
    },
    {
      "geometry": {
        "coordinates": [
          [
            [
              -121.4712469,
              38.1679464
            ],
            [
              -121.5031759,
              38.0677368
            ],
            [
              -121.4633505,
              38.0588166
            ],
            [
              -121.4305632,
              38.1661919
            ],
            [
              -121.4712469,
              38.1679464
            ]
          ]
        ],
        "type": "Polygon"
      },
      "id": "1CM0QIkUKKvykwZ_rnzU3pVb_JJ8EqPJo",
      "properties": {
        "area_sq_km": 42.3253,
        "doc_description": "Portions of: Brack Tract, Terminous Tract, and Empire Tract",
        "doc_name": "D14- Portion of Rural West Delta",
        "fetched_at": "2026-07-27T10:52:28Z",
        "mid": "1CM0QIkUKKvykwZ_rnzU3pVb_JJ8EqPJo",
        "zone_code": "D14"
      },
      "type": "Feature"
    },
    {
      "geometry": {
        "coordinates": [
          [
            [
              -121.2431203,
              37.9244968
            ],
            [
              -121.2429486,
              37.9236483
            ],
            [
              -121.2407813,
              37.9185277
            ],
            [
              -121.2446222,
              37.9175713
            ],
            [
              -121.2435708,
              37.9147867
            ],
            [
              -121.2388288,
              37.9135933
            ],
            [
              -121.2363128,
              37.9142282
            ],
            [
              -121.2337808,
              37.9144482
            ],
            [
              -121.2322788,
              37.9143805
            ],
            [
              -121.2273864,
              37.9154978
            ],
            [
              -121.2326007,
              37.9283791
            ],
            [
              -121.2438016,
              37.9257049
            ],
            [
              -121.2433966,
              37.9250332
            ],
            [
              -121.2431203,
              37.9244968
            ]
          ]
        ],
        "type": "Polygon"
      },
      "id": "1CODQwuwgAeF-hfMFEVUAnl52oTLRA1Q",
      "properties": {
        "area_sq_km": 1.6515,
        "doc_description": ">North to E. Munford Ave. & Catamaran Wy., >South to Industrial Dr. and Bayliner Dr.,  >East to Hwy 99, West to Pock Ln. & Lanyard Dr.",
        "doc_name": "S40B- Portion of South Stockton",
        "fetched_at": "2026-07-27T10:52:28Z",
        "mid": "1CODQwuwgAeF-hfMFEVUAnl52oTLRA1Q",
        "zone_code": "S40B"
      },
      "type": "Feature"
    },
    {
      "geometry": {
        "coordinates": [
          [
            [
              -121.1336464,
              38.1322702
            ],
            [
              -121.1336596,
              38.1023082
            ],
            [
              -121.113661,
              38.1028823
            ],
            [
              -121.1143346,
              38.132439
            ],
            [
              -121.1336464,
              38.1322702
            ]
          ]
        ],
        "type": "Polygon"
      },
      "id": "1CcmBWbKNLi71Ywn0Ll8_JToDyRF1e86i",
      "properties": {
        "area_sq_km": 5.6911,
        "doc_description": ">North to E. Sargent Rd., >South to E. Harney Ln., >East to one mile east of Tully Rd., >West to Tully Rd.",
        "doc_name": "L3- Rural East Lodi",
        "fetched_at": "2026-07-27T10:52:29Z",
        "mid": "1CcmBWbKNLi71Ywn0Ll8_JToDyRF1e86i",
        "zone_code": "L3"
      },
      "type": "Feature"
    },
    {
      "geometry": {
        "coordinates": [
          [
            [
              -121.411578,
              38.1166619
            ],
            [
              -121.4120072,
              38.0980218
            ],
            [
              -121.4088314,
              38.0931584
            ],
            [
              -121.4016216,
              38.0889702
            ],
            [
              -121.4020508,
              38.0868085
            ],
            [
              -121.3990467,
              38.0868761
            ],
            [
              -121.3915795,
              38.0723502
            ],
            [
              -121.3775032,
              38.0721475
            ],
            [
              -121.3818806,
              38.0868085
            ],
            [
              -121.3924378,
              38.1073424
            ],
            [
              -121.3961285,
              38.1115296
            ],
            [
              -121.3990467,
              38.1163918
            ],
            [
              -121.411578,
              38.1166619
            ]
          ]
        ],
        "type": "Polygon"
      },
      "id": "1CfNrIfcvBoBkSHD4tRI4RVY-ck9AMw_A",
      "properties": {
        "area_sq_km": 7.9862,
        "doc_description": ">North to Hwy 12, >South to Rio Blanco Rd., > East to I-5, >West to White Slough",
        "doc_name": "L12- A Potion of Rural Southwest Lodi",
        "fetched_at": "2026-07-27T10:52:31Z",
        "mid": "1CfNrIfcvBoBkSHD4tRI4RVY-ck9AMw_A",
        "zone_code": "L12"
      },
      "type": "Feature"
    },
    {
      "geometry": {
        "coordinates": [
          [
            [
              -121.1712775,
              38.2194252
            ],
            [
              -121.1714277,
              38.2194589
            ],
            [
              -121.1713848,
              38.2045717
            ],
            [
              -121.1428246,
              38.2052967
            ],
            [
              -121.1430821,
              38.2202175
            ],
            [
              -121.1521587,
              38.2201501
            ],
            [
              -121.1543259,
              38.2201332
            ],
            [
              -121.1600122,
              38.2198635
            ],
            [
              -121.1712775,
              38.2194252
            ]
          ]
        ],
        "type": "Polygon"
      },
      "id": "1D6UGE2zmEkXy-e-RDCgUbMnbMNDBixKA",
      "properties": {
        "area_sq_km": 4.1447,
        "doc_description": ">North to Collier Rd., >South to E. Jahant Rd., >East to N. Watkinson Rd., >West to Elliot Rd.",
        "doc_name": "L11- A Portion of Rural North San Joaquin County",
        "fetched_at": "2026-07-27T10:52:31Z",
        "mid": "1D6UGE2zmEkXy-e-RDCgUbMnbMNDBixKA",
        "zone_code": "L11"
      },
      "type": "Feature"
    },
    {
      "geometry": {
        "coordinates": [
          [
            [
              -121.2359791,
              37.8198953
            ],
            [
              -121.2355499,
              37.8116231
            ],
            [
              -121.2261515,
              37.8117587
            ],
            [
              -121.2264519,
              37.8159288
            ],
            [
              -121.2169247,
              37.8159627
            ],
            [
              -121.2169676,
              37.8185393
            ],
            [
              -121.2183838,
              37.8185393
            ],
            [
              -121.2196927,
              37.8192003
            ],
            [
              -121.2216239,
              37.8192003
            ],
            [
              -121.2241559,
              37.8192173
            ],
            [
              -121.2258296,
              37.8191664
            ],
            [
              -121.227396,
              37.8192173
            ],
            [
              -121.2287693,
              37.8197258
            ],
            [
              -121.229928,
              37.8200648
            ],
            [
              -121.2313013,
              37.8200818
            ],
            [
              -121.2359576,
              37.8200309
            ],
            [
              -121.2359791,
              37.8198953
            ]
          ]
        ],
        "type": "Polygon"
      },
      "id": "1DKz0vf1p-8i53RmmEX89QVuis1wzBlw",
      "properties": {
        "area_sq_km": 1.039,
        "doc_description": ">North to Northgate Dr., >South to W. Louise Ave. and Joseph Rd. >East to N. Union Rd., >West to N. Main St. & Tidewater Trail",
        "doc_name": "M35- North Manteca",
        "fetched_at": "2026-07-27T10:52:32Z",
        "mid": "1DKz0vf1p-8i53RmmEX89QVuis1wzBlw",
        "zone_code": "M35"
      },
      "type": "Feature"
    },
    {
      "geometry": {
        "coordinates": [
          [
            [
              -121.1670132,
              38.0833849
            ],
            [
              -121.1499115,
              38.084145
            ],
            [
              -121.150008,
              38.1013935
            ],
            [
              -121.1504479,
              38.1186419
            ],
            [
              -121.1555334,
              38.1175447
            ],
            [
              -121.1665196,
              38.1164474
            ],
            [
              -121.1668416,
              38.0946494
            ],
            [
              -121.1670132,
              38.0833849
            ]
          ]
        ],
        "type": "Polygon"
      },
      "id": "1DUWhMyDnPVNar92IhLuoouhPFlUDXvpK",
      "properties": {
        "area_sq_km": 5.4487,
        "doc_description": ">North to E. Kettleman Ln., >South to Tokay Colony Rd., >East to Jack Tone Rd., >West to Hibbard Rd.",
        "doc_name": "L16-Rural Southeast Lodi",
        "fetched_at": "2026-07-27T10:52:32Z",
        "mid": "1DUWhMyDnPVNar92IhLuoouhPFlUDXvpK",
        "zone_code": "L16"
      },
      "type": "Feature"
    },
    {
      "geometry": {
        "coordinates": [
          [
            [
              -121.2266337,
              37.8116028
            ],
            [
              -121.204661,
              37.811535
            ],
            [
              -121.210755,
              37.8163492
            ],
            [
              -121.2134158,
              37.8183833
            ],
            [
              -121.2162482,
              37.8212988
            ],
            [
              -121.2171923,
              37.8236718
            ],
            [
              -121.2177073,
              37.8271972
            ],
            [
              -121.2268912,
              37.8271972
            ],
            [
              -121.2266337,
              37.8116028
            ]
          ]
        ],
        "type": "Polygon"
      },
      "id": "1DWYg9CIYAPnSn-Dyd8TjL9ynW3WIe_U",
      "properties": {
        "area_sq_km": 2.0734,
        "doc_description": ">North to E. Lathrop Rd., >South to Louise Ave., >East to Hwy 99, >West Tidewater Pk.",
        "doc_name": "M26- Portion of Northeast Manteca",
        "fetched_at": "2026-07-27T10:52:33Z",
        "mid": "1DWYg9CIYAPnSn-Dyd8TjL9ynW3WIe_U",
        "zone_code": "M26"
      },
      "type": "Feature"
    },
    {
      "geometry": {
        "coordinates": [
          [
            [
              -120.9225166,
              37.7691716
            ],
            [
              -120.9229028,
              37.7880308
            ],
            [
              -120.9507978,
              37.7880648
            ],
            [
              -120.950669,
              37.768527
            ],
            [
              -120.9223449,
              37.7687984
            ],
            [
              -120.9225166,
              37.7691716
            ]
          ]
        ],
        "type": "Polygon"
      },
      "id": "1Dbg4eYovjCjr9FZ21JkIXwzPCs36XrBY",
      "properties": {
        "area_sq_km": 5.3104,
        "doc_description": ">North to Vine Ave., >South to East River Rd., >East to Victory Ave., >West to Seidner Rd.",
        "doc_name": "E51-Portion of Rural Southeast Escalon",
        "fetched_at": "2026-07-27T10:52:34Z",
        "mid": "1Dbg4eYovjCjr9FZ21JkIXwzPCs36XrBY",
        "zone_code": "E51"
      },
      "type": "Feature"
    },
    {
      "geometry": {
        "coordinates": [
          [
            [
              -121.3320271,
              38.0284309
            ],
            [
              -121.3301388,
              38.0262336
            ],
            [
              -121.3298813,
              38.0104108
            ],
            [
              -121.3294522,
              38.0084834
            ],
            [
              -121.3202683,
              38.0110194
            ],
            [
              -121.3234869,
              38.0197764
            ],
            [
              -121.3228003,
              38.0215006
            ],
            [
              -121.3225857,
              38.0283971
            ],
            [
              -121.3320271,
              38.0284309
            ]
          ]
        ],
        "type": "Polygon"
      },
      "id": "1DnoOgVip7L7FL6-nRvJZfhjfVyMjovxC",
      "properties": {
        "area_sq_km": 1.4452,
        "doc_description": ">North to Mosher Slough, >South to Benjamin Holt Dr., >East to Pacific Ave./Lower Sacramento Rd., >West to N. Pershing Ave.",
        "doc_name": "S29-Portion of North Stockton",
        "fetched_at": "2026-07-27T10:52:34Z",
        "mid": "1DnoOgVip7L7FL6-nRvJZfhjfVyMjovxC",
        "zone_code": "S29"
      },
      "type": "Feature"
    },
    {
      "geometry": {
        "coordinates": [
          [
            [
              -121.4257952,
              37.7479718
            ],
            [
              -121.4259132,
              37.7479909
            ],
            [
              -121.425881,
              37.7400988
            ],
            [
              -121.4260419,
              37.7399121
            ],
            [
              -121.4260419,
              37.7395303
            ],
            [
              -121.4170297,
              37.7395812
            ],
            [
              -121.4170619,
              37.747098
            ],
            [
              -121.4209243,
              37.7471404
            ],
            [
              -121.4209672,
              37.7479718
            ],
            [
              -121.4257952,
              37.7479718
            ]
          ]
        ],
        "type": "Polygon"
      },
      "id": "1E8QTSneZMarSs5Oo32AO5x9wKvj-uNnT",
      "properties": {
        "area_sq_km": 0.6965,
        "doc_description": ">North to E. Lowell Ave. and Acacia St., >South to Eleventh St., >East to Franklin Ave., >West to Holly Dr.",
        "doc_name": "T22- Portion of Northeast Tracy",
        "fetched_at": "2026-07-27T10:52:35Z",
        "mid": "1E8QTSneZMarSs5Oo32AO5x9wKvj-uNnT",
        "zone_code": "T22"
      },
      "type": "Feature"
    },
    {
      "geometry": {
        "coordinates": [
          [
            [
              -121.4940594,
              38.1725403
            ],
            [
              -121.5285633,
              38.1722704
            ],
            [
              -121.537833,
              38.1509448
            ],
            [
              -121.5434979,
              38.1468949
            ],
            [
              -121.5577458,
              38.1436548
            ],
            [
              -121.5642689,
              38.1157033
            ],
            [
              -121.5062474,
              38.1146229
            ],
            [
              -121.4940594,
              38.1725403
            ]
          ]
        ],
        "type": "Polygon"
      },
      "id": "1EED6vrU0iCrljgCdhexg-G2f_xg7HM4",
      "properties": {
        "area_sq_km": 26.978,
        "doc_description": null,
        "doc_name": "D34- South Staten Island and Portions of Brack Tract and Bouldin Island",
        "fetched_at": "2026-07-27T10:52:35Z",
        "mid": "1EED6vrU0iCrljgCdhexg-G2f_xg7HM4",
        "zone_code": "D34"
      },
      "type": "Feature"
    },
    {
      "geometry": {
        "coordinates": [
          [
            [
              -121.4525905,
              37.7103394
            ],
            [
              -121.4388575,
              37.7103224
            ],
            [
              -121.4389219,
              37.7121049
            ],
            [
              -121.4394262,
              37.7139974
            ],
            [
              -121.439673,
              37.7152283
            ],
            [
              -121.4390937,
              37.7163486
            ],
            [
              -121.4396086,
              37.7184787
            ],
            [
              -121.4397373,
              37.7197305
            ],
            [
              -121.4392867,
              37.7215085
            ],
            [
              -121.43963,
              37.7233585
            ],
            [
              -121.4401021,
              37.7252085
            ],
            [
              -121.4405742,
              37.725514
            ],
            [
              -121.4418187,
              37.7259553
            ],
            [
              -121.4426341,
              37.7266341
            ],
            [
              -121.4431706,
              37.7271263
            ],
            [
              -121.4446082,
              37.7265832
            ],
            [
              -121.4454879,
              37.7262608
            ],
            [
              -121.4532128,
              37.7231549
            ],
            [
              -121.4530625,
              37.7105092
            ],
            [
              -121.4525905,
              37.7103394
            ]
          ]
        ],
        "type": "Polygon"
      },
      "id": "1EzBVxGtJFQVHL4FBOSNJF2FUZaPXQeLT",
      "properties": {
        "area_sq_km": 2.0179,
        "doc_description": "> North to R&R, > South to Valpico Rd., > East to Sycamore Pkwy, > West to Corral Hollow Rd.",
        "doc_name": "T2a South Central Tracy",
        "fetched_at": "2026-07-27T10:52:36Z",
        "mid": "1EzBVxGtJFQVHL4FBOSNJF2FUZaPXQeLT",
        "zone_code": "T2a"
      },
      "type": "Feature"
    },
    {
      "geometry": {
        "coordinates": [
          [
            [
              -121.4175059,
              38.0586001
            ],
            [
              -121.4187075,
              38.041838
            ],
            [
              -121.4292647,
              38.0404861
            ],
            [
              -121.4345862,
              38.0236522
            ],
            [
              -121.3985373,
              38.0071526
            ],
            [
              -121.3846328,
              38.0133066
            ],
            [
              -121.3879801,
              38.0170934
            ],
            [
              -121.3877227,
              38.0207448
            ],
            [
              -121.4055754,
              38.028385
            ],
            [
              -121.4049746,
              38.0474484
            ],
            [
              -121.4066912,
              38.0565727
            ],
            [
              -121.4063908,
              38.0581609
            ],
            [
              -121.4175059,
              38.0586001
            ]
          ]
        ],
        "type": "Polygon"
      },
      "id": "1FdocPSK2tI3AlJvH2n8sAlIXoonGLytK",
      "properties": {
        "area_sq_km": 11.2082,
        "doc_description": "Portions of Bishop Tract and Rindge Tract",
        "doc_name": "D31- Delta Area: Rural Northwest Stockton",
        "fetched_at": "2026-07-27T10:52:36Z",
        "mid": "1FdocPSK2tI3AlJvH2n8sAlIXoonGLytK",
        "zone_code": "D31"
      },
      "type": "Feature"
    },
    {
      "geometry": {
        "coordinates": [
          [
            [
              -121.4755007,
              38.1672441
            ],
            [
              -121.5237375,
              38.0696013
            ],
            [
              -121.4655443,
              38.0602759
            ],
            [
              -121.4270922,
              38.1642749
            ],
            [
              -121.4506098,
              38.163735
            ],
            [
              -121.4403101,
              38.1912634
            ],
            [
              -121.465716,
              38.1913983
            ],
            [
              -121.4755007,
              38.1672441
            ]
          ]
        ],
        "type": "Polygon"
      },
      "id": "1FtnYHsvxw5GmRG0pTXe1BIISdXCs6hhb",
      "properties": {
        "area_sq_km": 60.8969,
        "doc_description": "Portions of the following tracts: Canal Ranch, Brack, Empire, Terminous, and portions of the following islands: Venice and Bouldin",
        "doc_name": "D32- Delta Area West of Lodi",
        "fetched_at": "2026-07-27T10:52:37Z",
        "mid": "1FtnYHsvxw5GmRG0pTXe1BIISdXCs6hhb",
        "zone_code": "D32"
      },
      "type": "Feature"
    },
    {
      "geometry": {
        "coordinates": [
          [
            [
              -120.9967291,
              37.810224
            ],
            [
              -120.9973084,
              37.8102748
            ],
            [
              -120.996772,
              37.7984749
            ],
            [
              -120.9967827,
              37.7964869
            ],
            [
              -120.9949051,
              37.7964996
            ],
            [
              -120.9931242,
              37.7964572
            ],
            [
              -120.991944,
              37.7965081
            ],
            [
              -120.9914505,
              37.7964742
            ],
            [
              -120.9886396,
              37.7964911
            ],
            [
              -120.9864937,
              37.7965081
            ],
            [
              -120.9843909,
              37.7964233
            ],
            [
              -120.9782755,
              37.7964572
            ],
            [
              -120.9789836,
              37.8003569
            ],
            [
              -120.979048,
              37.8099866
            ],
            [
              -120.9967291,
              37.810224
            ]
          ]
        ],
        "type": "Polygon"
      },
      "id": "1G2t1pochbjwb2_bP3tx2GNdZ4FphWamy",
      "properties": {
        "area_sq_km": 2.4109,
        "doc_description": ">North to Mahon Rd., >South to California St., >East to Campbell Ave., >West to Escalon-Bellota Rd.",
        "doc_name": "E18b- Portion of North Escalon Area",
        "fetched_at": "2026-07-27T10:52:38Z",
        "mid": "1G2t1pochbjwb2_bP3tx2GNdZ4FphWamy",
        "zone_code": "E18b"
      },
      "type": "Feature"
    },
    {
      "geometry": {
        "coordinates": [
          [
            [
              -121.4472064,
              38.2544993
            ],
            [
              -121.4430865,
              38.2442537
            ],
            [
              -121.4149341,
              38.2042014
            ],
            [
              -121.4088401,
              38.2038641
            ],
            [
              -121.4097842,
              38.2253766
            ],
            [
              -121.4108142,
              38.2261857
            ],
            [
              -121.4107284,
              38.2273319
            ],
            [
              -121.4110717,
              38.2290175
            ],
            [
              -121.4110717,
              38.2302986
            ],
            [
              -121.4118442,
              38.2319841
            ],
            [
              -121.4133033,
              38.2331977
            ],
            [
              -121.4149341,
              38.2338719
            ],
            [
              -121.4162215,
              38.2354225
            ],
            [
              -121.4170798,
              38.2352877
            ],
            [
              -121.4193114,
              38.2362989
            ],
            [
              -121.4212855,
              38.2369057
            ],
            [
              -121.4211139,
              38.2380518
            ],
            [
              -121.4222297,
              38.2386585
            ],
            [
              -121.4232596,
              38.2396697
            ],
            [
              -121.4241179,
              38.2422988
            ],
            [
              -121.4254912,
              38.2429729
            ],
            [
              -121.4260062,
              38.2437818
            ],
            [
              -121.4258346,
              38.2463434
            ],
            [
              -121.4256629,
              38.2495115
            ],
            [
              -121.4260062,
              38.2507248
            ],
            [
              -121.4279803,
              38.2511966
            ],
            [
              -121.4294394,
              38.2541623
            ],
            [
              -121.4303836,
              38.2545667
            ],
            [
              -121.431671,
              38.2542971
            ],
            [
              -121.4327868,
              38.2538927
            ],
            [
              -121.434246,
              38.2538253
            ],
            [
              -121.4358768,
              38.2540949
            ],
            [
              -121.4366492,
              38.2548363
            ],
            [
              -121.4374217,
              38.2545667
            ],
            [
              -121.4387092,
              38.2540949
            ],
            [
              -121.4399108,
              38.2549711
            ],
            [
              -121.4446315,
              38.2561842
            ],
            [
              -121.4472064,
              38.2544993
            ]
          ]
        ],
        "type": "Polygon"
      },
      "id": "1GWlbbNllkktNl51AygXso1yQKdRgLmPi",
      "properties": {
        "area_sq_km": 8.1157,
        "doc_description": ">North to Mokelumne River, >South to Beaver Slough, >East to Mokelumne River and Kile Rd., >West to I-5",
        "doc_name": "TH-2 Portion of Thornton Area",
        "fetched_at": "2026-07-27T10:52:38Z",
        "mid": "1GWlbbNllkktNl51AygXso1yQKdRgLmPi",
        "zone_code": "TH-2"
      },
      "type": "Feature"
    },
    {
      "geometry": {
        "coordinates": [
          [
            [
              -121.2909404,
              37.8224025
            ],
            [
              -121.291073,
              37.822425
            ],
            [
              -121.291352,
              37.8218233
            ],
            [
              -121.2917382,
              37.8208148
            ],
            [
              -121.2920601,
              37.8198995
            ],
            [
              -121.2924142,
              37.8191875
            ],
            [
              -121.2925965,
              37.8186027
            ],
            [
              -121.293487,
              37.8162805
            ],
            [
              -121.2937874,
              37.8153905
            ],
            [
              -121.2894423,
              37.815416
            ],
            [
              -121.2883265,
              37.815738
            ],
            [
              -121.2853331,
              37.815755
            ],
            [
              -121.2848503,
              37.8158652
            ],
            [
              -121.283005,
              37.8158567
            ],
            [
              -121.2820608,
              37.816111
            ],
            [
              -121.2813205,
              37.8161449
            ],
            [
              -121.2782306,
              37.816111
            ],
            [
              -121.2781901,
              37.822812
            ],
            [
              -121.2783877,
              37.8228135
            ],
            [
              -121.2828938,
              37.8227839
            ],
            [
              -121.2841491,
              37.8227457
            ],
            [
              -121.2847016,
              37.8226737
            ],
            [
              -121.2853131,
              37.8225254
            ],
            [
              -121.2859622,
              37.822411
            ],
            [
              -121.286563,
              37.8223813
            ],
            [
              -121.2871317,
              37.822394
            ],
            [
              -121.289256,
              37.822394
            ],
            [
              -121.2909404,
              37.8224025
            ]
          ]
        ],
        "type": "Polygon"
      },
      "id": "1GbWtL_oXtwzcY477NlEEbijWIaFEVPA",
      "properties": {
        "area_sq_km": 0.9459,
        "doc_description": ">North to J St., >South to O St., >East to S. Harlan Rd. , >West to 5th St.",
        "doc_name": "M24- Central Lathrop Area",
        "fetched_at": "2026-07-27T10:52:39Z",
        "mid": "1GbWtL_oXtwzcY477NlEEbijWIaFEVPA",
        "zone_code": "M24"
      },
      "type": "Feature"
    },
    {
      "geometry": {
        "coordinates": [
          [
            [
              -120.9967833,
              37.7976991
            ],
            [
              -120.9987145,
              37.7990216
            ],
            [
              -121.015237,
              37.7987843
            ],
            [
              -121.0151082,
              37.7923071
            ],
            [
              -121.0103446,
              37.7923749
            ],
            [
              -121.0103017,
              37.7896957
            ],
            [
              -121.0071259,
              37.7883052
            ],
            [
              -121.007083,
              37.7916967
            ],
            [
              -121.0009032,
              37.7916967
            ],
            [
              -120.99644,
              37.7914932
            ],
            [
              -120.9967833,
              37.7976991
            ]
          ]
        ],
        "type": "Polygon"
      },
      "id": "1GqNcfaM-1hqwblWoG0y46w-FIL2lA_g",
      "properties": {
        "area_sq_km": 1.353,
        "doc_description": ">North to Yosemite Ave., >South to Valdapena Wy, Thompson Way, Zinfandel Dr. and Daniels Ave., >East to McHenry Ave., >West to Brennan Rd.",
        "doc_name": "E66- West Escalon",
        "fetched_at": "2026-07-27T10:52:39Z",
        "mid": "1GqNcfaM-1hqwblWoG0y46w-FIL2lA_g",
        "zone_code": "E66"
      },
      "type": "Feature"
    },
    {
      "geometry": {
        "coordinates": [
          [
            [
              -120.9964169,
              37.7731203
            ],
            [
              -121.014613,
              37.7730864
            ],
            [
              -121.0141838,
              37.7565645
            ],
            [
              -121.0122097,
              37.7561913
            ],
            [
              -121.0109223,
              37.7555466
            ],
            [
              -121.010579,
              37.7550376
            ],
            [
              -121.0109223,
              37.7548001
            ],
            [
              -121.0132826,
              37.7545965
            ],
            [
              -121.0132397,
              37.754359
            ],
            [
              -121.0119093,
              37.7539179
            ],
            [
              -121.0118664,
              37.7532732
            ],
            [
              -121.0120381,
              37.7527303
            ],
            [
              -121.0113514,
              37.7521874
            ],
            [
              -121.0106219,
              37.7514409
            ],
            [
              -121.0107935,
              37.7510677
            ],
            [
              -121.0116947,
              37.7506605
            ],
            [
              -121.0122956,
              37.750423
            ],
            [
              -121.0123385,
              37.7497782
            ],
            [
              -121.0113085,
              37.7499479
            ],
            [
              -121.0101069,
              37.7491674
            ],
            [
              -121.0084332,
              37.7490317
            ],
            [
              -121.0077465,
              37.7492014
            ],
            [
              -121.0079182,
              37.7497782
            ],
            [
              -121.0077465,
              37.7505587
            ],
            [
              -121.0066737,
              37.7513731
            ],
            [
              -121.004485,
              37.7524589
            ],
            [
              -121.0036267,
              37.751882
            ],
            [
              -121.0029829,
              37.7516445
            ],
            [
              -121.0023392,
              37.7520517
            ],
            [
              -121.0017813,
              37.7527982
            ],
            [
              -121.0008801,
              37.753375
            ],
            [
              -121.0001076,
              37.7533411
            ],
            [
              -120.9989918,
              37.7539519
            ],
            [
              -120.9982622,
              37.7551734
            ],
            [
              -120.9989489,
              37.7570734
            ],
            [
              -120.9985627,
              37.7578538
            ],
            [
              -120.9976614,
              37.7589056
            ],
            [
              -120.9957302,
              37.7604663
            ],
            [
              -120.9959877,
              37.773256
            ],
            [
              -120.9964169,
              37.7731203
            ]
          ]
        ],
        "type": "Polygon"
      },
      "id": "1GyYAz3A_1FoOvpTInNSL_E0tBwsWQ2_2",
      "properties": {
        "area_sq_km": 3.5805,
        "doc_description": ">North to Jones Rd., >South to Stanislaus River, >East to McHenry Ave., >West to Brennan Rd.",
        "doc_name": "E9-Rural South Escalon",
        "fetched_at": "2026-07-27T10:52:40Z",
        "mid": "1GyYAz3A_1FoOvpTInNSL_E0tBwsWQ2_2",
        "zone_code": "E9"
      },
      "type": "Feature"
    },
    {
      "geometry": {
        "coordinates": [
          [
            [
              -121.2897978,
              37.9073378
            ],
            [
              -121.290817,
              37.9091493
            ],
            [
              -121.2914822,
              37.9098096
            ],
            [
              -121.2931559,
              37.9107407
            ],
            [
              -121.2935421,
              37.911147
            ],
            [
              -121.2943146,
              37.912095
            ],
            [
              -121.2945936,
              37.9124844
            ],
            [
              -121.2963746,
              37.9116379
            ],
            [
              -121.2973616,
              37.9114856
            ],
            [
              -121.2976406,
              37.9123828
            ],
            [
              -121.2983487,
              37.9126368
            ],
            [
              -121.2997863,
              37.9132631
            ],
            [
              -121.3019965,
              37.914956
            ],
            [
              -121.3058588,
              37.9152099
            ],
            [
              -121.3066742,
              37.9156331
            ],
            [
              -121.3072536,
              37.9148544
            ],
            [
              -121.3086269,
              37.9130092
            ],
            [
              -121.3085625,
              37.912095
            ],
            [
              -121.3091848,
              37.9109777
            ],
            [
              -121.3093135,
              37.9102667
            ],
            [
              -121.3090346,
              37.9095556
            ],
            [
              -121.3077471,
              37.9089462
            ],
            [
              -121.3056872,
              37.9091154
            ],
            [
              -121.304786,
              37.909217
            ],
            [
              -121.3048396,
              37.9085398
            ],
            [
              -121.3043675,
              37.9071177
            ],
            [
              -121.3037023,
              37.9053231
            ],
            [
              -121.3023291,
              37.9056109
            ],
            [
              -121.3010631,
              37.9058479
            ],
            [
              -121.2999258,
              37.9061019
            ],
            [
              -121.2988744,
              37.9063389
            ],
            [
              -121.2982092,
              37.906322
            ],
            [
              -121.2971792,
              37.9062881
            ],
            [
              -121.2955913,
              37.9062712
            ],
            [
              -121.2934456,
              37.906322
            ],
            [
              -121.2915788,
              37.9066606
            ],
            [
              -121.2897978,
              37.9073378
            ]
          ]
        ],
        "type": "Polygon"
      },
      "id": "1H8CjGX0G4hEUFl3czKFZM8JUeJhkYgA",
      "properties": {
        "area_sq_km": 1.1139,
        "doc_description": ">North to Lloyd Thayer Cir., Carrie St., and Carolyn Weston Blvd., >South to William Moss Blvd., and Isni Goto St., >East to Manthey Rd., >West to Ews Woods Blvd., Isni Goto St., and Warmke Ln.",
        "doc_name": "S47- Southwest Stockton Area- Weston Ranch area:",
        "fetched_at": "2026-07-27T10:52:41Z",
        "mid": "1H8CjGX0G4hEUFl3czKFZM8JUeJhkYgA",
        "zone_code": "S47"
      },
      "type": "Feature"
    },
    {
      "geometry": {
        "coordinates": [
          [
            [
              -121.3531534,
              37.9778542
            ],
            [
              -121.3533036,
              37.977795
            ],
            [
              -121.3520913,
              37.9769915
            ],
            [
              -121.3511686,
              37.9764334
            ],
            [
              -121.350042,
              37.9757483
            ],
            [
              -121.3497953,
              37.9754946
            ],
            [
              -121.3493232,
              37.9752578
            ],
            [
              -121.3488511,
              37.9751817
            ],
            [
              -121.3482074,
              37.9751817
            ],
            [
              -121.3475959,
              37.9753001
            ],
            [
              -121.3469951,
              37.9755369
            ],
            [
              -121.3465337,
              37.9759006
            ],
            [
              -121.3459007,
              37.976611
            ],
            [
              -121.3452784,
              37.9770507
            ],
            [
              -121.3423387,
              37.9791227
            ],
            [
              -121.342446,
              37.9792242
            ],
            [
              -121.3426928,
              37.979444
            ],
            [
              -121.343079,
              37.9797485
            ],
            [
              -121.3435511,
              37.9799937
            ],
            [
              -121.3439803,
              37.9801713
            ],
            [
              -121.3444416,
              37.9803066
            ],
            [
              -121.3453857,
              37.9805688
            ],
            [
              -121.3457612,
              37.9808056
            ],
            [
              -121.3460295,
              37.9811861
            ],
            [
              -121.3531534,
              37.9778542
            ]
          ]
        ],
        "type": "Polygon"
      },
      "id": "1HHSdt7nEi2msZJtKClNUO3eCmHZAk4Vn",
      "properties": {
        "area_sq_km": 0.3284,
        "doc_description": ">North to Greenbelt area, >South to Brookside Rd., >West to Brookside Rd., >East to Feather River Dr.",
        "doc_name": "S14- Portion of Southwest Stockton Brookside area",
        "fetched_at": "2026-07-27T10:52:41Z",
        "mid": "1HHSdt7nEi2msZJtKClNUO3eCmHZAk4Vn",
        "zone_code": "S14"
      },
      "type": "Feature"
    },
    {
      "geometry": {
        "coordinates": [
          [
            [
              -120.9871618,
              37.7856832
            ],
            [
              -120.9871618,
              37.7894647
            ],
            [
              -120.9923975,
              37.7934665
            ],
            [
              -120.9966247,
              37.7935004
            ],
            [
              -120.9964959,
              37.7857
            ],
            [
              -120.9871618,
              37.7856832
            ]
          ]
        ],
        "type": "Polygon"
      },
      "id": "1HQaBvpattfeOUok4kBhXzZGYxSNeizc",
      "properties": {
        "area_sq_km": 0.6123,
        "doc_description": ">North to Roosevelt Ave., >South to Catherine Way, > East to the RXR Tracks and St. John Rd., >West to McHenry Ave.",
        "doc_name": "E67-South Escalon",
        "fetched_at": "2026-07-27T10:52:42Z",
        "mid": "1HQaBvpattfeOUok4kBhXzZGYxSNeizc",
        "zone_code": "E67"
      },
      "type": "Feature"
    },
    {
      "geometry": {
        "coordinates": [
          [
            [
              -121.3584675,
              37.9266988
            ],
            [
              -121.3355078,
              37.9265972
            ],
            [
              -121.328341,
              37.9282559
            ],
            [
              -121.3284268,
              37.9301177
            ],
            [
              -121.3280835,
              37.93049
            ],
            [
              -121.3282981,
              37.9315055
            ],
            [
              -121.329328,
              37.934078
            ],
            [
              -121.3309588,
              37.9350258
            ],
            [
              -121.3331046,
              37.9353642
            ],
            [
              -121.3343062,
              37.9358043
            ],
            [
              -121.3351216,
              37.9371243
            ],
            [
              -121.3360657,
              37.9382751
            ],
            [
              -121.3374819,
              37.9387151
            ],
            [
              -121.3396706,
              37.9388505
            ],
            [
              -121.343533,
              37.9386812
            ],
            [
              -121.3464942,
              37.9422688
            ],
            [
              -121.346065,
              37.9428103
            ],
            [
              -121.344563,
              37.943318
            ],
            [
              -121.3423743,
              37.9445025
            ],
            [
              -121.3410439,
              37.9464992
            ],
            [
              -121.339456,
              37.9469392
            ],
            [
              -121.3388981,
              37.9472776
            ],
            [
              -121.3402285,
              37.9485636
            ],
            [
              -121.3564505,
              37.9485974
            ],
            [
              -121.3578238,
              37.947413
            ],
            [
              -121.358725,
              37.9460255
            ],
            [
              -121.3590684,
              37.944604
            ],
            [
              -121.3591971,
              37.942235
            ],
            [
              -121.3588967,
              37.9404074
            ],
            [
              -121.3586821,
              37.9386135
            ],
            [
              -121.358725,
              37.9347888
            ],
            [
              -121.3585105,
              37.931404
            ],
            [
              -121.3582959,
              37.9297792
            ],
            [
              -121.3584675,
              37.9266988
            ]
          ]
        ],
        "type": "Polygon"
      },
      "id": "1HRQsVdg2x_rEi-zkCXd26PiQW_Wd9q2M",
      "properties": {
        "area_sq_km": 4.7383,
        "doc_description": ">North to McCloy Ave., >South to Hwy 4, >East to San Joaquin River, >West to Port of Stockton Expressway",
        "doc_name": "S21- West Stockton including the Port and Stockton Sewer",
        "fetched_at": "2026-07-27T10:52:42Z",
        "mid": "1HRQsVdg2x_rEi-zkCXd26PiQW_Wd9q2M",
        "zone_code": "S21"
      },
      "type": "Feature"
    },
    {
      "geometry": {
        "coordinates": [
          [
            [
              -121.345976,
              37.9808759
            ],
            [
              -121.349377,
              37.9792099
            ],
            [
              -121.3499671,
              37.9789393
            ],
            [
              -121.3468236,
              37.9754804
            ],
            [
              -121.3459545,
              37.9763769
            ],
            [
              -121.3425213,
              37.9788717
            ],
            [
              -121.342532,
              37.9789647
            ],
            [
              -121.343165,
              37.9794975
            ],
            [
              -121.3438087,
              37.9798357
            ],
            [
              -121.3443774,
              37.9800641
            ],
            [
              -121.3452786,
              37.9802332
            ],
            [
              -121.345976,
              37.9808759
            ]
          ]
        ],
        "type": "Polygon"
      },
      "id": "1HT2qwVHbN9k8GVX6E6p2dkRa91virreA",
      "properties": {
        "area_sq_km": 0.1934,
        "doc_description": "Boulder Creek Cir. Area",
        "doc_name": "S18- Brookside - Stockton",
        "fetched_at": "2026-07-27T10:52:43Z",
        "mid": "1HT2qwVHbN9k8GVX6E6p2dkRa91virreA",
        "zone_code": "S18"
      },
      "type": "Feature"
    },
    {
      "geometry": {
        "coordinates": [
          [
            [
              -120.9971377,
              37.8179169
            ],
            [
              -120.9975239,
              37.8180186
            ],
            [
              -120.9973523,
              37.798387
            ],
            [
              -120.9968373,
              37.7982853
            ],
            [
              -120.9926745,
              37.798387
            ],
            [
              -120.9871813,
              37.7978784
            ],
            [
              -120.9845635,
              37.7985905
            ],
            [
              -120.9775683,
              37.7986244
            ],
            [
              -120.974178,
              37.7987269
            ],
            [
              -120.9740707,
              37.7939964
            ],
            [
              -120.9501883,
              37.7937581
            ],
            [
              -120.9505745,
              37.8177135
            ],
            [
              -120.9971377,
              37.8179169
            ]
          ]
        ],
        "type": "Polygon"
      },
      "id": "1Hq9fyEcpMzvGjIcwQNP3khmRtHTDrEYy",
      "properties": {
        "area_sq_km": 9.9719,
        "doc_description": ">North to Magnolia Ave., >South to Yosemite Ave., >East to Seidner Rd., >West to Escalon-Bellota Rd.",
        "doc_name": "E49- North Escalon Area",
        "fetched_at": "2026-07-27T10:52:44Z",
        "mid": "1Hq9fyEcpMzvGjIcwQNP3khmRtHTDrEYy",
        "zone_code": "E49"
      },
      "type": "Feature"
    },
    {
      "geometry": {
        "coordinates": [
          [
            [
              -121.1258648,
              37.742714
            ],
            [
              -121.1208008,
              37.7397955
            ],
            [
              -121.1181186,
              37.7375556
            ],
            [
              -121.1134193,
              37.733415
            ],
            [
              -121.1102007,
              37.7353835
            ],
            [
              -121.1101578,
              37.7363508
            ],
            [
              -121.1104367,
              37.7371653
            ],
            [
              -121.1106942,
              37.7382174
            ],
            [
              -121.1110805,
              37.7388961
            ],
            [
              -121.1115525,
              37.7397276
            ],
            [
              -121.1115311,
              37.740593
            ],
            [
              -121.1107586,
              37.7419335
            ],
            [
              -121.1148141,
              37.7419844
            ],
            [
              -121.1148141,
              37.7414923
            ],
            [
              -121.1158226,
              37.7416281
            ],
            [
              -121.1158226,
              37.742731
            ],
            [
              -121.1258648,
              37.742714
            ]
          ]
        ],
        "type": "Polygon"
      },
      "id": "1HzyOlrVrI9rQS7YHzkDj0Q1AYORy-Tti",
      "properties": {
        "area_sq_km": 0.6856,
        "doc_description": ">North to California St., >South to Reynolds Ave., >East to Stanislaus River, >West to Hwy 99",
        "doc_name": "R7- Portion of Southeast Ripon",
        "fetched_at": "2026-07-27T10:52:44Z",
        "mid": "1HzyOlrVrI9rQS7YHzkDj0Q1AYORy-Tti",
        "zone_code": "R7"
      },
      "type": "Feature"
    },
    {
      "geometry": {
        "coordinates": [
          [
            [
              -121.4426145,
              37.9958141
            ],
            [
              -121.4743247,
              37.9827901
            ],
            [
              -121.4774146,
              37.937585
            ],
            [
              -121.4424428,
              37.9346426
            ],
            [
              -121.4426145,
              37.9958141
            ]
          ]
        ],
        "type": "Polygon"
      },
      "id": "1Il586Mwk__gaOLBiVcEwxfD0jd3DWoWI",
      "properties": {
        "area_sq_km": 17.2152,
        "doc_description": null,
        "doc_name": "D21- Delta Area- Portions of: Roberts Island and Jones Tract",
        "fetched_at": "2026-07-27T10:52:45Z",
        "mid": "1Il586Mwk__gaOLBiVcEwxfD0jd3DWoWI",
        "zone_code": "D21"
      },
      "type": "Feature"
    },
    {
      "geometry": {
        "coordinates": [
          [
            [
              -121.435233,
              38.2320853
            ],
            [
              -121.431714,
              38.2284107
            ],
            [
              -121.4293965,
              38.2261857
            ],
            [
              -121.4286241,
              38.2239943
            ],
            [
              -121.4145049,
              38.2041339
            ],
            [
              -121.408883,
              38.2040328
            ],
            [
              -121.4092263,
              38.2254103
            ],
            [
              -121.4100846,
              38.2255789
            ],
            [
              -121.4105567,
              38.2257811
            ],
            [
              -121.4108571,
              38.2264217
            ],
            [
              -121.4104709,
              38.2270959
            ],
            [
              -121.4105996,
              38.2280736
            ],
            [
              -121.4114579,
              38.2297929
            ],
            [
              -121.4110717,
              38.2310402
            ],
            [
              -121.4119729,
              38.2324224
            ],
            [
              -121.435233,
              38.2320853
            ]
          ]
        ],
        "type": "Polygon"
      },
      "id": "1IllxTwsPTM0xmSzgId4MDSp3n94IL_6i",
      "properties": {
        "area_sq_km": 4.0936,
        "doc_description": ">North to New Hope Rd., >South to Beaver Slough, >East to Mokelumne River and Klie Rd., >West to I-5",
        "doc_name": "TH-2a  Portion of Thornton Area",
        "fetched_at": "2026-07-27T10:52:45Z",
        "mid": "1IllxTwsPTM0xmSzgId4MDSp3n94IL_6i",
        "zone_code": "TH-2a"
      },
      "type": "Feature"
    },
    {
      "geometry": {
        "coordinates": [
          [
            [
              -121.2453195,
              38.2339327
            ],
            [
              -121.2461732,
              38.2338729
            ],
            [
              -121.2452337,
              38.203318
            ],
            [
              -121.2255784,
              38.2033854
            ],
            [
              -121.2262651,
              38.2343373
            ],
            [
              -121.2453195,
              38.2339327
            ]
          ]
        ],
        "type": "Polygon"
      },
      "id": "1JEvA_mtfq6teZvvhMBUCH6BiyuU8fZM",
      "properties": {
        "area_sq_km": 5.9156,
        "doc_description": ">North to Liberty rd., >South to Jahant Rd., >East to Dustin Rd., >West to Kennefick Rd.",
        "doc_name": "L26- Portion of Rural North County",
        "fetched_at": "2026-07-27T10:52:46Z",
        "mid": "1JEvA_mtfq6teZvvhMBUCH6BiyuU8fZM",
        "zone_code": "L26"
      },
      "type": "Feature"
    },
    {
      "geometry": {
        "coordinates": [
          [
            [
              -120.9261073,
              37.8867087
            ],
            [
              -120.9261502,
              37.8869796
            ],
            [
              -120.9449901,
              37.8870474
            ],
            [
              -120.9446038,
              37.8713301
            ],
            [
              -120.9259786,
              37.8714995
            ],
            [
              -120.9261073,
              37.8867087
            ]
          ]
        ],
        "type": "Polygon"
      },
      "id": "1JFoWz4Pec-MeAO2ggH2GWY-76_OQy-C3",
      "properties": {
        "area_sq_km": 2.8548,
        "doc_description": ">North to Carter Rd., >South to one mile south of Carter Rd., >East to San Joaquin County Line,  >West to Henry Rd.",
        "doc_name": "E52- Portion of Rural Southeast Farmington",
        "fetched_at": "2026-07-27T10:52:47Z",
        "mid": "1JFoWz4Pec-MeAO2ggH2GWY-76_OQy-C3",
        "zone_code": "E52"
      },
      "type": "Feature"
    },
    {
      "geometry": {
        "coordinates": [
          [
            [
              -121.3550982,
              37.9838582
            ],
            [
              -121.3550982,
              37.9829111
            ],
            [
              -121.355184,
              37.9826067
            ],
            [
              -121.3555059,
              37.9810338
            ],
            [
              -121.3555059,
              37.9805771
            ],
            [
              -121.3553557,
              37.9797652
            ],
            [
              -121.3550124,
              37.9791902
            ],
            [
              -121.3539609,
              37.9782092
            ],
            [
              -121.3495836,
              37.9754522
            ],
            [
              -121.3490471,
              37.9752323
            ],
            [
              -121.3484034,
              37.9751646
            ],
            [
              -121.3478241,
              37.9752154
            ],
            [
              -121.347073,
              37.9754522
            ],
            [
              -121.346601,
              37.9758243
            ],
            [
              -121.3462147,
              37.9762302
            ],
            [
              -121.3452491,
              37.9771098
            ],
            [
              -121.3424382,
              37.9791733
            ],
            [
              -121.3430169,
              37.9797901
            ],
            [
              -121.3433706,
              37.9800647
            ],
            [
              -121.3438959,
              37.980204
            ],
            [
              -121.3454824,
              37.9807272
            ],
            [
              -121.3463809,
              37.9818752
            ],
            [
              -121.347191,
              37.9831563
            ],
            [
              -121.3474164,
              37.9844502
            ],
            [
              -121.3550982,
              37.9838582
            ]
          ]
        ],
        "type": "Polygon"
      },
      "id": "1JNoCNnTgawK0dNM7YpxQIOZZHDmI6jVQ",
      "properties": {
        "area_sq_km": 0.7464,
        "doc_description": ">North to W. March Ln., >South to Brookside Rd., >East to Feather River Dr., >West to Brookside Rd",
        "doc_name": "S23 Northwest Stockton-Brookside Area",
        "fetched_at": "2026-07-27T10:52:47Z",
        "mid": "1JNoCNnTgawK0dNM7YpxQIOZZHDmI6jVQ",
        "zone_code": "S23"
      },
      "type": "Feature"
    },
    {
      "geometry": {
        "coordinates": [
          [
            [
              -121.45717,
              38.1994524
            ],
            [
              -121.4714179,
              38.1442564
            ],
            [
              -121.4326224,
              38.1452015
            ],
            [
              -121.4236961,
              38.199992
            ],
            [
              -121.45717,
              38.1994524
            ]
          ]
        ],
        "type": "Polygon"
      },
      "id": "1JQbFFa7bTCPrjjmuPvbtlMfW4oSM-m1F",
      "properties": {
        "area_sq_km": 19.2322,
        "doc_description": "Portions of Brack Tract & -Canal Ranch Tract",
        "doc_name": "D1a- Delta Area West of Lodi",
        "fetched_at": "2026-07-27T10:52:48Z",
        "mid": "1JQbFFa7bTCPrjjmuPvbtlMfW4oSM-m1F",
        "zone_code": "D1a"
      },
      "type": "Feature"
    },
    {
      "geometry": {
        "coordinates": [
          [
            [
              -121.2398947,
              38.0125953
            ],
            [
              -121.2399805,
              38.0127813
            ],
            [
              -121.2406028,
              38.0127137
            ],
            [
              -121.2412465,
              38.0126968
            ],
            [
              -121.2417829,
              38.0125615
            ],
            [
              -121.2421692,
              38.0123248
            ],
            [
              -121.2428344,
              38.0122403
            ],
            [
              -121.2433493,
              38.0123079
            ],
            [
              -121.2439716,
              38.0123925
            ],
            [
              -121.2444651,
              38.0122065
            ],
            [
              -121.2451518,
              38.012122
            ],
            [
              -121.2453664,
              38.0119191
            ],
            [
              -121.2457955,
              38.0112598
            ],
            [
              -121.2464178,
              38.0106173
            ],
            [
              -121.2474048,
              38.0098734
            ],
            [
              -121.2483275,
              38.0094339
            ],
            [
              -121.2500441,
              38.00869
            ],
            [
              -121.2459672,
              37.9987649
            ],
            [
              -121.2369979,
              38.0055621
            ],
            [
              -121.2398947,
              38.0125953
            ]
          ]
        ],
        "type": "Polygon"
      },
      "id": "1JSLnt5qYbm7XDFgsGaEk_d_n_jmhHH-n",
      "properties": {
        "area_sq_km": 1.0328,
        "doc_description": ">North to Calaveras River, >South to Cherokee Rd., >East to Homer St., >West to Cherryland Ave.",
        "doc_name": "S30- Portion of East Stockton",
        "fetched_at": "2026-07-27T10:52:48Z",
        "mid": "1JSLnt5qYbm7XDFgsGaEk_d_n_jmhHH-n",
        "zone_code": "S30"
      },
      "type": "Feature"
    },
    {
      "geometry": {
        "coordinates": [
          [
            [
              -120.9599269,
              37.8111372
            ],
            [
              -120.979668,
              37.8111033
            ],
            [
              -120.9794963,
              37.8005243
            ],
            [
              -120.9787238,
              37.7989983
            ],
            [
              -120.9786809,
              37.7966924
            ],
            [
              -120.9596265,
              37.796828
            ],
            [
              -120.9599269,
              37.8111372
            ]
          ]
        ],
        "type": "Polygon"
      },
      "id": "1JTr-aBsn6z3UNY1ehKfshesRVV5lWRPH",
      "properties": {
        "area_sq_km": 2.7523,
        "doc_description": "> North to 1/2 mile north of Owens Rd, > South to 1/2 mile south of Owens Rd., >East to Steinigal Rd., > West Campbell Rd.",
        "doc_name": "E37- Rural East Escalon",
        "fetched_at": "2026-07-27T10:52:49Z",
        "mid": "1JTr-aBsn6z3UNY1ehKfshesRVV5lWRPH",
        "zone_code": "E37"
      },
      "type": "Feature"
    },
    {
      "geometry": {
        "coordinates": [
          [
            [
              -120.9449312,
              37.8868432
            ],
            [
              -120.9430001,
              37.832767
            ],
            [
              -120.9430001,
              37.8330043
            ],
            [
              -120.924246,
              37.8331399
            ],
            [
              -120.9262746,
              37.8870673
            ],
            [
              -120.9450286,
              37.887135
            ],
            [
              -120.9449312,
              37.8868432
            ]
          ]
        ],
        "type": "Polygon"
      },
      "id": "1JcVNtMHV44iDt3_z1H_diKh1dKCSlp5S",
      "properties": {
        "area_sq_km": 9.8713,
        "doc_description": ">North to Carter Rd., >South to OID canal, >East to SJ County Line, >West to S. Henry Rd.",
        "doc_name": "E26- Rural North Escalon",
        "fetched_at": "2026-07-27T10:52:50Z",
        "mid": "1JcVNtMHV44iDt3_z1H_diKh1dKCSlp5S",
        "zone_code": "E26"
      },
      "type": "Feature"
    },
    {
      "geometry": {
        "coordinates": [
          [
            [
              -121.4405881,
              37.725369
            ],
            [
              -121.4403092,
              37.7243337
            ],
            [
              -121.4397298,
              37.7225686
            ],
            [
              -121.4396655,
              37.721703
            ],
            [
              -121.4401161,
              37.7200905
            ],
            [
              -121.4401375,
              37.7193098
            ],
            [
              -121.4396869,
              37.7176633
            ],
            [
              -121.4394509,
              37.7166279
            ],
            [
              -121.4399015,
              37.7158811
            ],
            [
              -121.4400731,
              37.7150833
            ],
            [
              -121.4392363,
              37.712605
            ],
            [
              -121.4390218,
              37.7118411
            ],
            [
              -121.4390646,
              37.7111111
            ],
            [
              -121.4389145,
              37.7106019
            ],
            [
              -121.4345799,
              37.7106528
            ],
            [
              -121.4344942,
              37.7251653
            ],
            [
              -121.4374124,
              37.7251653
            ],
            [
              -121.4388501,
              37.7253181
            ],
            [
              -121.4405881,
              37.725369
            ]
          ]
        ],
        "type": "Polygon"
      },
      "id": "1Kj_tz29N37w6ezcsrW5PO_Ls7M6SMJM",
      "properties": {
        "area_sq_km": 0.7465,
        "doc_description": ">North to W. Schulte Rd, >South to Valpico, >East to Tracy Blvd., >West to Sycamore Pkwy",
        "doc_name": "T32b - Southwest Tracy",
        "fetched_at": "2026-07-27T10:52:50Z",
        "mid": "1Kj_tz29N37w6ezcsrW5PO_Ls7M6SMJM",
        "zone_code": "T32b"
      },
      "type": "Feature"
    },
    {
      "geometry": {
        "coordinates": [
          [
            [
              -121.2680095,
              37.6653115
            ],
            [
              -121.2522166,
              37.7397397
            ],
            [
              -121.2785666,
              37.7461197
            ],
            [
              -121.2965052,
              37.670543
            ],
            [
              -121.2680095,
              37.6653115
            ]
          ]
        ],
        "type": "Polygon"
      },
      "id": "1KpIEKoFmhDre_MQygRLEyjAEu4ZHVNXu",
      "properties": {
        "area_sq_km": 21.0777,
        "doc_description": null,
        "doc_name": "SC5- Rural South County including San Jaoquin River Club",
        "fetched_at": "2026-07-27T10:52:51Z",
        "mid": "1KpIEKoFmhDre_MQygRLEyjAEu4ZHVNXu",
        "zone_code": "SC5"
      },
      "type": "Feature"
    },
    {
      "geometry": {
        "coordinates": [
          [
            [
              -121.3082554,
              37.7872358
            ],
            [
              -121.321645,
              37.784319
            ],
            [
              -121.3239624,
              37.7835729
            ],
            [
              -121.3266231,
              37.7820126
            ],
            [
              -121.3604404,
              37.7589448
            ],
            [
              -121.3725426,
              37.7539232
            ],
            [
              -121.3534023,
              37.7533124
            ],
            [
              -121.3395836,
              37.74544
            ],
            [
              -121.3267948,
              37.7544661
            ],
            [
              -121.3082554,
              37.7751609
            ],
            [
              -121.3072254,
              37.776382
            ],
            [
              -121.3061954,
              37.777264
            ],
            [
              -121.3015606,
              37.7788921
            ],
            [
              -121.3082554,
              37.7872358
            ]
          ]
        ],
        "type": "Polygon"
      },
      "id": "1KuwZV1ORSzessHNVh4ZnUZfBiEoQ9Tms",
      "properties": {
        "area_sq_km": 10.9251,
        "doc_description": ">North to UPRR, >South to UPRR/Altamont Commuter Express, >East to Paradise Cut, >West to Grant Line Rd./Kasson Rd.",
        "doc_name": "T10- Banta Area",
        "fetched_at": "2026-07-27T10:52:51Z",
        "mid": "1KuwZV1ORSzessHNVh4ZnUZfBiEoQ9Tms",
        "zone_code": "T10"
      },
      "type": "Feature"
    },
    {
      "geometry": {
        "coordinates": [
          [
            [
              -121.2530365,
              37.6839342
            ],
            [
              -121.2536153,
              37.681692
            ],
            [
              -121.2559217,
              37.6798578
            ],
            [
              -121.2601647,
              37.678635
            ],
            [
              -121.2616853,
              37.677922
            ],
            [
              -121.2630894,
              37.6768182
            ],
            [
              -121.2650283,
              37.6759649
            ],
            [
              -121.264478,
              37.674704
            ],
            [
              -121.2622756,
              37.6729505
            ],
            [
              -121.2600588,
              37.671734
            ],
            [
              -121.256633,
              37.6702935
            ],
            [
              -121.2555932,
              37.6696761
            ],
            [
              -121.2546822,
              37.6690246
            ],
            [
              -121.2532894,
              37.6681295
            ],
            [
              -121.2510954,
              37.663633
            ],
            [
              -121.2500603,
              37.6629755
            ],
            [
              -121.2485052,
              37.6628834
            ],
            [
              -121.2473691,
              37.663922
            ],
            [
              -121.2467275,
              37.6671543
            ],
            [
              -121.2470278,
              37.6724535
            ],
            [
              -121.2455687,
              37.6732688
            ],
            [
              -121.2441143,
              37.6729587
            ],
            [
              -121.2433043,
              37.6716636
            ],
            [
              -121.2429721,
              37.6694133
            ],
            [
              -121.2420502,
              37.6681058
            ],
            [
              -121.2425652,
              37.6670867
            ],
            [
              -121.2419644,
              37.6662714
            ],
            [
              -121.2409773,
              37.6652523
            ],
            [
              -121.2394753,
              37.6649465
            ],
            [
              -121.2346259,
              37.6638254
            ],
            [
              -121.2343255,
              37.6630441
            ],
            [
              -121.2329093,
              37.6626024
            ],
            [
              -121.2309351,
              37.6628742
            ],
            [
              -121.2303343,
              37.6632479
            ],
            [
              -121.2293044,
              37.6642671
            ],
            [
              -121.2298623,
              37.6654561
            ],
            [
              -121.2302056,
              37.6662714
            ],
            [
              -121.229991,
              37.6680039
            ],
            [
              -121.2292185,
              37.6691589
            ],
            [
              -121.2231676,
              37.6703138
            ],
            [
              -121.2221805,
              37.6704837
            ],
            [
              -121.2215368,
              37.6715707
            ],
            [
              -121.2216226,
              37.6724539
            ],
            [
              -121.2225668,
              37.6736088
            ],
            [
              -121.2232963,
              37.6772093
            ],
            [
              -121.2226097,
              37.6782282
            ],
            [
              -121.2226526,
              37.6788396
            ],
            [
              -121.2230388,
              37.679417
            ],
            [
              -121.2229101,
              37.6803001
            ],
            [
              -121.2232534,
              37.6806058
            ],
            [
              -121.2232105,
              37.681353
            ],
            [
              -121.2238542,
              37.6829833
            ],
            [
              -121.22394,
              37.6836965
            ],
            [
              -121.2231247,
              37.6839003
            ],
            [
              -121.2226955,
              37.6834927
            ],
            [
              -121.2220089,
              37.6829493
            ],
            [
              -121.2211505,
              37.6830851
            ],
            [
              -121.2217514,
              37.6834248
            ],
            [
              -121.2208501,
              37.6839682
            ],
            [
              -121.2201206,
              37.685055
            ],
            [
              -121.2196056,
              37.685904
            ],
            [
              -121.2184898,
              37.685904
            ],
            [
              -121.2177602,
              37.6862776
            ],
            [
              -121.217374,
              37.6869229
            ],
            [
              -121.2169448,
              37.6879757
            ],
            [
              -121.2164728,
              37.6878738
            ],
            [
              -121.2159578,
              37.6872625
            ],
            [
              -121.2156574,
              37.686855
            ],
            [
              -121.2136833,
              37.686821
            ],
            [
              -121.2127391,
              37.6865154
            ],
            [
              -121.2123529,
              37.685904
            ],
            [
              -121.21128,
              37.6858701
            ],
            [
              -121.2105934,
              37.685972
            ],
            [
              -121.2087909,
              37.6865833
            ],
            [
              -121.2085334,
              37.6870587
            ],
            [
              -121.2087051,
              37.6875342
            ],
            [
              -121.2082759,
              37.6884512
            ],
            [
              -121.2076751,
              37.6894021
            ],
            [
              -121.2060443,
              37.6913717
            ],
            [
              -121.2057439,
              37.6918811
            ],
            [
              -121.2084047,
              37.6943601
            ],
            [
              -121.2098638,
              37.6941564
            ],
            [
              -121.2115375,
              37.6930697
            ],
            [
              -121.2122242,
              37.6931037
            ],
            [
              -121.2147562,
              37.6922547
            ],
            [
              -121.2171165,
              37.6914397
            ],
            [
              -121.2260644,
              37.6967202
            ],
            [
              -121.2303344,
              37.6919151
            ],
            [
              -121.2322655,
              37.6898775
            ],
            [
              -121.2345401,
              37.6872625
            ],
            [
              -121.2361708,
              37.6853607
            ],
            [
              -121.2376299,
              37.6838323
            ],
            [
              -121.2381878,
              37.6833228
            ],
            [
              -121.2384239,
              37.6843926
            ],
            [
              -121.2404194,
              37.6861077
            ],
            [
              -121.2429945,
              37.6870245
            ],
            [
              -121.2475006,
              37.6871771
            ],
            [
              -121.2501826,
              37.6886119
            ],
            [
              -121.2520496,
              37.6864135
            ],
            [
              -121.2530365,
              37.6839342
            ]
          ]
        ],
        "type": "Polygon"
      },
      "id": "1L-5tpH8NHVyR5mqJ-iiEM4YrLMhcVxeg",
      "properties": {
        "area_sq_km": 8.5785,
        "doc_description": ">North to Airport Way, Division Rd. and Avenue D, >South to San Joaquin and Stanislaus Rivers, > East to Stanislaus River, >West to San Joaquin River",
        "doc_name": "SC11- Portion of Rural South County - Division Rd. Area",
        "fetched_at": "2026-07-27T10:52:52Z",
        "mid": "1L-5tpH8NHVyR5mqJ-iiEM4YrLMhcVxeg",
        "zone_code": "SC11"
      },
      "type": "Feature"
    },
    {
      "geometry": {
        "coordinates": [
          [
            [
              -121.3551575,
              38.013766
            ],
            [
              -121.3640839,
              38.0316838
            ],
            [
              -121.3820225,
              38.0869649
            ],
            [
              -121.3927943,
              38.1081404
            ],
            [
              -121.3984819,
              38.1160093
            ],
            [
              -121.4393574,
              38.1157715
            ],
            [
              -121.3970858,
              38.0106215
            ],
            [
              -121.3545138,
              38.0117035
            ],
            [
              -121.3551575,
              38.013766
            ]
          ]
        ],
        "type": "Polygon"
      },
      "id": "1L6a2paMYrLPn8d5QosQkeXvDci--b7s",
      "properties": {
        "area_sq_km": 44.3359,
        "doc_description": null,
        "doc_name": "D52- Delta area west of I-5 (See map for details.)",
        "fetched_at": "2026-07-27T10:52:53Z",
        "mid": "1L6a2paMYrLPn8d5QosQkeXvDci--b7s",
        "zone_code": "D52"
      },
      "type": "Feature"
    },
    {
      "geometry": {
        "coordinates": [
          [
            [
              -121.5066385,
              38.1945329
            ],
            [
              -121.533246,
              38.1008442
            ],
            [
              -121.4934205,
              38.1017898
            ],
            [
              -121.4838076,
              38.1378481
            ],
            [
              -121.4292192,
              38.1420335
            ],
            [
              -121.4244127,
              38.1945329
            ],
            [
              -121.5066385,
              38.1945329
            ]
          ]
        ],
        "type": "Polygon"
      },
      "id": "1LQZcE94-rLhxU1paWW1atApDz3ImdiAh",
      "properties": {
        "area_sq_km": 61.1567,
        "doc_description": "Delta Area: Portions of Brack Tract, Terminous Tract including Tower Park, Bouldin Island, and Staten Island",
        "doc_name": "D17- Delta Area West of Lodi",
        "fetched_at": "2026-07-27T10:52:53Z",
        "mid": "1LQZcE94-rLhxU1paWW1atApDz3ImdiAh",
        "zone_code": "D17"
      },
      "type": "Feature"
    },
    {
      "geometry": {
        "coordinates": [
          [
            [
              -121.0874365,
              37.752352
            ],
            [
              -121.0872649,
              37.7494678
            ],
            [
              -121.0871362,
              37.7448528
            ],
            [
              -121.0870933,
              37.7430542
            ],
            [
              -121.0871577,
              37.7409502
            ],
            [
              -121.0863637,
              37.7411538
            ],
            [
              -121.0848187,
              37.7409502
            ],
            [
              -121.0841321,
              37.7421719
            ],
            [
              -121.0829304,
              37.7419004
            ],
            [
              -121.082158,
              37.7406108
            ],
            [
              -121.0802697,
              37.7405429
            ],
            [
              -121.0787247,
              37.7382352
            ],
            [
              -121.0767506,
              37.7376243
            ],
            [
              -121.0752057,
              37.7391854
            ],
            [
              -121.0718583,
              37.7381673
            ],
            [
              -121.0691117,
              37.7398642
            ],
            [
              -121.0673093,
              37.7402714
            ],
            [
              -121.0680817,
              37.7433257
            ],
            [
              -121.0672234,
              37.7452939
            ],
            [
              -121.0646485,
              37.7442759
            ],
            [
              -121.0642194,
              37.7449546
            ],
            [
              -121.0657643,
              37.7459048
            ],
            [
              -121.0649918,
              37.7471264
            ],
            [
              -121.0631894,
              37.7461762
            ],
            [
              -121.0615586,
              37.7469228
            ],
            [
              -121.0612153,
              37.7490946
            ],
            [
              -121.0602711,
              37.7499768
            ],
            [
              -121.0589837,
              37.7489588
            ],
            [
              -121.0576104,
              37.7492303
            ],
            [
              -121.0572671,
              37.7506555
            ],
            [
              -121.0560654,
              37.7505197
            ],
            [
              -121.0557221,
              37.7495696
            ],
            [
              -121.0540913,
              37.7496375
            ],
            [
              -121.0512589,
              37.7484159
            ],
            [
              -121.0512589,
              37.7476015
            ],
            [
              -121.0528897,
              37.7465156
            ],
            [
              -121.0528039,
              37.7456333
            ],
            [
              -121.0504864,
              37.7458369
            ],
            [
              -121.050229,
              37.744751
            ],
            [
              -121.0515164,
              37.7432578
            ],
            [
              -121.0508298,
              37.7419004
            ],
            [
              -121.049199,
              37.7429185
            ],
            [
              -121.047139,
              37.74319
            ],
            [
              -121.0457658,
              37.7419683
            ],
            [
              -121.0447358,
              37.7393212
            ],
            [
              -121.0433625,
              37.7385067
            ],
            [
              -121.043105,
              37.7395927
            ],
            [
              -121.0443066,
              37.7414253
            ],
            [
              -121.0426759,
              37.7422397
            ],
            [
              -121.0413884,
              37.7414253
            ],
            [
              -121.0396718,
              37.7399999
            ],
            [
              -121.0383843,
              37.7391175
            ],
            [
              -121.0378693,
              37.7406787
            ],
            [
              -121.0370969,
              37.7433936
            ],
            [
              -121.0346078,
              37.7433936
            ],
            [
              -121.0316037,
              37.742104
            ],
            [
              -121.0323761,
              37.7530308
            ],
            [
              -121.0383843,
              37.7529628
            ],
            [
              -121.0415171,
              37.7529289
            ],
            [
              -121.0511302,
              37.7528271
            ],
            [
              -121.0739612,
              37.7524199
            ],
            [
              -121.0874365,
              37.752352
            ]
          ]
        ],
        "type": "Polygon"
      },
      "id": "1LbMmKcckTL0-yCdEYBd5mEiHab4yhFg",
      "properties": {
        "area_sq_km": 5.2528,
        "doc_description": ">North to .6 mile south of Greenleaf Rd., >South to Stanislaus River, >East to Sexton Rd., >West to Wagner Rd.",
        "doc_name": "R6b- Rural East Ripon",
        "fetched_at": "2026-07-27T10:52:54Z",
        "mid": "1LbMmKcckTL0-yCdEYBd5mEiHab4yhFg",
        "zone_code": "R6b"
      },
      "type": "Feature"
    },
    {
      "geometry": {
        "coordinates": [
          [
            [
              -121.1047956,
              38.0142745
            ],
            [
              -121.0818144,
              38.0217802
            ],
            [
              -121.0819432,
              38.0267497
            ],
            [
              -121.1050316,
              38.0258877
            ],
            [
              -121.1047956,
              38.0142745
            ]
          ]
        ],
        "type": "Polygon"
      },
      "id": "1LiLKEic3St02vvCbqMwliplcxXW-HPU",
      "properties": {
        "area_sq_km": 1.8677,
        "doc_description": ">North to Monte Vista Dr., >South to Hwy 26, >West to Archerdale Rd., >East to Cox Rd.",
        "doc_name": "LN2 - Linden",
        "fetched_at": "2026-07-27T10:52:54Z",
        "mid": "1LiLKEic3St02vvCbqMwliplcxXW-HPU",
        "zone_code": "LN2"
      },
      "type": "Feature"
    },
    {
      "geometry": {
        "coordinates": [
          [
            [
              -121.4972435,
              38.1151856
            ],
            [
              -121.4976297,
              38.1131259
            ],
            [
              -121.4986597,
              38.1119441
            ],
            [
              -121.4999472,
              38.1106948
            ],
            [
              -121.5000759,
              38.1092428
            ],
            [
              -121.4998184,
              38.1083986
            ],
            [
              -121.4989172,
              38.1075206
            ],
            [
              -121.4982306,
              38.1070479
            ],
            [
              -121.4955698,
              38.1063725
            ],
            [
              -121.4950119,
              38.1063388
            ],
            [
              -121.4938961,
              38.1064738
            ],
            [
              -121.4930378,
              38.1068791
            ],
            [
              -121.4921795,
              38.107318
            ],
            [
              -121.4910637,
              38.1074193
            ],
            [
              -121.4897333,
              38.1070817
            ],
            [
              -121.4887892,
              38.1062375
            ],
            [
              -121.4882313,
              38.1053595
            ],
            [
              -121.48836,
              38.1035021
            ],
            [
              -121.4877163,
              38.1025228
            ],
            [
              -121.487845,
              38.1014084
            ],
            [
              -121.4732967,
              38.1014759
            ],
            [
              -121.4707647,
              38.1002264
            ],
            [
              -121.4702068,
              38.0994834
            ],
            [
              -121.4695202,
              38.0992132
            ],
            [
              -121.468619,
              38.0993483
            ],
            [
              -121.4667736,
              38.0983014
            ],
            [
              -121.4559589,
              38.0995172
            ],
            [
              -121.4560019,
              38.1155908
            ],
            [
              -121.4843689,
              38.1155908
            ],
            [
              -121.4902054,
              38.1156245
            ],
            [
              -121.4972435,
              38.1151856
            ]
          ]
        ],
        "type": "Polygon"
      },
      "id": "1LyQTi41capDJlbp2poiBLJkV_Mb-HdDX",
      "properties": {
        "area_sq_km": 5.6916,
        "doc_description": ">North to Hwy 12, >South to N. Peatland Rd., >East to N. Peatland Rd., >West to Potato Rd.",
        "doc_name": "D18- Delta Area- A Portion of Terminous Tract including Tower Park Marina",
        "fetched_at": "2026-07-27T10:52:55Z",
        "mid": "1LyQTi41capDJlbp2poiBLJkV_Mb-HdDX",
        "zone_code": "D18"
      },
      "type": "Feature"
    },
    {
      "geometry": {
        "coordinates": [
          [
            [
              -120.9792664,
              37.8242173
            ],
            [
              -120.9976342,
              37.8241834
            ],
            [
              -120.9973983,
              37.8132458
            ],
            [
              -121.0017113,
              37.8131904
            ],
            [
              -121.0014966,
              37.8067738
            ],
            [
              -120.9971191,
              37.8067146
            ],
            [
              -120.9968618,
              37.7970425
            ],
            [
              -120.9959176,
              37.7970086
            ],
            [
              -120.9952524,
              37.7965338
            ],
            [
              -120.992699,
              37.7964322
            ],
            [
              -120.992302,
              37.7964153
            ],
            [
              -120.9917977,
              37.7964491
            ],
            [
              -120.9863689,
              37.7963473
            ],
            [
              -120.9780971,
              37.7963813
            ],
            [
              -120.9781936,
              37.7985176
            ],
            [
              -120.9790519,
              37.8005183
            ],
            [
              -120.9791806,
              37.8132333
            ],
            [
              -120.9784082,
              37.8138436
            ],
            [
              -120.9785369,
              37.817878
            ],
            [
              -120.9792664,
              37.8242173
            ]
          ]
        ],
        "type": "Polygon"
      },
      "id": "1MIStxuceg1uzCnsImIpLkuZ9JmwqDxby",
      "properties": {
        "area_sq_km": 5.2642,
        "doc_description": ">North to Buerer Rd., >South to California St., > East to Campbell Ave., >West to Escalon-Bellota Rd. Including Escalon Golf Course.",
        "doc_name": "E44b- Portion of North Escalon",
        "fetched_at": "2026-07-27T10:52:56Z",
        "mid": "1MIStxuceg1uzCnsImIpLkuZ9JmwqDxby",
        "zone_code": "E44b"
      },
      "type": "Feature"
    },
    {
      "geometry": {
        "coordinates": [
          [
            [
              -121.3672076,
              37.9409962
            ],
            [
              -121.3670789,
              37.9269492
            ],
            [
              -121.3369952,
              37.9268815
            ],
            [
              -121.3350211,
              37.9269153
            ],
            [
              -121.3336478,
              37.9270846
            ],
            [
              -121.332575,
              37.9273554
            ],
            [
              -121.3315021,
              37.9275924
            ],
            [
              -121.3300859,
              37.9280663
            ],
            [
              -121.3286697,
              37.9284048
            ],
            [
              -121.3281976,
              37.9287094
            ],
            [
              -121.3282834,
              37.9294541
            ],
            [
              -121.3279401,
              37.9304019
            ],
            [
              -121.3281547,
              37.9316544
            ],
            [
              -121.3284122,
              37.9326698
            ],
            [
              -121.3289701,
              37.9335838
            ],
            [
              -121.3293134,
              37.9342607
            ],
            [
              -121.3300859,
              37.934633
            ],
            [
              -121.3306438,
              37.9349715
            ],
            [
              -121.331545,
              37.9351746
            ],
            [
              -121.332532,
              37.9354115
            ],
            [
              -121.3332616,
              37.9354115
            ],
            [
              -121.3336049,
              37.9355131
            ],
            [
              -121.3343345,
              37.93619
            ],
            [
              -121.3349353,
              37.9369347
            ],
            [
              -121.3356219,
              37.9377131
            ],
            [
              -121.3363944,
              37.9383901
            ],
            [
              -121.3373815,
              37.9387624
            ],
            [
              -121.3382827,
              37.9388978
            ],
            [
              -121.3393127,
              37.9388639
            ],
            [
              -121.3405572,
              37.9388978
            ],
            [
              -121.3418447,
              37.9386947
            ],
            [
              -121.3429176,
              37.9385931
            ],
            [
              -121.3436471,
              37.9391347
            ],
            [
              -121.3448058,
              37.9402854
            ],
            [
              -121.3455354,
              37.9411316
            ],
            [
              -121.3461791,
              37.9418761
            ],
            [
              -121.346222,
              37.942553
            ],
            [
              -121.3456212,
              37.942993
            ],
            [
              -121.3446342,
              37.9432299
            ],
            [
              -121.3423167,
              37.9444483
            ],
            [
              -121.3412439,
              37.9461066
            ],
            [
              -121.3410293,
              37.9465127
            ],
            [
              -121.3393985,
              37.9470203
            ],
            [
              -121.3390981,
              37.9471895
            ],
            [
              -121.3399993,
              37.9483063
            ],
            [
              -121.3410293,
              37.9480017
            ],
            [
              -121.343175,
              37.9484417
            ],
            [
              -121.3559209,
              37.9483402
            ],
            [
              -121.3569509,
              37.947731
            ],
            [
              -121.3577663,
              37.9472572
            ],
            [
              -121.3583242,
              37.946445
            ],
            [
              -121.3586246,
              37.9458358
            ],
            [
              -121.3587104,
              37.9452267
            ],
            [
              -121.3588821,
              37.9443129
            ],
            [
              -121.3590966,
              37.9436022
            ],
            [
              -121.3591396,
              37.9427899
            ],
            [
              -121.3591396,
              37.9419777
            ],
            [
              -121.3589679,
              37.9411992
            ],
            [
              -121.3588391,
              37.9406916
            ],
            [
              -121.3598262,
              37.9406577
            ],
            [
              -121.3607274,
              37.9410977
            ],
            [
              -121.3612853,
              37.9414362
            ],
            [
              -121.361972,
              37.9414023
            ],
            [
              -121.3627015,
              37.9410977
            ],
            [
              -121.3634311,
              37.9409962
            ],
            [
              -121.3641606,
              37.9407931
            ],
            [
              -121.3651906,
              37.9408608
            ],
            [
              -121.3662206,
              37.94103
            ],
            [
              -121.3669501,
              37.9413008
            ],
            [
              -121.3672076,
              37.9409962
            ]
          ]
        ],
        "type": "Polygon"
      },
      "id": "1MYqWA3jRRwTf-B1RYAiB_BgXrHmjVR8c",
      "properties": {
        "area_sq_km": 5.8175,
        "doc_description": "South East Stockton including a portion of Stockton Port and Stockton Waste Water Facility",
        "doc_name": "South East Stockton",
        "fetched_at": "2026-07-27T10:52:56Z",
        "mid": "1MYqWA3jRRwTf-B1RYAiB_BgXrHmjVR8c",
        "zone_code": null
      },
      "type": "Feature"
    },
    {
      "geometry": {
        "coordinates": [
          [
            [
              -121.5242639,
              38.175399
            ],
            [
              -121.5391985,
              38.1196446
            ],
            [
              -121.5007463,
              38.1161332
            ],
            [
              -121.4895883,
              38.175399
            ],
            [
              -121.5242639,
              38.175399
            ]
          ]
        ],
        "type": "Polygon"
      },
      "id": "1Mu7Z_-wX6WLKRtgA4c0gWL6wphwIzMF1",
      "properties": {
        "area_sq_km": 20.6698,
        "doc_description": "Portions of Brack Tract, Canal Ranch Tract, Terminous Tract, and Staten Island",
        "doc_name": "D24- Delta Area West of Lodi",
        "fetched_at": "2026-07-27T10:52:57Z",
        "mid": "1Mu7Z_-wX6WLKRtgA4c0gWL6wphwIzMF1",
        "zone_code": "D24"
      },
      "type": "Feature"
    },
    {
      "geometry": {
        "coordinates": [
          [
            [
              -121.3505658,
              37.9720987
            ],
            [
              -121.3559731,
              37.9684111
            ],
            [
              -121.3545355,
              37.9651969
            ],
            [
              -121.3540205,
              37.9627947
            ],
            [
              -121.3368329,
              37.9671424
            ],
            [
              -121.3414754,
              37.9785895
            ],
            [
              -121.342964,
              37.9775367
            ],
            [
              -121.3450402,
              37.9757693
            ],
            [
              -121.3475188,
              37.9738917
            ],
            [
              -121.3505658,
              37.9720987
            ]
          ]
        ],
        "type": "Polygon"
      },
      "id": "1MxgEi73R7kgSiHUEjT43aejAxLetUio",
      "properties": {
        "area_sq_km": 1.5183,
        "doc_description": ">North to Calaveras River, >South to Michigan Ave., >East to I-5, >West to Rainer Ave",
        "doc_name": "S54- Portion of West Stockton",
        "fetched_at": "2026-07-27T10:52:57Z",
        "mid": "1MxgEi73R7kgSiHUEjT43aejAxLetUio",
        "zone_code": "S54"
      },
      "type": "Feature"
    },
    {
      "geometry": {
        "coordinates": [
          [
            [
              -121.423478,
              38.198826
            ],
            [
              -121.456403,
              38.199354
            ],
            [
              -121.459889,
              38.145373
            ],
            [
              -121.434457,
              38.144792
            ],
            [
              -121.423478,
              38.198826
            ]
          ]
        ],
        "type": "Polygon"
      },
      "id": "1NcsGzNR3pg-yUNt4n7AMxGK9vFlJUCg",
      "properties": {
        "area_sq_km": 15.3568,
        "doc_description": null,
        "doc_name": "D36- Rural Delta Island",
        "fetched_at": "2026-07-27T10:52:58Z",
        "mid": "1NcsGzNR3pg-yUNt4n7AMxGK9vFlJUCg",
        "zone_code": "D36"
      },
      "type": "Feature"
    },
    {
      "geometry": {
        "coordinates": [
          [
            [
              -121.2264564,
              37.819026
            ],
            [
              -121.2263813,
              37.8162206
            ],
            [
              -121.2192252,
              37.8162291
            ],
            [
              -121.2186565,
              37.8162037
            ],
            [
              -121.2181201,
              37.8161698
            ],
            [
              -121.2172725,
              37.8161528
            ],
            [
              -121.2173154,
              37.8174242
            ],
            [
              -121.2174227,
              37.8177123
            ],
            [
              -121.217412,
              37.8183734
            ],
            [
              -121.217809,
              37.8183734
            ],
            [
              -121.2181308,
              37.8183734
            ],
            [
              -121.21856,
              37.8184327
            ],
            [
              -121.2187853,
              37.8185514
            ],
            [
              -121.2190857,
              37.8186361
            ],
            [
              -121.2193754,
              37.8188904
            ],
            [
              -121.2198153,
              37.819026
            ],
            [
              -121.2204268,
              37.8190599
            ],
            [
              -121.2264564,
              37.819026
            ]
          ]
        ],
        "type": "Polygon"
      },
      "id": "1O7jMETA9g4Wv2LntTO5N5NqxNKraNkE",
      "properties": {
        "area_sq_km": 0.2391,
        "doc_description": ">North to Northgate Dr., >South to Joseph Dr., East to N. Main St., >West to Tidewater Park",
        "doc_name": "M19B-Portion of East Manteca",
        "fetched_at": "2026-07-27T10:52:59Z",
        "mid": "1O7jMETA9g4Wv2LntTO5N5NqxNKraNkE",
        "zone_code": "M19B"
      },
      "type": "Feature"
    },
    {
      "geometry": {
        "coordinates": [
          [
            [
              -121.2904924,
              38.0021315
            ],
            [
              -121.2887005,
              37.9975406
            ],
            [
              -121.2878476,
              37.9952282
            ],
            [
              -121.2873997,
              37.9940044
            ],
            [
              -121.2871758,
              37.9933417
            ],
            [
              -121.2870638,
              37.993078
            ],
            [
              -121.2867802,
              37.9930849
            ],
            [
              -121.2862223,
              37.9932033
            ],
            [
              -121.2857931,
              37.993254
            ],
            [
              -121.2847203,
              37.9933217
            ],
            [
              -121.2836688,
              37.9934908
            ],
            [
              -121.2828749,
              37.9936937
            ],
            [
              -121.2825959,
              37.9938966
            ],
            [
              -121.2820595,
              37.9941164
            ],
            [
              -121.2812656,
              37.9942179
            ],
            [
              -121.280536,
              37.9944039
            ],
            [
              -121.2800854,
              37.9944377
            ],
            [
              -121.2790554,
              37.9946407
            ],
            [
              -121.2783473,
              37.9949958
            ],
            [
              -121.277489,
              37.9952325
            ],
            [
              -121.2768453,
              37.9952663
            ],
            [
              -121.2759655,
              37.995148
            ],
            [
              -121.2754291,
              37.9952663
            ],
            [
              -121.2752789,
              37.9956384
            ],
            [
              -121.2750428,
              37.9961795
            ],
            [
              -121.2749356,
              37.9964162
            ],
            [
              -121.2746137,
              37.9968728
            ],
            [
              -121.274206,
              37.9972786
            ],
            [
              -121.2736695,
              37.9976337
            ],
            [
              -121.2728971,
              37.997955
            ],
            [
              -121.2714379,
              37.9997135
            ],
            [
              -121.270923,
              37.9999164
            ],
            [
              -121.2698501,
              38.0000179
            ],
            [
              -121.2686914,
              38.0002884
            ],
            [
              -121.2684339,
              38.0007281
            ],
            [
              -121.2681764,
              38.0012522
            ],
            [
              -121.2679833,
              38.0018778
            ],
            [
              -121.2677472,
              38.0025204
            ],
            [
              -121.2678974,
              38.0032305
            ],
            [
              -121.2679618,
              38.0037716
            ],
            [
              -121.267361,
              38.0042619
            ],
            [
              -121.2674897,
              38.0046677
            ],
            [
              -121.2718027,
              38.0057329
            ],
            [
              -121.2740129,
              38.005716
            ],
            [
              -121.2760943,
              38.0055131
            ],
            [
              -121.2773174,
              38.0053102
            ],
            [
              -121.2904924,
              38.0021315
            ]
          ]
        ],
        "type": "Polygon"
      },
      "id": "1O9KFXAG8MmfBgN9evCATqbR8TKWWl30",
      "properties": {
        "area_sq_km": 1.7978,
        "doc_description": ">North to March Lane > South to the Calaveras River, East to the Calaveras River, >West to West Lane.",
        "doc_name": "S56-Portion of Northeast Stockton",
        "fetched_at": "2026-07-27T10:52:59Z",
        "mid": "1O9KFXAG8MmfBgN9evCATqbR8TKWWl30",
        "zone_code": "S56"
      },
      "type": "Feature"
    },
    {
      "geometry": {
        "coordinates": [
          [
            [
              -121.4164483,
              37.710714
            ],
            [
              -121.4345602,
              37.7106299
            ],
            [
              -121.4346444,
              37.6959949
            ],
            [
              -121.4164269,
              37.6960119
            ],
            [
              -121.4164483,
              37.710714
            ]
          ]
        ],
        "type": "Polygon"
      },
      "id": "1OGe7S0FTnc-i2kN8--7RatRAWjFpN8k",
      "properties": {
        "area_sq_km": 2.6065,
        "doc_description": ">North to Valpico Rd., >South to W. Linne Rd., >East to S. MacArthur Dr., >West to S. Tracy Blvd.",
        "doc_name": "T33- Portion of South Tracy",
        "fetched_at": "2026-07-27T10:53:00Z",
        "mid": "1OGe7S0FTnc-i2kN8--7RatRAWjFpN8k",
        "zone_code": "T33"
      },
      "type": "Feature"
    },
    {
      "geometry": {
        "coordinates": [
          [
            [
              -121.2971585,
              38.1084384
            ],
            [
              -121.2972014,
              38.1064629
            ],
            [
              -121.2972443,
              38.1008909
            ],
            [
              -121.2970298,
              38.1008909
            ],
            [
              -121.2810223,
              38.1009078
            ],
            [
              -121.2785547,
              38.1008571
            ],
            [
              -121.2786835,
              38.1077968
            ],
            [
              -121.2807434,
              38.1078474
            ],
            [
              -121.2831466,
              38.1083708
            ],
            [
              -121.2971585,
              38.1084384
            ]
          ]
        ],
        "type": "Polygon"
      },
      "id": "1P07gRNAxpSWWv5dOc6_3iTVFPX9WL1U",
      "properties": {
        "area_sq_km": 1.3391,
        "doc_description": ">North to W. Century Blvd., >South to W. Harney Ln., >East to S. Hutchins St., >West to S. Mills Ave.",
        "doc_name": "L25- Portion of South Lodi",
        "fetched_at": "2026-07-27T10:53:00Z",
        "mid": "1P07gRNAxpSWWv5dOc6_3iTVFPX9WL1U",
        "zone_code": "L25"
      },
      "type": "Feature"
    },
    {
      "geometry": {
        "coordinates": [
          [
            [
              -121.4809808,
              37.8963066
            ],
            [
              -121.4586648,
              37.8646694
            ],
            [
              -121.4253625,
              37.8744262
            ],
            [
              -121.4516267,
              37.9103933
            ],
            [
              -121.4588365,
              37.9061269
            ],
            [
              -121.4669046,
              37.9016571
            ],
            [
              -121.473771,
              37.8980675
            ],
            [
              -121.4809808,
              37.8963066
            ]
          ]
        ],
        "type": "Polygon"
      },
      "id": "1P25t-QNvHCVcOXCieQF8buIwituYH59d",
      "properties": {
        "area_sq_km": 12.8803,
        "doc_description": ">North to Hwy 4, >South one mile south of Middle River, > East to one mile east of Tracy Blvd, >West to one mile west of Tracy Blvd.",
        "doc_name": "D15- Delta Area: Tracy Blvd & Middle River",
        "fetched_at": "2026-07-27T10:53:01Z",
        "mid": "1P25t-QNvHCVcOXCieQF8buIwituYH59d",
        "zone_code": "D15"
      },
      "type": "Feature"
    },
    {
      "geometry": {
        "coordinates": [
          [
            [
              -121.4771995,
              37.7808329
            ],
            [
              -121.4774355,
              37.7808838
            ],
            [
              -121.4772209,
              37.7651948
            ],
            [
              -121.4531454,
              37.7653136
            ],
            [
              -121.4531454,
              37.7809686
            ],
            [
              -121.4771995,
              37.7808329
            ]
          ]
        ],
        "type": "Polygon"
      },
      "id": "1PPsU-zU4E7o38jewej01KJENgcDijqOW",
      "properties": {
        "area_sq_km": 3.698,
        "doc_description": ">North to Bethany Rd., >South to Larch Rd., >East to Corral Hollow Rd., >West to Lammers Rd.",
        "doc_name": "T19- Portion of Rural North Tracy",
        "fetched_at": "2026-07-27T10:53:02Z",
        "mid": "1PPsU-zU4E7o38jewej01KJENgcDijqOW",
        "zone_code": "T19"
      },
      "type": "Feature"
    },
    {
      "geometry": {
        "coordinates": [
          [
            [
              -121.366394,
              37.9864759
            ],
            [
              -121.36604,
              37.9863068
            ],
            [
              -121.3655142,
              37.9861462
            ],
            [
              -121.3649134,
              37.9860362
            ],
            [
              -121.3645272,
              37.9860278
            ],
            [
              -121.3638405,
              37.9860616
            ],
            [
              -121.3632183,
              37.9861462
            ],
            [
              -121.3626389,
              37.9861715
            ],
            [
              -121.3622956,
              37.9861462
            ],
            [
              -121.361448,
              37.9861123
            ],
            [
              -121.3608794,
              37.9860616
            ],
            [
              -121.3603537,
              37.9860024
            ],
            [
              -121.3598065,
              37.9860278
            ],
            [
              -121.3593344,
              37.9860616
            ],
            [
              -121.3588624,
              37.9860954
            ],
            [
              -121.3583903,
              37.98618
            ],
            [
              -121.3581221,
              37.9862815
            ],
            [
              -121.3578109,
              37.986552
            ],
            [
              -121.3575105,
              37.986459
            ],
            [
              -121.3571028,
              37.9863745
            ],
            [
              -121.3565449,
              37.9863745
            ],
            [
              -121.3560407,
              37.986366
            ],
            [
              -121.355515,
              37.9863406
            ],
            [
              -121.3551502,
              37.9862899
            ],
            [
              -121.3547318,
              37.9861715
            ],
            [
              -121.3545065,
              37.9867465
            ],
            [
              -121.3540988,
              37.987516
            ],
            [
              -121.3537769,
              37.9882517
            ],
            [
              -121.3536803,
              37.9887421
            ],
            [
              -121.3538413,
              37.9894862
            ],
            [
              -121.3542597,
              37.9901035
            ],
            [
              -121.3549034,
              37.9906193
            ],
            [
              -121.3555472,
              37.9908645
            ],
            [
              -121.3563089,
              37.991042
            ],
            [
              -121.3570492,
              37.9910336
            ],
            [
              -121.3585405,
              37.9906869
            ],
            [
              -121.3597314,
              37.9903402
            ],
            [
              -121.3609974,
              37.9901796
            ],
            [
              -121.3615124,
              37.9902388
            ],
            [
              -121.362478,
              37.9904248
            ],
            [
              -121.3630681,
              37.9904502
            ],
            [
              -121.3637762,
              37.9903741
            ],
            [
              -121.364377,
              37.9902049
            ],
            [
              -121.3649349,
              37.9898667
            ],
            [
              -121.3653962,
              37.9894778
            ],
            [
              -121.3657932,
              37.9886322
            ],
            [
              -121.3660078,
              37.9871101
            ],
            [
              -121.366394,
              37.9864759
            ]
          ]
        ],
        "type": "Polygon"
      },
      "id": "1PgUCI5L267GhPiahg5GpoJV1eCizX1A",
      "properties": {
        "area_sq_km": 0.4913,
        "doc_description": ">North to Riverbrook Dr., >South to Brookview Dr. and Shadowbrook Dr., >East to Brookside Rd., >West to Riverbrook Dr.",
        "doc_name": "S32- Stockton- Portion of Brookside",
        "fetched_at": "2026-07-27T10:53:03Z",
        "mid": "1PgUCI5L267GhPiahg5GpoJV1eCizX1A",
        "zone_code": "S32"
      },
      "type": "Feature"
    },
    {
      "geometry": {
        "coordinates": [
          [
            [
              -120.9688123,
              37.7804879
            ],
            [
              -120.9690698,
              37.7805557
            ],
            [
              -120.9690483,
              37.7759766
            ],
            [
              -120.9617527,
              37.7704303
            ],
            [
              -120.9614737,
              37.7706678
            ],
            [
              -120.9591134,
              37.7705829
            ],
            [
              -120.9567316,
              37.7688868
            ],
            [
              -120.9431489,
              37.7688868
            ],
            [
              -120.9408958,
              37.7689207
            ],
            [
              -120.9363468,
              37.7689377
            ],
            [
              -120.9365399,
              37.7803861
            ],
            [
              -120.9455951,
              37.7802674
            ],
            [
              -120.9496935,
              37.7804031
            ],
            [
              -120.9537275,
              37.7804031
            ],
            [
              -120.9600146,
              37.7804031
            ],
            [
              -120.9646066,
              37.7804031
            ],
            [
              -120.9666236,
              37.7802504
            ],
            [
              -120.9688123,
              37.7804879
            ]
          ]
        ],
        "type": "Polygon"
      },
      "id": "1PrhNb2mT6Ka8yJVJCtEVTRN1BM9DAixw",
      "properties": {
        "area_sq_km": 3.2843,
        "doc_description": ">North to Lemon Ave., South to S.S.J.I.D canal, >East to Sutliff Rd., >West to Santa Fe Rd. and Harrold Rd.",
        "doc_name": "E34- Rural Southeast Escalon",
        "fetched_at": "2026-07-27T10:53:03Z",
        "mid": "1PrhNb2mT6Ka8yJVJCtEVTRN1BM9DAixw",
        "zone_code": "E34"
      },
      "type": "Feature"
    },
    {
      "geometry": {
        "coordinates": [
          [
            [
              -121.2557831,
              37.6840021
            ],
            [
              -121.2570486,
              37.6825751
            ],
            [
              -121.258325,
              37.6814881
            ],
            [
              -121.2610044,
              37.6802993
            ],
            [
              -121.2624822,
              37.6793143
            ],
            [
              -121.2635736,
              37.6784654
            ],
            [
              -121.2643769,
              37.6778372
            ],
            [
              -121.2651142,
              37.6761687
            ],
            [
              -121.2645639,
              37.6749078
            ],
            [
              -121.2623615,
              37.6731543
            ],
            [
              -121.2601447,
              37.6719378
            ],
            [
              -121.2567189,
              37.6704973
            ],
            [
              -121.2556791,
              37.6698799
            ],
            [
              -121.2547681,
              37.6692284
            ],
            [
              -121.2533753,
              37.6683333
            ],
            [
              -121.2511813,
              37.6638368
            ],
            [
              -121.2501462,
              37.6631793
            ],
            [
              -121.2485911,
              37.6630872
            ],
            [
              -121.247455,
              37.6641258
            ],
            [
              -121.2468134,
              37.6673581
            ],
            [
              -121.2471137,
              37.6726573
            ],
            [
              -121.2456546,
              37.6734726
            ],
            [
              -121.2442002,
              37.6731625
            ],
            [
              -121.2433902,
              37.6718674
            ],
            [
              -121.243058,
              37.6696171
            ],
            [
              -121.2421361,
              37.6683096
            ],
            [
              -121.2426511,
              37.6672905
            ],
            [
              -121.2420502,
              37.6664752
            ],
            [
              -121.2410631,
              37.6654561
            ],
            [
              -121.2395611,
              37.6651503
            ],
            [
              -121.2347117,
              37.6640292
            ],
            [
              -121.2344113,
              37.6632479
            ],
            [
              -121.2329951,
              37.6628062
            ],
            [
              -121.2310209,
              37.663078
            ],
            [
              -121.2304201,
              37.6634517
            ],
            [
              -121.2293902,
              37.6644709
            ],
            [
              -121.2299481,
              37.6656599
            ],
            [
              -121.2302914,
              37.6664752
            ],
            [
              -121.2300768,
              37.6682077
            ],
            [
              -121.2293043,
              37.6693627
            ],
            [
              -121.2232534,
              37.6705176
            ],
            [
              -121.2222663,
              37.6706875
            ],
            [
              -121.2216226,
              37.6717745
            ],
            [
              -121.2217084,
              37.6726577
            ],
            [
              -121.2226526,
              37.6738126
            ],
            [
              -121.2233821,
              37.6774131
            ],
            [
              -121.2226955,
              37.678432
            ],
            [
              -121.2227384,
              37.6790434
            ],
            [
              -121.2231246,
              37.6796208
            ],
            [
              -121.2229959,
              37.6805039
            ],
            [
              -121.2233392,
              37.6808096
            ],
            [
              -121.2232963,
              37.6815568
            ],
            [
              -121.22394,
              37.6831871
            ],
            [
              -121.2240258,
              37.6839003
            ],
            [
              -121.2232105,
              37.6841041
            ],
            [
              -121.2227813,
              37.6836965
            ],
            [
              -121.2220947,
              37.6831531
            ],
            [
              -121.2212363,
              37.6832889
            ],
            [
              -121.2218372,
              37.6836286
            ],
            [
              -121.2209359,
              37.684172
            ],
            [
              -121.2202064,
              37.6852588
            ],
            [
              -121.2196914,
              37.6861078
            ],
            [
              -121.2185756,
              37.6861078
            ],
            [
              -121.217846,
              37.6864814
            ],
            [
              -121.2174598,
              37.6871267
            ],
            [
              -121.2170306,
              37.6881795
            ],
            [
              -121.2165586,
              37.6880776
            ],
            [
              -121.2160436,
              37.6874663
            ],
            [
              -121.2157432,
              37.6870588
            ],
            [
              -121.2137691,
              37.6870248
            ],
            [
              -121.2128249,
              37.6867192
            ],
            [
              -121.2124387,
              37.6861078
            ],
            [
              -121.2113658,
              37.6860739
            ],
            [
              -121.2106792,
              37.6861758
            ],
            [
              -121.2088767,
              37.6867871
            ],
            [
              -121.2086192,
              37.6872625
            ],
            [
              -121.2087909,
              37.687738
            ],
            [
              -121.2083617,
              37.688655
            ],
            [
              -121.2077609,
              37.6896059
            ],
            [
              -121.2061301,
              37.6915755
            ],
            [
              -121.2058297,
              37.6920849
            ],
            [
              -121.2084905,
              37.6945639
            ],
            [
              -121.2099496,
              37.6943602
            ],
            [
              -121.2116233,
              37.6932735
            ],
            [
              -121.21231,
              37.6933075
            ],
            [
              -121.214842,
              37.6924585
            ],
            [
              -121.2172023,
              37.6916435
            ],
            [
              -121.2261502,
              37.696924
            ],
            [
              -121.2330918,
              37.7006337
            ],
            [
              -121.2396041,
              37.7011515
            ],
            [
              -121.243166,
              37.6951751
            ],
            [
              -121.2444107,
              37.6935791
            ],
            [
              -121.2456122,
              37.6922208
            ],
            [
              -121.2470713,
              37.6909642
            ],
            [
              -121.2491742,
              37.689436
            ],
            [
              -121.2555041,
              37.6967621
            ],
            [
              -121.2635722,
              37.6947246
            ],
            [
              -121.2696447,
              37.6946568
            ],
            [
              -121.2700522,
              37.6919401
            ],
            [
              -121.271833,
              37.6901066
            ],
            [
              -121.2742685,
              37.6891899
            ],
            [
              -121.2740271,
              37.6882562
            ],
            [
              -121.2700442,
              37.6886044
            ],
            [
              -121.2675377,
              37.6868086
            ],
            [
              -121.2608772,
              37.6884237
            ],
            [
              -121.2558475,
              37.6874572
            ],
            [
              -121.2551396,
              37.686006
            ],
            [
              -121.2557831,
              37.6840021
            ]
          ]
        ],
        "type": "Polygon"
      },
      "id": "1PtKWxfATC5NoqRv8QIi32j9ox7pMZt0",
      "properties": {
        "area_sq_km": 12.406,
        "doc_description": ">North to Airport Way, Division Rd. and Avenue D, >South to San Joaquin and Stanislaus Rivers, > East to Stanislaus River, >West to San Joaquin River",
        "doc_name": "SC11A- Portion of Rural South County",
        "fetched_at": "2026-07-27T10:53:04Z",
        "mid": "1PtKWxfATC5NoqRv8QIi32j9ox7pMZt0",
        "zone_code": "SC11A"
      },
      "type": "Feature"
    },
    {
      "geometry": {
        "coordinates": [
          [
            [
              -121.2697666,
              38.0371033
            ],
            [
              -121.2597244,
              38.0371371
            ],
            [
              -121.2597673,
              38.0380159
            ],
            [
              -121.2592094,
              38.0390299
            ],
            [
              -121.2589519,
              38.0442349
            ],
            [
              -121.2593382,
              38.0498788
            ],
            [
              -121.2616985,
              38.0499127
            ],
            [
              -121.2638872,
              38.0498113
            ],
            [
              -121.2650888,
              38.0496423
            ],
            [
              -121.2673633,
              38.0496423
            ],
            [
              -121.2697237,
              38.0496761
            ],
            [
              -121.2699812,
              38.0480539
            ],
            [
              -121.2697666,
              38.0371033
            ]
          ]
        ],
        "type": "Polygon"
      },
      "id": "1QCMBWr2Xe4bOTNbCh6NjUr29o6tCIOw",
      "properties": {
        "area_sq_km": 1.3149,
        "doc_description": ">North to Zeppelin Ln., >South to E. Morada Ln., >East to 99 Frontage Rd., >West to Holman Rd.",
        "doc_name": "S44-North Morada",
        "fetched_at": "2026-07-27T10:53:04Z",
        "mid": "1QCMBWr2Xe4bOTNbCh6NjUr29o6tCIOw",
        "zone_code": "S44"
      },
      "type": "Feature"
    },
    {
      "geometry": {
        "coordinates": [
          [
            [
              -121.1585031,
              38.1466788
            ],
            [
              -121.1327539,
              38.1471513
            ],
            [
              -121.1341701,
              38.1703337
            ],
            [
              -121.142839,
              38.1678707
            ],
            [
              -121.1465726,
              38.1655088
            ],
            [
              -121.1497484,
              38.1629782
            ],
            [
              -121.1521516,
              38.1614598
            ],
            [
              -121.1551128,
              38.1547446
            ],
            [
              -121.1588893,
              38.1466113
            ],
            [
              -121.1585031,
              38.1466788
            ]
          ]
        ],
        "type": "Polygon"
      },
      "id": "1QS2-HBcpX3Owbe7m5wVgAC7lve9gkmqN",
      "properties": {
        "area_sq_km": 4.1045,
        "doc_description": ">North to Hwy 88, >South to Brandt Rd., >East to one mile east of Jack Tone Rd., >West to Jack Tone Rd.",
        "doc_name": "L20- Portion of Lockeford",
        "fetched_at": "2026-07-27T10:53:05Z",
        "mid": "1QS2-HBcpX3Owbe7m5wVgAC7lve9gkmqN",
        "zone_code": "L20"
      },
      "type": "Feature"
    },
    {
      "geometry": {
        "coordinates": [
          [
            [
              -120.9400206,
              37.8278057
            ],
            [
              -120.942853,
              37.8278057
            ],
            [
              -120.9424668,
              37.8183139
            ],
            [
              -120.9238416,
              37.8182461
            ],
            [
              -120.9240562,
              37.8277379
            ],
            [
              -120.9278327,
              37.8277379
            ],
            [
              -120.9400206,
              37.8278057
            ]
          ]
        ],
        "type": "Polygon"
      },
      "id": "1QiNT1gi7mNosct7nFbhvzzHjX11S6l8",
      "properties": {
        "area_sq_km": 1.7341,
        "doc_description": ">North to Lone Tree Rd., >South to 1/4 mile south of Dutra Ln., >East to Victory Rd., >West to Henry Rd.",
        "doc_name": "E41a-Portion of Rural Northeast Escalon",
        "fetched_at": "2026-07-27T10:53:06Z",
        "mid": "1QiNT1gi7mNosct7nFbhvzzHjX11S6l8",
        "zone_code": "E41a"
      },
      "type": "Feature"
    },
    {
      "geometry": {
        "coordinates": [
          [
            [
              -121.2156793,
              37.77572
            ],
            [
              -121.2156579,
              37.7703095
            ],
            [
              -121.2147137,
              37.7704621
            ],
            [
              -121.2133834,
              37.770072
            ],
            [
              -121.2121388,
              37.769614
            ],
            [
              -121.2093493,
              37.7695462
            ],
            [
              -121.2060663,
              37.7693087
            ],
            [
              -121.2060877,
              37.7681044
            ],
            [
              -121.205444,
              37.7663573
            ],
            [
              -121.2054655,
              37.7658993
            ],
            [
              -121.2055942,
              37.765136
            ],
            [
              -121.2019893,
              37.7651869
            ],
            [
              -121.2019464,
              37.7659332
            ],
            [
              -121.1973759,
              37.7660011
            ],
            [
              -121.1976334,
              37.7758388
            ],
            [
              -121.2156793,
              37.77572
            ]
          ]
        ],
        "type": "Polygon"
      },
      "id": "1RGkReWEmT2HPCaB-sRinf01r56gr6Oc",
      "properties": {
        "area_sq_km": 1.4089,
        "doc_description": "North to Woodward Ave > South to Sawtooth Rd > East to Pillsbury Rd > West to Main Street",
        "doc_name": "M36- Portion of South Manteca",
        "fetched_at": "2026-07-27T10:53:06Z",
        "mid": "1RGkReWEmT2HPCaB-sRinf01r56gr6Oc",
        "zone_code": "M36"
      },
      "type": "Feature"
    },
    {
      "geometry": {
        "coordinates": [
          [
            [
              -121.4991078,
              38.1773725
            ],
            [
              -121.5255437,
              38.1781821
            ],
            [
              -121.5250287,
              38.1762929
            ],
            [
              -121.5233121,
              38.1730542
            ],
            [
              -121.5246854,
              38.1708949
            ],
            [
              -121.5267453,
              38.1696803
            ],
            [
              -121.5284619,
              38.1690055
            ],
            [
              -121.5301785,
              38.1645517
            ],
            [
              -121.5330968,
              38.1622573
            ],
            [
              -121.5341267,
              38.1556434
            ],
            [
              -121.536015,
              38.1511888
            ],
            [
              -121.53756,
              38.1506488
            ],
            [
              -121.5408215,
              38.1514588
            ],
            [
              -121.5421948,
              38.1507838
            ],
            [
              -121.5425381,
              38.1472739
            ],
            [
              -121.5435681,
              38.1460589
            ],
            [
              -121.547688,
              38.1472739
            ],
            [
              -121.5497479,
              38.1449789
            ],
            [
              -121.5542111,
              38.1445739
            ],
            [
              -121.558331,
              38.1437639
            ],
            [
              -121.559361,
              38.1421438
            ],
            [
              -121.556786,
              38.1394436
            ],
            [
              -121.5562711,
              38.1371483
            ],
            [
              -121.5576443,
              38.1357981
            ],
            [
              -121.5607343,
              38.135123
            ],
            [
              -121.5643391,
              38.1341779
            ],
            [
              -121.5662274,
              38.1336378
            ],
            [
              -121.5624509,
              38.1320174
            ],
            [
              -121.5607343,
              38.129722
            ],
            [
              -121.559361,
              38.1248607
            ],
            [
              -121.558846,
              38.1213495
            ],
            [
              -121.5579877,
              38.119864
            ],
            [
              -121.5554128,
              38.1181083
            ],
            [
              -121.5514645,
              38.1177032
            ],
            [
              -121.5464864,
              38.1181083
            ],
            [
              -121.5428815,
              38.1183784
            ],
            [
              -121.5355,
              38.119864
            ],
            [
              -121.5286336,
              38.1229701
            ],
            [
              -121.5185056,
              38.1240504
            ],
            [
              -121.5135274,
              38.1229701
            ],
            [
              -121.5102658,
              38.1221598
            ],
            [
              -121.5094075,
              38.1206743
            ],
            [
              -121.5092358,
              38.1193238
            ],
            [
              -121.5054593,
              38.1175681
            ],
            [
              -121.5008244,
              38.1170279
            ],
            [
              -121.4968762,
              38.1175681
            ],
            [
              -121.4961896,
              38.1187836
            ],
            [
              -121.4994511,
              38.1213495
            ],
            [
              -121.5004811,
              38.1231051
            ],
            [
              -121.4997945,
              38.1247256
            ],
            [
              -121.4972195,
              38.126076
            ],
            [
              -121.4975629,
              38.1275614
            ],
            [
              -121.4997945,
              38.1286417
            ],
            [
              -121.5044293,
              38.1295869
            ],
            [
              -121.5082059,
              38.1333677
            ],
            [
              -121.5085492,
              38.134853
            ],
            [
              -121.5047726,
              38.1364732
            ],
            [
              -121.505631,
              38.1393085
            ],
            [
              -121.5059743,
              38.1410637
            ],
            [
              -121.5047726,
              38.1425488
            ],
            [
              -121.5097508,
              38.1438989
            ],
            [
              -121.5114674,
              38.1448439
            ],
            [
              -121.5123257,
              38.1460589
            ],
            [
              -121.5114674,
              38.1476789
            ],
            [
              -121.5094075,
              38.1476789
            ],
            [
              -121.5075192,
              38.1470039
            ],
            [
              -121.5052876,
              38.1495689
            ],
            [
              -121.5033994,
              38.1530786
            ],
            [
              -121.504601,
              38.1561833
            ],
            [
              -121.504601,
              38.1594228
            ],
            [
              -121.5020261,
              38.1606376
            ],
            [
              -121.4989362,
              38.1623922
            ],
            [
              -121.4941296,
              38.163607
            ],
            [
              -121.493958,
              38.1657664
            ],
            [
              -121.4970479,
              38.1711648
            ],
            [
              -121.4980779,
              38.1748085
            ],
            [
              -121.4991078,
              38.1773725
            ]
          ]
        ],
        "type": "Polygon"
      },
      "id": "1RIDoVB69vJ0RSN2FNgGRihqKYHPsImv_",
      "properties": {
        "area_sq_km": 23.5031,
        "doc_description": null,
        "doc_name": "D9- South Side of Staten Island",
        "fetched_at": "2026-07-27T10:53:07Z",
        "mid": "1RIDoVB69vJ0RSN2FNgGRihqKYHPsImv_",
        "zone_code": "D9"
      },
      "type": "Feature"
    },
    {
      "geometry": {
        "coordinates": [
          [
            [
              -121.0585235,
              37.9873798
            ],
            [
              -121.0576652,
              37.9505029
            ],
            [
              -121.0384391,
              37.9509766
            ],
            [
              -121.0398553,
              37.9882254
            ],
            [
              -121.0586952,
              37.9878195
            ],
            [
              -121.0585235,
              37.9873798
            ]
          ]
        ],
        "type": "Polygon"
      },
      "id": "1R_RiNEfMd4G8SeShcRgdl-KMMcDs82Q4",
      "properties": {
        "area_sq_km": 6.8929,
        "doc_description": ">North to Milton Rd., >South to Dietrich Rd., >East to S. Hewitt Rd., >West to Dietrich Rd.",
        "doc_name": "LN1- South of Linden - Peters Area",
        "fetched_at": "2026-07-27T10:53:09Z",
        "mid": "1R_RiNEfMd4G8SeShcRgdl-KMMcDs82Q4",
        "zone_code": "LN1"
      },
      "type": "Feature"
    },
    {
      "geometry": {
        "coordinates": [
          [
            [
              -121.529074,
              38.0039367
            ],
            [
              -121.5577415,
              38.0043425
            ],
            [
              -121.5628913,
              37.9572559
            ],
            [
              -121.5416053,
              37.953872
            ],
            [
              -121.529074,
              38.0039367
            ]
          ]
        ],
        "type": "Polygon"
      },
      "id": "1Rvk4zuNOj61uD8ST6pcirsuGJRHhojA",
      "properties": {
        "area_sq_km": 11.9877,
        "doc_description": null,
        "doc_name": "D50- Delta: Portion of Bacon Island",
        "fetched_at": "2026-07-27T10:53:09Z",
        "mid": "1Rvk4zuNOj61uD8ST6pcirsuGJRHhojA",
        "zone_code": "D50"
      },
      "type": "Feature"
    },
    {
      "geometry": {
        "coordinates": [
          [
            [
              -121.2705569,
              37.6919606
            ],
            [
              -121.2777666,
              37.6724654
            ],
            [
              -121.2526182,
              37.666215
            ],
            [
              -121.2457518,
              37.6738241
            ],
            [
              -121.2432627,
              37.672873
            ],
            [
              -121.2407736,
              37.6659432
            ],
            [
              -121.232448,
              37.6635652
            ],
            [
              -121.2242083,
              37.6840816
            ],
            [
              -121.2132469,
              37.7080175
            ],
            [
              -121.2591234,
              37.7173877
            ],
            [
              -121.2705569,
              37.6919606
            ]
          ]
        ],
        "type": "Polygon"
      },
      "id": "1Ry7zcUHMdUNzeBWgMMTeeqb7DgyUs1M",
      "properties": {
        "area_sq_km": 21.3272,
        "doc_description": null,
        "doc_name": "Rural South County",
        "fetched_at": "2026-07-27T10:53:10Z",
        "mid": "1Ry7zcUHMdUNzeBWgMMTeeqb7DgyUs1M",
        "zone_code": null
      },
      "type": "Feature"
    },
    {
      "geometry": {
        "coordinates": [
          [
            [
              -121.4528777,
              37.747073
            ],
            [
              -121.4528777,
              37.7471323
            ],
            [
              -121.458328,
              37.7471069
            ],
            [
              -121.4592936,
              37.7471239
            ],
            [
              -121.4602914,
              37.7469966
            ],
            [
              -121.4603557,
              37.7438067
            ],
            [
              -121.452867,
              37.7415076
            ],
            [
              -121.4528777,
              37.747073
            ]
          ]
        ],
        "type": "Polygon"
      },
      "id": "1S9QBI5GWbSkIXl2fUOX86RW9eg6b3T3P",
      "properties": {
        "area_sq_km": 0.3247,
        "doc_description": ">North to W. Lowell Ave., >South to Byron Rd., >East to S. Corral Hollow Rd., >West to Cindy Way",
        "doc_name": "T23- Portion of Northeast Tracy",
        "fetched_at": "2026-07-27T10:53:11Z",
        "mid": "1S9QBI5GWbSkIXl2fUOX86RW9eg6b3T3P",
        "zone_code": "T23"
      },
      "type": "Feature"
    },
    {
      "geometry": {
        "coordinates": [
          [
            [
              -121.1670132,
              38.08352
            ],
            [
              -121.1505981,
              38.084145
            ],
            [
              -121.1507054,
              38.1019611
            ],
            [
              -121.1550184,
              38.1019443
            ],
            [
              -121.1669488,
              38.1019274
            ],
            [
              -121.1669274,
              38.0946494
            ],
            [
              -121.1670132,
              38.08352
            ]
          ]
        ],
        "type": "Polygon"
      },
      "id": "1SAdtNcU3wX2vlzyxtcxd62noTSPCirxB",
      "properties": {
        "area_sq_km": 2.8732,
        "doc_description": ">North to E. Harney Ln., >South to Tokay Colony Rd., >East to Jack Tone Rd., >West to Hibbard Rd.",
        "doc_name": "L15-Rural Southeast Lodi",
        "fetched_at": "2026-07-27T10:53:11Z",
        "mid": "1SAdtNcU3wX2vlzyxtcxd62noTSPCirxB",
        "zone_code": "L15"
      },
      "type": "Feature"
    },
    {
      "geometry": {
        "coordinates": [
          [
            [
              -121.3913619,
              38.1076255
            ],
            [
              -121.3873279,
              38.0992843
            ],
            [
              -121.3859975,
              38.0970891
            ],
            [
              -121.3702905,
              38.0865174
            ],
            [
              -121.3408935,
              38.0863147
            ],
            [
              -121.3538968,
              38.1090437
            ],
            [
              -121.3617933,
              38.1091112
            ],
            [
              -121.3618362,
              38.1070852
            ],
            [
              -121.3689601,
              38.1074904
            ],
            [
              -121.3913619,
              38.1076255
            ]
          ]
        ],
        "type": "Polygon"
      },
      "id": "1SEPCnj_MFGP36mFHmoWEgeT7J_VvCzTB",
      "properties": {
        "area_sq_km": 7.5859,
        "doc_description": ">North to W. Kingdom Rd., > South to Armstrong Rd., >West to I-5 & Thornton Rd., >East to UPRR",
        "doc_name": "L8- Rural South West Lodi",
        "fetched_at": "2026-07-27T10:53:12Z",
        "mid": "1SEPCnj_MFGP36mFHmoWEgeT7J_VvCzTB",
        "zone_code": "L8"
      },
      "type": "Feature"
    },
    {
      "geometry": {
        "coordinates": [
          [
            [
              -121.4347068,
              37.7251834
            ],
            [
              -121.4346424,
              37.710569
            ],
            [
              -121.3981,
              37.710552
            ],
            [
              -121.3980786,
              37.7251834
            ],
            [
              -121.4347068,
              37.7251834
            ]
          ]
        ],
        "type": "Polygon"
      },
      "id": "1SFf-OFsbPVoWdsHo6beY5md5oPEV6vk",
      "properties": {
        "area_sq_km": 5.2325,
        "doc_description": ">North to Schulte Rd., > South to Valpico Rd., > East to S. Chrisman Rd., > West to S. Tracy Blvd.",
        "doc_name": "T33-Portion of East Tracy",
        "fetched_at": "2026-07-31T02:36:11Z",
        "mid": "1SFf-OFsbPVoWdsHo6beY5md5oPEV6vk",
        "zone_code": "T33"
      },
      "type": "Feature"
    },
    {
      "geometry": {
        "coordinates": [
          [
            [
              -120.9505576,
              37.7941291
            ],
            [
              -120.9509009,
              37.812982
            ],
            [
              -120.950858,
              37.813321
            ],
            [
              -120.9796542,
              37.8132871
            ],
            [
              -120.9795684,
              37.8003348
            ],
            [
              -120.9786242,
              37.7986393
            ],
            [
              -120.9785813,
              37.7939256
            ],
            [
              -120.9505576,
              37.7936204
            ],
            [
              -120.9505576,
              37.7941291
            ]
          ]
        ],
        "type": "Polygon"
      },
      "id": "1S_frcIfZsBZYGM5lbpgBzvCWihu5tOzO",
      "properties": {
        "area_sq_km": 5.4544,
        "doc_description": ">North to Kelly Rd., >South to Hwy 120, >East to Seidner Rd., >West to Campbell Rd.",
        "doc_name": "E39- A Portion of Rural East Escalon",
        "fetched_at": "2026-07-27T10:53:12Z",
        "mid": "1S_frcIfZsBZYGM5lbpgBzvCWihu5tOzO",
        "zone_code": "E39"
      },
      "type": "Feature"
    },
    {
      "geometry": {
        "coordinates": [
          [
            [
              -121.1423967,
              37.7396671
            ],
            [
              -121.1421178,
              37.7286366
            ],
            [
              -121.1417101,
              37.7286706
            ],
            [
              -121.1397789,
              37.7285687
            ],
            [
              -121.1375258,
              37.7287554
            ],
            [
              -121.1338995,
              37.7291118
            ],
            [
              -121.1328695,
              37.7291457
            ],
            [
              -121.1305736,
              37.7291967
            ],
            [
              -121.1298869,
              37.7293494
            ],
            [
              -121.1285136,
              37.7296379
            ],
            [
              -121.127312,
              37.7296209
            ],
            [
              -121.1261104,
              37.72957
            ],
            [
              -121.1236427,
              37.7297737
            ],
            [
              -121.1238573,
              37.7395144
            ],
            [
              -121.1423967,
              37.7396671
            ]
          ]
        ],
        "type": "Polygon"
      },
      "id": "1SqCwbT3r9FV4ui9zLqEEG3pib-OWbAM",
      "properties": {
        "area_sq_km": 1.8919,
        "doc_description": ">North to W. Main St., >South to Doak Blvd., >East to S. Stockton Ave., >West to S. Jacktone Rd.",
        "doc_name": "R11- South Ripon area",
        "fetched_at": "2026-07-27T10:53:13Z",
        "mid": "1SqCwbT3r9FV4ui9zLqEEG3pib-OWbAM",
        "zone_code": "R11"
      },
      "type": "Feature"
    },
    {
      "geometry": {
        "coordinates": [
          [
            [
              -121.2404054,
              37.9183951
            ],
            [
              -121.2408131,
              37.9183781
            ],
            [
              -121.2389463,
              37.9137567
            ],
            [
              -121.2359852,
              37.9144508
            ],
            [
              -121.2349337,
              37.9145016
            ],
            [
              -121.2333888,
              37.9146709
            ],
            [
              -121.2321871,
              37.914637
            ],
            [
              -121.2274021,
              37.915822
            ],
            [
              -121.2296337,
              37.921205
            ],
            [
              -121.2404054,
              37.9183951
            ]
          ]
        ],
        "type": "Polygon"
      },
      "id": "1SqmYhQBYVbEmF7cNx0y82OulQtW0wnk",
      "properties": {
        "area_sq_km": 0.6057,
        "doc_description": ">North to Tecumseh Ln. and McCook Way, >South to Industrial Dr., >East to Hwy 99 Frontage Rd., >West to Pock Ln.",
        "doc_name": "S38- Southeast Stockton",
        "fetched_at": "2026-07-27T10:53:14Z",
        "mid": "1SqmYhQBYVbEmF7cNx0y82OulQtW0wnk",
        "zone_code": "S38"
      },
      "type": "Feature"
    },
    {
      "geometry": {
        "coordinates": [
          [
            [
              -121.3446404,
              37.6380713
            ],
            [
              -121.344812,
              37.6367119
            ],
            [
              -121.3152863,
              37.6369838
            ],
            [
              -121.3162304,
              37.6832562
            ],
            [
              -121.3444687,
              37.6831883
            ],
            [
              -121.3446404,
              37.6380713
            ]
          ]
        ],
        "type": "Polygon"
      },
      "id": "1TBrU0sTiUYI-_IZseKy5Z5g9sSqazsI",
      "properties": {
        "area_sq_km": 13.074,
        "doc_description": ">North to one mile north of Durham Ferry Rd., > South to Hwy132, >East to 1/2 mile east of Koster Rd., >West to I-5",
        "doc_name": "SC15- Portion of South County, Koster Rd. Area",
        "fetched_at": "2026-07-27T10:53:14Z",
        "mid": "1TBrU0sTiUYI-_IZseKy5Z5g9sSqazsI",
        "zone_code": "SC15"
      },
      "type": "Feature"
    },
    {
      "geometry": {
        "coordinates": [
          [
            [
              -121.1990231,
              37.8122229
            ],
            [
              -121.1987871,
              37.8074592
            ],
            [
              -121.1981648,
              37.8069167
            ],
            [
              -121.194796,
              37.804238
            ],
            [
              -121.1943024,
              37.8045093
            ],
            [
              -121.1939162,
              37.8046449
            ],
            [
              -121.1890024,
              37.8045601
            ],
            [
              -121.1891311,
              37.8087137
            ],
            [
              -121.1896247,
              37.8097817
            ],
            [
              -121.1895174,
              37.8122059
            ],
            [
              -121.1990231,
              37.8122229
            ]
          ]
        ],
        "type": "Polygon"
      },
      "id": "1TR6X0YYAV2Mhdm-HUwhERnQZXPT-rJyz",
      "properties": {
        "area_sq_km": 0.6664,
        "doc_description": ">North to E. Louise Ave., >South to Nehemiah Dr., >East to Pestana Ave., >West to Cottage Ave. and Button Ave.",
        "doc_name": "M12- Portion of East Manteca",
        "fetched_at": "2026-07-27T10:53:15Z",
        "mid": "1TR6X0YYAV2Mhdm-HUwhERnQZXPT-rJyz",
        "zone_code": "M12"
      },
      "type": "Feature"
    },
    {
      "geometry": {
        "coordinates": [
          [
            [
              -121.2897334,
              37.9073547
            ],
            [
              -121.2907526,
              37.9091662
            ],
            [
              -121.2914178,
              37.9098265
            ],
            [
              -121.2930915,
              37.9107576
            ],
            [
              -121.2934777,
              37.9111639
            ],
            [
              -121.2942502,
              37.9121119
            ],
            [
              -121.2945292,
              37.9125013
            ],
            [
              -121.2963102,
              37.9116548
            ],
            [
              -121.2972972,
              37.9115025
            ],
            [
              -121.2975762,
              37.9123997
            ],
            [
              -121.2982843,
              37.9126537
            ],
            [
              -121.2997219,
              37.91328
            ],
            [
              -121.3019321,
              37.9149729
            ],
            [
              -121.3032839,
              37.9150068
            ],
            [
              -121.3040564,
              37.9149051
            ],
            [
              -121.3081334,
              37.9157347
            ],
            [
              -121.3126395,
              37.9157347
            ],
            [
              -121.3126019,
              37.9134601
            ],
            [
              -121.3149891,
              37.913369
            ],
            [
              -121.3167594,
              37.9125099
            ],
            [
              -121.3177249,
              37.9116379
            ],
            [
              -121.3189695,
              37.909454
            ],
            [
              -121.3175318,
              37.9089292
            ],
            [
              -121.3160298,
              37.9081843
            ],
            [
              -121.3126395,
              37.9068807
            ],
            [
              -121.3096998,
              37.9054415
            ],
            [
              -121.3083265,
              37.9048151
            ],
            [
              -121.306921,
              37.9047304
            ],
            [
              -121.3054189,
              37.9049506
            ],
            [
              -121.3036379,
              37.90534
            ],
            [
              -121.3022647,
              37.9056278
            ],
            [
              -121.3009987,
              37.9058648
            ],
            [
              -121.2998614,
              37.9061188
            ],
            [
              -121.29881,
              37.9063558
            ],
            [
              -121.2981448,
              37.9063389
            ],
            [
              -121.2971148,
              37.906305
            ],
            [
              -121.2955269,
              37.9062881
            ],
            [
              -121.2933812,
              37.9063389
            ],
            [
              -121.2915144,
              37.9066775
            ],
            [
              -121.2897334,
              37.9073547
            ]
          ]
        ],
        "type": "Polygon"
      },
      "id": "1TW296wXbCz-3fNTa3Oxv3T5GkiQjaQM",
      "properties": {
        "area_sq_km": 1.9604,
        "doc_description": ">North to Decarli St., Lloyd Thayer Cir.,  Carrie St., >South to William Moss Blvd., >East to Manthey Rd., >West to Carolyn Weston Blvd",
        "doc_name": "S55a-  Southwest Stockton- Weston Ranch area:",
        "fetched_at": "2026-07-27T10:53:15Z",
        "mid": "1TW296wXbCz-3fNTa3Oxv3T5GkiQjaQM",
        "zone_code": "S55a"
      },
      "type": "Feature"
    },
    {
      "geometry": {
        "coordinates": [
          [
            [
              -121.1054131,
              37.7444866
            ],
            [
              -121.1054165,
              37.7447531
            ],
            [
              -121.1053307,
              37.7447955
            ],
            [
              -121.1044402,
              37.7444138
            ],
            [
              -121.1009104,
              37.744278
            ],
            [
              -121.0989149,
              37.7436757
            ],
            [
              -121.0968227,
              37.7430224
            ],
            [
              -121.0945804,
              37.7422673
            ],
            [
              -121.0925419,
              37.7414613
            ],
            [
              -121.0896344,
              37.7431497
            ],
            [
              -121.0896344,
              37.7441508
            ],
            [
              -121.0905035,
              37.7441168
            ],
            [
              -121.0943766,
              37.7433278
            ],
            [
              -121.0955782,
              37.7435654
            ],
            [
              -121.0963078,
              37.7436417
            ],
            [
              -121.0964151,
              37.7451349
            ],
            [
              -121.0968013,
              37.7449567
            ],
            [
              -121.09796,
              37.7452536
            ],
            [
              -121.1009019,
              37.7453042
            ],
            [
              -121.1034527,
              37.7456669
            ],
            [
              -121.1045765,
              37.7455778
            ],
            [
              -121.1053061,
              37.7456287
            ],
            [
              -121.1055529,
              37.7457157
            ],
            [
              -121.1059471,
              37.7457305
            ],
            [
              -121.107425,
              37.7457878
            ],
            [
              -121.108227,
              37.7454781
            ],
            [
              -121.1093938,
              37.7447825
            ],
            [
              -121.1097586,
              37.7445513
            ],
            [
              -121.1101368,
              37.7443965
            ],
            [
              -121.110405,
              37.7441483
            ],
            [
              -121.1105632,
              37.7440656
            ],
            [
              -121.1106196,
              37.7439914
            ],
            [
              -121.1109226,
              37.743792
            ],
            [
              -121.1116442,
              37.7430836
            ],
            [
              -121.1119419,
              37.7423434
            ],
            [
              -121.1119687,
              37.7417516
            ],
            [
              -121.1115449,
              37.7417431
            ],
            [
              -121.1108261,
              37.74211
            ],
            [
              -121.1106947,
              37.742127
            ],
            [
              -121.1105659,
              37.7421652
            ],
            [
              -121.1103969,
              37.7422055
            ],
            [
              -121.1102628,
              37.7422352
            ],
            [
              -121.1100536,
              37.7423327
            ],
            [
              -121.1098927,
              37.7423582
            ],
            [
              -121.1097693,
              37.7423837
            ],
            [
              -121.1096888,
              37.7423879
            ],
            [
              -121.1096084,
              37.7423879
            ],
            [
              -121.1094474,
              37.7423497
            ],
            [
              -121.1091792,
              37.7422861
            ],
            [
              -121.1090022,
              37.7422182
            ],
            [
              -121.1087876,
              37.7420994
            ],
            [
              -121.1086481,
              37.7420188
            ],
            [
              -121.1085194,
              37.7419425
            ],
            [
              -121.1083692,
              37.7417983
            ],
            [
              -121.1082136,
              37.7416455
            ],
            [
              -121.1080473,
              37.7414674
            ],
            [
              -121.1078327,
              37.7411535
            ],
            [
              -121.1076933,
              37.7409329
            ],
            [
              -121.1075216,
              37.7407674
            ],
            [
              -121.1072427,
              37.7405256
            ],
            [
              -121.1067005,
              37.7401936
            ],
            [
              -121.1062714,
              37.7402446
            ],
            [
              -121.105971,
              37.7402615
            ],
            [
              -121.1055633,
              37.7401088
            ],
            [
              -121.1053916,
              37.7401936
            ],
            [
              -121.1053058,
              37.7404142
            ],
            [
              -121.1054131,
              37.7444866
            ]
          ]
        ],
        "type": "Polygon"
      },
      "id": "1TWaD-FWkhMWLKBWeREadXtCfLIxTRUoF",
      "properties": {
        "area_sq_km": 0.4436,
        "doc_description": null,
        "doc_name": "R3-Spring Creek Golf and Country Club",
        "fetched_at": "2026-07-27T10:53:16Z",
        "mid": "1TWaD-FWkhMWLKBWeREadXtCfLIxTRUoF",
        "zone_code": "R3"
      },
      "type": "Feature"
    },
    {
      "geometry": {
        "coordinates": [
          [
            [
              -121.492721,
              38.0237967
            ],
            [
              -121.5073122,
              37.9680619
            ],
            [
              -121.4571871,
              37.9585882
            ],
            [
              -121.448089,
              38.013113
            ],
            [
              -121.492721,
              38.0237967
            ]
          ]
        ],
        "type": "Polygon"
      },
      "id": "1Tqm1NXZakMcSMcENXz3mPkD2RxZTlrxw",
      "properties": {
        "area_sq_km": 26.6154,
        "doc_description": "Delta: Portions of McDonald Island, Rindge Tract, Lower Roberts Island, and Lower Jones Tract",
        "doc_name": "D27a- Delta: Portions of McDonald Island, Rindge Tract, Lower Roberts Island, and Lower Jones Tract",
        "fetched_at": "2026-07-27T10:53:17Z",
        "mid": "1Tqm1NXZakMcSMcENXz3mPkD2RxZTlrxw",
        "zone_code": "D27a"
      },
      "type": "Feature"
    },
    {
      "geometry": {
        "coordinates": [
          [
            [
              -121.4205429,
              37.7924064
            ],
            [
              -121.4200601,
              37.7899476
            ],
            [
              -121.4160154,
              37.7852843
            ],
            [
              -121.4148352,
              37.7841311
            ],
            [
              -121.4124319,
              37.7838259
            ],
            [
              -121.4097283,
              37.783385
            ],
            [
              -121.4080116,
              37.7823674
            ],
            [
              -121.4027331,
              37.7823335
            ],
            [
              -121.39724,
              37.7801628
            ],
            [
              -121.393678,
              37.7853861
            ],
            [
              -121.3938497,
              37.787421
            ],
            [
              -121.3911031,
              37.7896594
            ],
            [
              -121.3902877,
              37.7924403
            ],
            [
              -121.3905452,
              37.793729
            ],
            [
              -121.3898585,
              37.7952212
            ],
            [
              -121.3909314,
              37.7972219
            ],
            [
              -121.3908456,
              37.8045124
            ],
            [
              -121.4028619,
              37.8017319
            ],
            [
              -121.4048359,
              37.8011216
            ],
            [
              -121.4065954,
              37.8011555
            ],
            [
              -121.4111873,
              37.8014947
            ],
            [
              -121.4133116,
              37.8020372
            ],
            [
              -121.4147171,
              37.8027153
            ],
            [
              -121.415436,
              37.8045463
            ],
            [
              -121.4169168,
              37.8051827
            ],
            [
              -121.4186551,
              37.8051408
            ],
            [
              -121.4201575,
              37.8034973
            ],
            [
              -121.4215315,
              37.8010241
            ],
            [
              -121.420932,
              37.8006213
            ],
            [
              -121.419819,
              37.7992733
            ],
            [
              -121.4197386,
              37.7975269
            ],
            [
              -121.4210528,
              37.7946783
            ],
            [
              -121.4212941,
              37.7933558
            ],
            [
              -121.4205429,
              37.7924064
            ]
          ]
        ],
        "type": "Polygon"
      },
      "id": "1UO02Wz5MOy9xiqc2-cNkAMv_uzcfGvNv",
      "properties": {
        "area_sq_km": 5.4603,
        "doc_description": ">North to Old River, >South to Canal Blvd., >East to Tom Paine Rd., >West to Tom Paine Slough",
        "doc_name": "T25- Portion of Rural Northeast Tracy",
        "fetched_at": "2026-07-27T10:53:17Z",
        "mid": "1UO02Wz5MOy9xiqc2-cNkAMv_uzcfGvNv",
        "zone_code": "T25"
      },
      "type": "Feature"
    },
    {
      "geometry": {
        "coordinates": [
          [
            [
              -121.3392825,
              38.0161164
            ],
            [
              -121.339733,
              38.0154148
            ],
            [
              -121.3397384,
              38.014671
            ],
            [
              -121.3397545,
              38.0138849
            ],
            [
              -121.3397224,
              38.0126677
            ],
            [
              -121.3395292,
              38.0127522
            ],
            [
              -121.3385315,
              38.0132087
            ],
            [
              -121.3373513,
              38.0135467
            ],
            [
              -121.3359673,
              38.0136989
            ],
            [
              -121.3344035,
              38.0137116
            ],
            [
              -121.3328398,
              38.013699
            ],
            [
              -121.3297982,
              38.0136651
            ],
            [
              -121.3298304,
              38.0162601
            ],
            [
              -121.3308067,
              38.016277
            ],
            [
              -121.3317187,
              38.0161925
            ],
            [
              -121.3322765,
              38.0160826
            ],
            [
              -121.3392825,
              38.0161164
            ]
          ]
        ],
        "type": "Polygon"
      },
      "id": "1UQwW_oOGjT5eFXgphjooM-w62D0o2Dnr",
      "properties": {
        "area_sq_km": 0.2477,
        "doc_description": "> North to Meadow Ave., > South to W. Lincoln Rd., > East to Pershing Ave., > West to Alexandria Place",
        "doc_name": "S2-North Stockton",
        "fetched_at": "2026-07-27T10:53:18Z",
        "mid": "1UQwW_oOGjT5eFXgphjooM-w62D0o2Dnr",
        "zone_code": "S2"
      },
      "type": "Feature"
    },
    {
      "geometry": {
        "coordinates": [
          [
            [
              -121.1375038,
              37.7290275
            ],
            [
              -121.1373751,
              37.7244282
            ],
            [
              -121.1366241,
              37.7248864
            ],
            [
              -121.1360447,
              37.7248695
            ],
            [
              -121.1355298,
              37.7244791
            ],
            [
              -121.1351221,
              37.7235966
            ],
            [
              -121.1351864,
              37.7230874
            ],
            [
              -121.1350362,
              37.7229346
            ],
            [
              -121.1346715,
              37.7235287
            ],
            [
              -121.1336629,
              37.723953
            ],
            [
              -121.1332123,
              37.7233929
            ],
            [
              -121.1328905,
              37.7229177
            ],
            [
              -121.1323326,
              37.7223406
            ],
            [
              -121.1316674,
              37.722086
            ],
            [
              -121.1309164,
              37.7221539
            ],
            [
              -121.1304443,
              37.7224764
            ],
            [
              -121.1298864,
              37.7228498
            ],
            [
              -121.1296933,
              37.7231044
            ],
            [
              -121.1297147,
              37.7238511
            ],
            [
              -121.1295002,
              37.7240039
            ],
            [
              -121.129071,
              37.7244112
            ],
            [
              -121.1278694,
              37.7243094
            ],
            [
              -121.1273973,
              37.7239869
            ],
            [
              -121.1270754,
              37.7237323
            ],
            [
              -121.1266248,
              37.7233589
            ],
            [
              -121.1262171,
              37.7227988
            ],
            [
              -121.1257665,
              37.7227479
            ],
            [
              -121.1252515,
              37.7233759
            ],
            [
              -121.1245005,
              37.7241227
            ],
            [
              -121.1240285,
              37.7244621
            ],
            [
              -121.123771,
              37.7244791
            ],
            [
              -121.1239641,
              37.729944
            ],
            [
              -121.1245113,
              37.7299949
            ],
            [
              -121.1252301,
              37.7298931
            ],
            [
              -121.1283415,
              37.7298761
            ],
            [
              -121.1293714,
              37.7296555
            ],
            [
              -121.1303155,
              37.7294348
            ],
            [
              -121.1330836,
              37.7294348
            ],
            [
              -121.1375038,
              37.7290275
            ]
          ]
        ],
        "type": "Polygon"
      },
      "id": "1UVI-M5eTIEkrLZvrJx2Qwxb6K_VYNYkN",
      "properties": {
        "area_sq_km": 0.7947,
        "doc_description": ">North to Doak Rd., >South to Stanislaus County Line, >East to Stockton Ave., >West to Robert Ave.",
        "doc_name": "R2- Ripon Sewer",
        "fetched_at": "2026-07-27T10:53:18Z",
        "mid": "1UVI-M5eTIEkrLZvrJx2Qwxb6K_VYNYkN",
        "zone_code": "R2"
      },
      "type": "Feature"
    },
    {
      "geometry": {
        "coordinates": [
          [
            [
              -121.2061792,
              38.1534548
            ],
            [
              -121.2064153,
              38.1535054
            ],
            [
              -121.2063509,
              38.145912
            ],
            [
              -121.1929828,
              38.145912
            ],
            [
              -121.1930471,
              38.1480889
            ],
            [
              -121.19412,
              38.1489495
            ],
            [
              -121.1947852,
              38.1499957
            ],
            [
              -121.195386,
              38.1505863
            ],
            [
              -121.1959654,
              38.1506875
            ],
            [
              -121.1965877,
              38.1505694
            ],
            [
              -121.1966306,
              38.1509069
            ],
            [
              -121.1967808,
              38.1511431
            ],
            [
              -121.1968022,
              38.1517168
            ],
            [
              -121.1965877,
              38.1522737
            ],
            [
              -121.1959654,
              38.1526955
            ],
            [
              -121.1952358,
              38.1530161
            ],
            [
              -121.1948925,
              38.1535561
            ],
            [
              -121.2061792,
              38.1534548
            ]
          ]
        ],
        "type": "Polygon"
      },
      "id": "1V7P5x_TBOE9iyAM4Qso7iysno1I4HtNl",
      "properties": {
        "area_sq_km": 0.8643,
        "doc_description": ">North to Schmeidt Rd., >South to .25 miles south of Kirschenman Rd., >East to Mokelumne River, >West to Bruella Rd.",
        "doc_name": "L13- Rural N. Victor",
        "fetched_at": "2026-07-27T10:53:19Z",
        "mid": "1V7P5x_TBOE9iyAM4Qso7iysno1I4HtNl",
        "zone_code": "L13"
      },
      "type": "Feature"
    },
    {
      "geometry": {
        "coordinates": [
          [
            [
              -121.1540176,
              37.8267048
            ],
            [
              -121.152773,
              37.7973098
            ],
            [
              -121.124921,
              37.7974115
            ],
            [
              -121.1252643,
              37.8156195
            ],
            [
              -121.1438466,
              37.8268743
            ],
            [
              -121.1540176,
              37.8267048
            ]
          ]
        ],
        "type": "Polygon"
      },
      "id": "1VA-DM-wlpcyO2O2cLGZ8ITZtG5Mp5_Y",
      "properties": {
        "area_sq_km": 7.1123,
        "doc_description": ">North to Lone Tree Rd, >South to Hwy 120, >East to French Camp Rd. and N. Ripon Rd., >West to 1/2 mile west of Jack Tone Rd.",
        "doc_name": "M18- Portion of Rural East Manteca",
        "fetched_at": "2026-07-27T10:53:19Z",
        "mid": "1VA-DM-wlpcyO2O2cLGZ8ITZtG5Mp5_Y",
        "zone_code": "M18"
      },
      "type": "Feature"
    },
    {
      "geometry": {
        "coordinates": [
          [
            [
              -121.5074014,
              38.2096491
            ],
            [
              -121.5083026,
              38.206749
            ],
            [
              -121.5097188,
              38.2042535
            ],
            [
              -121.5134954,
              38.2020277
            ],
            [
              -121.5149974,
              38.201994
            ],
            [
              -121.5163278,
              38.2024999
            ],
            [
              -121.5193319,
              38.2026348
            ],
            [
              -121.5201043,
              38.2022301
            ],
            [
              -121.521821,
              38.2014207
            ],
            [
              -121.5233659,
              38.1999368
            ],
            [
              -121.5262841,
              38.1962944
            ],
            [
              -121.5273141,
              38.1957548
            ],
            [
              -121.5281724,
              38.1948104
            ],
            [
              -121.5281724,
              38.1935961
            ],
            [
              -121.5274858,
              38.1925168
            ],
            [
              -121.5260266,
              38.1898859
            ],
            [
              -121.5249108,
              38.1875248
            ],
            [
              -121.5237092,
              38.1855009
            ],
            [
              -121.5245675,
              38.1829372
            ],
            [
              -121.5267991,
              38.1819927
            ],
            [
              -121.5263699,
              38.1805084
            ],
            [
              -121.5250825,
              38.179294
            ],
            [
              -121.5252542,
              38.1771349
            ],
            [
              -121.5237092,
              38.1734913
            ],
            [
              -121.5254258,
              38.1702524
            ],
            [
              -121.5274858,
              38.1701175
            ],
            [
              -121.5288591,
              38.1688354
            ],
            [
              -121.529889,
              38.1667435
            ],
            [
              -121.530404,
              38.1646516
            ],
            [
              -121.5315198,
              38.1632007
            ],
            [
              -121.5329789,
              38.1622896
            ],
            [
              -121.5104913,
              38.1581054
            ],
            [
              -121.4933251,
              38.2068164
            ],
            [
              -121.5074014,
              38.2096491
            ]
          ]
        ],
        "type": "Polygon"
      },
      "id": "1VKiPBFn9SOGvcRePaBD10Y12H9kOqvVI",
      "properties": {
        "area_sq_km": 10.7902,
        "doc_description": "Portion of Staten Island",
        "doc_name": "D33- Portion of Staten Island",
        "fetched_at": "2026-07-27T10:53:20Z",
        "mid": "1VKiPBFn9SOGvcRePaBD10Y12H9kOqvVI",
        "zone_code": "D33"
      },
      "type": "Feature"
    },
    {
      "geometry": {
        "coordinates": [
          [
            [
              -121.4349571,
              37.7305194
            ],
            [
              -121.4351289,
              37.7250037
            ],
            [
              -121.4157738,
              37.7252073
            ],
            [
              -121.4160529,
              37.7378165
            ],
            [
              -121.4349571,
              37.7305194
            ]
          ]
        ],
        "type": "Polygon"
      },
      "id": "1VQCdEsr5wEYNH4He8NAKNOc2Tjdrns2O",
      "properties": {
        "area_sq_km": 1.6973,
        "doc_description": ">North to UPRR, >South to W. Schulte Rd., >East to S. MacArthur Dr. >West to S. Tracy Blvd.",
        "doc_name": "T16-Cental Tracy",
        "fetched_at": "2026-07-27T10:53:21Z",
        "mid": "1VQCdEsr5wEYNH4He8NAKNOc2Tjdrns2O",
        "zone_code": "T16"
      },
      "type": "Feature"
    },
    {
      "geometry": {
        "coordinates": [
          [
            [
              -121.2700228,
              38.1306487
            ],
            [
              -121.2700013,
              38.1263613
            ],
            [
              -121.2603025,
              38.1269521
            ],
            [
              -121.2604098,
              38.1311719
            ],
            [
              -121.2700228,
              38.1306487
            ]
          ]
        ],
        "type": "Polygon"
      },
      "id": "1VXQMyBP81A8BBUQUQEIFZyMJjekArqc",
      "properties": {
        "area_sq_km": 0.3998,
        "doc_description": ">North to E. Lodi Ave., >South to E. Tokay St., >East to S. Cherokee Lane, >West to S. Stockton St.",
        "doc_name": "L27- East Lodi",
        "fetched_at": "2026-07-27T10:53:21Z",
        "mid": "1VXQMyBP81A8BBUQUQEIFZyMJjekArqc",
        "zone_code": "L27"
      },
      "type": "Feature"
    },
    {
      "geometry": {
        "coordinates": [
          [
            [
              -121.2260882,
              38.2479686
            ],
            [
              -121.2261741,
              38.2485753
            ],
            [
              -121.2291781,
              38.2483057
            ],
            [
              -121.2318389,
              38.2484405
            ],
            [
              -121.2328688,
              38.2487101
            ],
            [
              -121.2339846,
              38.2479686
            ],
            [
              -121.2358729,
              38.2477664
            ],
            [
              -121.238877,
              38.2481035
            ],
            [
              -121.2412803,
              38.247362
            ],
            [
              -121.2472026,
              38.2459464
            ],
            [
              -121.2507216,
              38.2461487
            ],
            [
              -121.2541549,
              38.2472272
            ],
            [
              -121.2582747,
              38.2493842
            ],
            [
              -121.2643687,
              38.2512041
            ],
            [
              -121.2644545,
              38.2174947
            ],
            [
              -121.2257449,
              38.2172249
            ],
            [
              -121.2259166,
              38.2182364
            ],
            [
              -121.2260882,
              38.2479686
            ]
          ]
        ],
        "type": "Polygon"
      },
      "id": "1VXvuXqjTEODI-aPYj7fkjVyidzueIgIt",
      "properties": {
        "area_sq_km": 11.4144,
        "doc_description": ">North to San Joaquin / Sacramento County Line, >South to E. Collier Rd., >East to N. Dustin Rd., >West to N. Cherokee Ln.",
        "doc_name": "L5- Portion of Rural North County",
        "fetched_at": "2026-07-27T10:53:22Z",
        "mid": "1VXvuXqjTEODI-aPYj7fkjVyidzueIgIt",
        "zone_code": "L5"
      },
      "type": "Feature"
    },
    {
      "geometry": {
        "coordinates": [
          [
            [
              -121.2160113,
              37.776044
            ],
            [
              -121.2160542,
              37.7700737
            ],
            [
              -121.2153676,
              37.7700737
            ],
            [
              -121.214638,
              37.7699719
            ],
            [
              -121.2137368,
              37.7697005
            ],
            [
              -121.2122777,
              37.7693952
            ],
            [
              -121.211076,
              37.7692595
            ],
            [
              -121.2096169,
              37.7693273
            ],
            [
              -121.2082865,
              37.7692595
            ],
            [
              -121.2063554,
              37.7691916
            ],
            [
              -121.2056687,
              37.7690559
            ],
            [
              -121.2045958,
              37.7686149
            ],
            [
              -121.2026217,
              37.768581
            ],
            [
              -121.2008622,
              37.7686828
            ],
            [
              -121.199446,
              37.769022
            ],
            [
              -121.1972573,
              37.7691238
            ],
            [
              -121.1973431,
              37.7759083
            ],
            [
              -121.2160113,
              37.776044
            ]
          ]
        ],
        "type": "Polygon"
      },
      "id": "1VakL58Y9x5GUM36bEuYm8HwbDgCBHaA",
      "properties": {
        "area_sq_km": 1.2471,
        "doc_description": ">North to E. Woodward Ave., >South to Tannehill Dr., >East to Pillsbury Rd., >West to S. Main St.",
        "doc_name": "M25- Portion of South Manteca",
        "fetched_at": "2026-07-27T10:53:23Z",
        "mid": "1VakL58Y9x5GUM36bEuYm8HwbDgCBHaA",
        "zone_code": "M25"
      },
      "type": "Feature"
    },
    {
      "geometry": {
        "coordinates": [
          [
            [
              -121.5556306,
              38.0346424
            ],
            [
              -121.5685052,
              37.9771569
            ],
            [
              -121.5323705,
              37.9729621
            ],
            [
              -121.5237016,
              38.0298424
            ],
            [
              -121.5556306,
              38.0346424
            ]
          ]
        ],
        "type": "Polygon"
      },
      "id": "1VcIBhYONU108kaWiCJ389vHXrj6qdsg",
      "properties": {
        "area_sq_km": 19.4318,
        "doc_description": "Portion of Mandeville Island and Bacon Island",
        "doc_name": "D56 - Portion of Mandeville Island and Bacon Island",
        "fetched_at": "2026-07-27T10:53:23Z",
        "mid": "1VcIBhYONU108kaWiCJ389vHXrj6qdsg",
        "zone_code": "D56"
      },
      "type": "Feature"
    },
    {
      "geometry": {
        "coordinates": [
          [
            [
              -121.2520713,
              37.7622039
            ],
            [
              -121.2335533,
              37.7620852
            ],
            [
              -121.2336821,
              37.7696675
            ],
            [
              -121.2523288,
              37.7697184
            ],
            [
              -121.2522644,
              37.7622718
            ],
            [
              -121.2520713,
              37.7622039
            ]
          ]
        ],
        "type": "Polygon"
      },
      "id": "1VhJ0Nwrb6-zsxgmGozPvkbMhOpTAPZqD",
      "properties": {
        "area_sq_km": 1.3779,
        "doc_description": "> North to E. Peach Rd., > South to Fig Rd., > East to S. Union Rd., > West to Airport Way",
        "doc_name": "M11- Portion of Rural South Manteca",
        "fetched_at": "2026-07-27T10:53:24Z",
        "mid": "1VhJ0Nwrb6-zsxgmGozPvkbMhOpTAPZqD",
        "zone_code": "M11"
      },
      "type": "Feature"
    },
    {
      "geometry": {
        "coordinates": [
          [
            [
              -121.2866412,
              37.9418936
            ],
            [
              -121.2827359,
              37.928693
            ],
            [
              -121.2797748,
              37.9295055
            ],
            [
              -121.279174,
              37.9278806
            ],
            [
              -121.27411,
              37.9291331
            ],
            [
              -121.2739812,
              37.9395583
            ],
            [
              -121.2742387,
              37.9408783
            ],
            [
              -121.2750541,
              37.9439581
            ],
            [
              -121.2866412,
              37.9418936
            ]
          ]
        ],
        "type": "Polygon"
      },
      "id": "1Vv56o8VB9wh4qxWUXiC5c-3omi_6VIk",
      "properties": {
        "area_sq_km": 1.4853,
        "doc_description": ">North to E Jefferson St., >South to E. 9th Street, >East to U.P. RR tracks, >West to S. El Dorado St.",
        "doc_name": "S33C-Portion of South Stockton",
        "fetched_at": "2026-07-27T10:53:24Z",
        "mid": "1Vv56o8VB9wh4qxWUXiC5c-3omi_6VIk",
        "zone_code": "S33C"
      },
      "type": "Feature"
    },
    {
      "geometry": {
        "coordinates": [
          [
            [
              -121.5311173,
              37.9408714
            ],
            [
              -121.5312031,
              37.9383668
            ],
            [
              -121.5288857,
              37.937216
            ],
            [
              -121.5262249,
              37.9359976
            ],
            [
              -121.5253666,
              37.9349821
            ],
            [
              -121.5260533,
              37.9315973
            ],
            [
              -121.5247658,
              37.9276707
            ],
            [
              -121.5247658,
              37.9240824
            ],
            [
              -121.5174702,
              37.922322
            ],
            [
              -121.5154102,
              37.9209001
            ],
            [
              -121.5111187,
              37.9163635
            ],
            [
              -121.5111187,
              37.9154156
            ],
            [
              -121.511462,
              37.914603
            ],
            [
              -121.513522,
              37.9138581
            ],
            [
              -121.5154961,
              37.9129778
            ],
            [
              -121.5149811,
              37.9121652
            ],
            [
              -121.5127495,
              37.9120298
            ],
            [
              -121.5088871,
              37.9116235
            ],
            [
              -121.5081146,
              37.9104723
            ],
            [
              -121.5067413,
              37.9082376
            ],
            [
              -121.5055397,
              37.9074927
            ],
            [
              -121.5033081,
              37.9085762
            ],
            [
              -121.5029648,
              37.9393145
            ],
            [
              -121.5096596,
              37.9397207
            ],
            [
              -121.522105,
              37.9404653
            ],
            [
              -121.5311173,
              37.9408714
            ]
          ]
        ],
        "type": "Polygon"
      },
      "id": "1WJ7Zs-HJW2wD4TwJDhSxJslQ-eI1-24",
      "properties": {
        "area_sq_km": 5.2059,
        "doc_description": null,
        "doc_name": "D47- Southwest Delta area: Portion of Upper Jones Tract",
        "fetched_at": "2026-07-27T10:53:25Z",
        "mid": "1WJ7Zs-HJW2wD4TwJDhSxJslQ-eI1-24",
        "zone_code": "D47"
      },
      "type": "Feature"
    },
    {
      "geometry": {
        "coordinates": [
          [
            [
              -121.5391921,
              37.787562
            ],
            [
              -121.5399645,
              37.7863071
            ],
            [
              -121.540222,
              37.7848826
            ],
            [
              -121.5403508,
              37.7834581
            ],
            [
              -121.5413807,
              37.783526
            ],
            [
              -121.542754,
              37.7829833
            ],
            [
              -121.5434407,
              37.7821353
            ],
            [
              -121.5441273,
              37.7816944
            ],
            [
              -121.5448569,
              37.7807447
            ],
            [
              -121.5449856,
              37.7801681
            ],
            [
              -121.5435265,
              37.7796932
            ],
            [
              -121.5429686,
              37.7794218
            ],
            [
              -121.5436553,
              37.7782007
            ],
            [
              -121.543784,
              37.7769457
            ],
            [
              -121.5441273,
              37.7760298
            ],
            [
              -121.5442132,
              37.7756906
            ],
            [
              -121.5418957,
              37.7753514
            ],
            [
              -121.5378188,
              37.7753514
            ],
            [
              -121.5355872,
              37.775521
            ],
            [
              -121.5312956,
              37.775521
            ],
            [
              -121.53136,
              37.7659377
            ],
            [
              -121.5285491,
              37.7660225
            ],
            [
              -121.5182494,
              37.7751479
            ],
            [
              -121.5302657,
              37.7825084
            ],
            [
              -121.5388058,
              37.7878333
            ],
            [
              -121.5391921,
              37.787562
            ]
          ]
        ],
        "type": "Polygon"
      },
      "id": "1WKGyXn8xtau6KgGcQSAWAlkGJHvRiCk",
      "properties": {
        "area_sq_km": 2.3909,
        "doc_description": ">North to Byron Rd., >South to W. Arnaudo Blvd. & Mountain House Pkwy., >East to Byron Rd. and Hansen Rd. , >West to W. San Francisco Blvd. & Central Pkwy.",
        "doc_name": "MH3- Portion of East Mountain House Area",
        "fetched_at": "2026-07-27T10:53:26Z",
        "mid": "1WKGyXn8xtau6KgGcQSAWAlkGJHvRiCk",
        "zone_code": "MH3"
      },
      "type": "Feature"
    },
    {
      "geometry": {
        "coordinates": [
          [
            [
              -121.3669879,
              37.9271356
            ],
            [
              -121.3363464,
              37.9270341
            ],
            [
              -121.3348443,
              37.9271695
            ],
            [
              -121.3332565,
              37.9273387
            ],
            [
              -121.3320548,
              37.9277449
            ],
            [
              -121.3302524,
              37.9282527
            ],
            [
              -121.3282783,
              37.9286589
            ],
            [
              -121.3282354,
              37.9298437
            ],
            [
              -121.3279779,
              37.930453
            ],
            [
              -121.327935,
              37.93113
            ],
            [
              -121.3283212,
              37.9320439
            ],
            [
              -121.3283641,
              37.9324839
            ],
            [
              -121.3290079,
              37.9335332
            ],
            [
              -121.3293512,
              37.9340748
            ],
            [
              -121.3298662,
              37.934481
            ],
            [
              -121.3308532,
              37.9350564
            ],
            [
              -121.3320978,
              37.935361
            ],
            [
              -121.3331706,
              37.9353272
            ],
            [
              -121.3342864,
              37.9358687
            ],
            [
              -121.3346298,
              37.9365457
            ],
            [
              -121.3351877,
              37.937358
            ],
            [
              -121.3358743,
              37.9379334
            ],
            [
              -121.3367755,
              37.9384749
            ],
            [
              -121.3382347,
              37.9388472
            ],
            [
              -121.3412816,
              37.9386442
            ],
            [
              -121.342612,
              37.9385088
            ],
            [
              -121.3433845,
              37.9387795
            ],
            [
              -121.3451011,
              37.9406749
            ],
            [
              -121.3456161,
              37.9409795
            ],
            [
              -121.3460882,
              37.9415549
            ],
            [
              -121.3464744,
              37.9414872
            ],
            [
              -121.3469465,
              37.9410472
            ],
            [
              -121.3472898,
              37.9403026
            ],
            [
              -121.3476331,
              37.9398626
            ],
            [
              -121.3485773,
              37.9395918
            ],
            [
              -121.349736,
              37.9397611
            ],
            [
              -121.3509805,
              37.9402011
            ],
            [
              -121.3526113,
              37.9392195
            ],
            [
              -121.3558299,
              37.9403364
            ],
            [
              -121.3564737,
              37.9403364
            ],
            [
              -121.3575895,
              37.9411487
            ],
            [
              -121.3581474,
              37.9410472
            ],
            [
              -121.3588769,
              37.9407087
            ],
            [
              -121.3598211,
              37.9405734
            ],
            [
              -121.361366,
              37.9414533
            ],
            [
              -121.363426,
              37.9409118
            ],
            [
              -121.3637693,
              37.940641
            ],
            [
              -121.3645847,
              37.9406749
            ],
            [
              -121.3655717,
              37.9407764
            ],
            [
              -121.3663013,
              37.9409118
            ],
            [
              -121.3670738,
              37.9413518
            ],
            [
              -121.3669879,
              37.9271356
            ]
          ]
        ],
        "type": "Polygon"
      },
      "id": "1WP5Oq1lYwmIDjVmrtGfzI2fJGsAgN5lz",
      "properties": {
        "area_sq_km": 4.4817,
        "doc_description": ">North to Burns Cutoff, >South to Hwy 4, >West to Woodsboro Rd., >East to San Joaquin River",
        "doc_name": "Rural South West Stockton",
        "fetched_at": "2026-07-27T10:53:26Z",
        "mid": "1WP5Oq1lYwmIDjVmrtGfzI2fJGsAgN5lz",
        "zone_code": null
      },
      "type": "Feature"
    },
    {
      "geometry": {
        "coordinates": [
          [
            [
              -121.5271029,
              38.1916971
            ],
            [
              -121.5077051,
              38.1911574
            ],
            [
              -121.495324,
              38.2126905
            ],
            [
              -121.4995297,
              38.2182877
            ],
            [
              -121.4984569,
              38.2203107
            ],
            [
              -121.4969548,
              38.2207153
            ],
            [
              -121.4959249,
              38.2207827
            ],
            [
              -121.4932641,
              38.222637
            ],
            [
              -121.4881143,
              38.2241205
            ],
            [
              -121.4857968,
              38.2245925
            ],
            [
              -121.4809045,
              38.2246599
            ],
            [
              -121.4756688,
              38.2252668
            ],
            [
              -121.4749822,
              38.2317395
            ],
            [
              -121.4770421,
              38.2384139
            ],
            [
              -121.4868268,
              38.2384813
            ],
            [
              -121.4864835,
              38.2367285
            ],
            [
              -121.4880284,
              38.2352453
            ],
            [
              -121.49026,
              38.2330205
            ],
            [
              -121.4903459,
              38.2315372
            ],
            [
              -121.4903459,
              38.2295145
            ],
            [
              -121.49232,
              38.2280986
            ],
            [
              -121.495839,
              38.2277615
            ],
            [
              -121.4986714,
              38.2276941
            ],
            [
              -121.5008172,
              38.2274918
            ],
            [
              -121.5025338,
              38.2250645
            ],
            [
              -121.5038213,
              38.2249296
            ],
            [
              -121.5045079,
              38.2243902
            ],
            [
              -121.505967,
              38.2239182
            ],
            [
              -121.5070828,
              38.2227045
            ],
            [
              -121.506997,
              38.2208838
            ],
            [
              -121.5057954,
              38.2176471
            ],
            [
              -121.5045079,
              38.2148822
            ],
            [
              -121.5040788,
              38.2118475
            ],
            [
              -121.5065679,
              38.2094871
            ],
            [
              -121.5079412,
              38.2088126
            ],
            [
              -121.5083703,
              38.2057102
            ],
            [
              -121.5124902,
              38.2018657
            ],
            [
              -121.5198716,
              38.2026751
            ],
            [
              -121.5231332,
              38.2005168
            ],
            [
              -121.5248498,
              38.1982234
            ],
            [
              -121.5253648,
              38.1971442
            ],
            [
              -121.5284547,
              38.1955253
            ],
            [
              -121.5289697,
              38.1932318
            ],
            [
              -121.5271029,
              38.1916971
            ]
          ]
        ],
        "type": "Polygon"
      },
      "id": "1WQwWHS_JcRQQlfuEFjk458VnOYJZJLM",
      "properties": {
        "area_sq_km": 6.5431,
        "doc_description": null,
        "doc_name": "D54 - Portions of Staten Island and McCormack-Williamson Tract",
        "fetched_at": "2026-07-27T10:53:27Z",
        "mid": "1WQwWHS_JcRQQlfuEFjk458VnOYJZJLM",
        "zone_code": "D54"
      },
      "type": "Feature"
    },
    {
      "geometry": {
        "coordinates": [
          [
            [
              -121.4802027,
              38.1710545
            ],
            [
              -121.4982271,
              38.1194835
            ],
            [
              -121.4786576,
              38.1189434
            ],
            [
              -121.4711046,
              38.1401433
            ],
            [
              -121.434884,
              38.1418985
            ],
            [
              -121.4300775,
              38.1740235
            ],
            [
              -121.4802027,
              38.1710545
            ]
          ]
        ],
        "type": "Polygon"
      },
      "id": "1W_HSJMEmAPd1RbAT40xeEcuTApBrDmU",
      "properties": {
        "area_sq_km": 20.3058,
        "doc_description": "Delta Area West of Lodi: Portions of Brack Tract, Terminous Tract",
        "doc_name": "D16B- Delta Area West of Lodi",
        "fetched_at": "2026-07-27T10:53:27Z",
        "mid": "1W_HSJMEmAPd1RbAT40xeEcuTApBrDmU",
        "zone_code": "D16B"
      },
      "type": "Feature"
    },
    {
      "geometry": {
        "coordinates": [
          [
            [
              -121.4164622,
              37.7105783
            ],
            [
              -121.4250667,
              37.7105613
            ],
            [
              -121.4251311,
              37.702107
            ],
            [
              -121.4163978,
              37.702107
            ],
            [
              -121.4164622,
              37.7105783
            ]
          ]
        ],
        "type": "Polygon"
      },
      "id": "1Wmkc_XT8bgfBYxkcvsdXMq5tGQRQVzk",
      "properties": {
        "area_sq_km": 0.7176,
        "doc_description": ">North to Valpico Rd. > South to Ridgeview Dr. > East to MacArthur Dr. > West to Glenbriar Cir.",
        "doc_name": "T26 South Tracy",
        "fetched_at": "2026-07-27T10:53:28Z",
        "mid": "1Wmkc_XT8bgfBYxkcvsdXMq5tGQRQVzk",
        "zone_code": "T26"
      },
      "type": "Feature"
    },
    {
      "geometry": {
        "coordinates": [
          [
            [
              -121.3152244,
              38.0208691
            ],
            [
              -121.3153102,
              38.0192632
            ],
            [
              -121.3152888,
              38.0187899
            ],
            [
              -121.31516,
              38.0184518
            ],
            [
              -121.3149884,
              38.0180968
            ],
            [
              -121.3147523,
              38.0177587
            ],
            [
              -121.3143661,
              38.0174713
            ],
            [
              -121.3141301,
              38.0172346
            ],
            [
              -121.313658,
              38.0169473
            ],
            [
              -121.3130786,
              38.0167106
            ],
            [
              -121.3125207,
              38.0164401
            ],
            [
              -121.3122847,
              38.0169642
            ],
            [
              -121.3121989,
              38.0172008
            ],
            [
              -121.3119628,
              38.0174713
            ],
            [
              -121.311641,
              38.0175896
            ],
            [
              -121.311362,
              38.017708
            ],
            [
              -121.3109543,
              38.0176911
            ],
            [
              -121.3105681,
              38.0176911
            ],
            [
              -121.3102891,
              38.0177418
            ],
            [
              -121.3098815,
              38.0179785
            ],
            [
              -121.3076284,
              38.0162372
            ],
            [
              -121.3036802,
              38.0161865
            ],
            [
              -121.3031008,
              38.016288
            ],
            [
              -121.3024571,
              38.0164908
            ],
            [
              -121.3048174,
              38.0208691
            ],
            [
              -121.3152244,
              38.0208691
            ]
          ]
        ],
        "type": "Polygon"
      },
      "id": "1WxqgdxiDCa6s08EpdALE1X3g2vGpP6j1",
      "properties": {
        "area_sq_km": 0.4482,
        "doc_description": ">North to Hammer Ln., >South to Cordova Ln./ E. Lincoln Rd., >East to the RXR tracks, >West to N. El Dorado St.",
        "doc_name": "S28-Portion of North Stockton",
        "fetched_at": "2026-07-27T10:53:30Z",
        "mid": "1WxqgdxiDCa6s08EpdALE1X3g2vGpP6j1",
        "zone_code": "S28"
      },
      "type": "Feature"
    },
    {
      "geometry": {
        "coordinates": [
          [
            [
              -121.2911349,
              37.826425
            ],
            [
              -121.2878733,
              37.8336787
            ],
            [
              -121.2842684,
              37.8486246
            ],
            [
              -121.3244373,
              37.8486246
            ],
            [
              -121.3238364,
              37.8472691
            ],
            [
              -121.3211756,
              37.8448969
            ],
            [
              -121.3208752,
              37.8443546
            ],
            [
              -121.3207894,
              37.842694
            ],
            [
              -121.3202315,
              37.8422535
            ],
            [
              -121.3192444,
              37.8420501
            ],
            [
              -121.3185149,
              37.8419485
            ],
            [
              -121.3177424,
              37.8415757
            ],
            [
              -121.3170987,
              37.8394066
            ],
            [
              -121.3161545,
              37.8363224
            ],
            [
              -121.315425,
              37.8349667
            ],
            [
              -121.3137942,
              37.8339499
            ],
            [
              -121.3116913,
              37.8317806
            ],
            [
              -121.3112193,
              37.830018
            ],
            [
              -121.3097172,
              37.8268317
            ],
            [
              -121.3096314,
              37.8258487
            ],
            [
              -121.2911349,
              37.826425
            ]
          ]
        ],
        "type": "Polygon"
      },
      "id": "1X-ibiO5iT4SOe9X37w5IEWTAtfx5oFV3",
      "properties": {
        "area_sq_km": 6.3856,
        "doc_description": "> North to Frewert Rd., > South to Lathrop Rd., > East to I-5, > West to San Joaquin River",
        "doc_name": "M3- Rural West Lathrop",
        "fetched_at": "2026-07-27T10:53:30Z",
        "mid": "1X-ibiO5iT4SOe9X37w5IEWTAtfx5oFV3",
        "zone_code": "M3"
      },
      "type": "Feature"
    },
    {
      "geometry": {
        "coordinates": [
          [
            [
              -121.1513247,
              37.7366286
            ],
            [
              -121.2892117,
              37.6824764
            ],
            [
              -121.2606301,
              37.6497621
            ],
            [
              -121.2512745,
              37.6622652
            ],
            [
              -121.2504591,
              37.6630806
            ],
            [
              -121.2480988,
              37.6627409
            ],
            [
              -121.2466397,
              37.6647792
            ],
            [
              -121.2467684,
              37.6698408
            ],
            [
              -121.246468,
              37.672864
            ],
            [
              -121.2446227,
              37.6732716
            ],
            [
              -121.2430348,
              37.6719809
            ],
            [
              -121.2422194,
              37.6690255
            ],
            [
              -121.2423052,
              37.6668854
            ],
            [
              -121.2408032,
              37.6652548
            ],
            [
              -121.2348809,
              37.6641677
            ],
            [
              -121.2338509,
              37.6631146
            ],
            [
              -121.232263,
              37.6628088
            ],
            [
              -121.2305464,
              37.6632504
            ],
            [
              -121.2293448,
              37.6643376
            ],
            [
              -121.2302031,
              37.6667156
            ],
            [
              -121.2295594,
              37.6690935
            ],
            [
              -121.2261261,
              37.6699767
            ],
            [
              -121.2226071,
              37.6703164
            ],
            [
              -121.2212338,
              37.671845
            ],
            [
              -121.2223925,
              37.6743246
            ],
            [
              -121.2231221,
              37.6773477
            ],
            [
              -121.2223925,
              37.6789441
            ],
            [
              -121.2240662,
              37.683699
            ],
            [
              -121.223165,
              37.6841406
            ],
            [
              -121.2218346,
              37.6832236
            ],
            [
              -121.2194743,
              37.6858727
            ],
            [
              -121.2182726,
              37.6861104
            ],
            [
              -121.2165131,
              37.6882839
            ],
            [
              -121.2153973,
              37.6870953
            ],
            [
              -121.2123503,
              37.6865859
            ],
            [
              -121.2118782,
              37.6860764
            ],
            [
              -121.210505,
              37.6859406
            ],
            [
              -121.2090029,
              37.6866198
            ],
            [
              -121.2076725,
              37.6897103
            ],
            [
              -121.2063851,
              37.6913743
            ],
            [
              -121.2058272,
              37.6915781
            ],
            [
              -121.2073292,
              37.6938194
            ],
            [
              -121.2065997,
              37.69494
            ],
            [
              -121.2050118,
              37.6953135
            ],
            [
              -121.2029519,
              37.6954493
            ],
            [
              -121.2020935,
              37.696536
            ],
            [
              -121.2011494,
              37.6970453
            ],
            [
              -121.1982312,
              37.6971472
            ],
            [
              -121.1962141,
              37.6969095
            ],
            [
              -121.1941542,
              37.6961285
            ],
            [
              -121.1919655,
              37.6956191
            ],
            [
              -121.1912789,
              37.6956871
            ],
            [
              -121.1888327,
              37.6939892
            ],
            [
              -121.1848416,
              37.6946004
            ],
            [
              -121.1845841,
              37.6992525
            ],
            [
              -121.1826958,
              37.7009163
            ],
            [
              -121.1819663,
              37.7003731
            ],
            [
              -121.180593,
              37.7006787
            ],
            [
              -121.1793055,
              37.7018331
            ],
            [
              -121.1803784,
              37.7031234
            ],
            [
              -121.1805071,
              37.7037685
            ],
            [
              -121.1779322,
              37.706349
            ],
            [
              -121.1769452,
              37.7064169
            ],
            [
              -121.1759581,
              37.7057378
            ],
            [
              -121.1761298,
              37.7047192
            ],
            [
              -121.1755719,
              37.7038025
            ],
            [
              -121.1707653,
              37.7008824
            ],
            [
              -121.1687054,
              37.6994223
            ],
            [
              -121.1668601,
              37.6995242
            ],
            [
              -121.1647572,
              37.7000675
            ],
            [
              -121.1642851,
              37.7006447
            ],
            [
              -121.1663022,
              37.7012898
            ],
            [
              -121.1671175,
              37.7020029
            ],
            [
              -121.166903,
              37.7027499
            ],
            [
              -121.1660876,
              37.703429
            ],
            [
              -121.1655726,
              37.7047871
            ],
            [
              -121.1636414,
              37.704142
            ],
            [
              -121.1605086,
              37.7043457
            ],
            [
              -121.1593499,
              37.7049909
            ],
            [
              -121.1590495,
              37.706315
            ],
            [
              -121.1608519,
              37.7064848
            ],
            [
              -121.1619248,
              37.7071978
            ],
            [
              -121.1622681,
              37.7078429
            ],
            [
              -121.1618819,
              37.7085219
            ],
            [
              -121.160809,
              37.7084201
            ],
            [
              -121.1599936,
              37.7081145
            ],
            [
              -121.1594786,
              37.7087596
            ],
            [
              -121.1610236,
              37.7109664
            ],
            [
              -121.1604657,
              37.711917
            ],
            [
              -121.1591353,
              37.7123244
            ],
            [
              -121.1581482,
              37.7124602
            ],
            [
              -121.1582341,
              37.71392
            ],
            [
              -121.1591782,
              37.7151083
            ],
            [
              -121.1590495,
              37.7175186
            ],
            [
              -121.1578907,
              37.7170094
            ],
            [
              -121.1571183,
              37.7168396
            ],
            [
              -121.1570754,
              37.7183333
            ],
            [
              -121.1557021,
              37.7202004
            ],
            [
              -121.1544146,
              37.7202683
            ],
            [
              -121.1538996,
              37.7192499
            ],
            [
              -121.1507668,
              37.7196912
            ],
            [
              -121.1511101,
              37.7368662
            ],
            [
              -121.1513247,
              37.7366286
            ]
          ]
        ],
        "type": "Polygon"
      },
      "id": "1XHl-QMXhrIhnc-f0XRg9B8HZbx5LjEsI",
      "properties": {
        "area_sq_km": 36.6001,
        "doc_description": null,
        "doc_name": "R1C- Portion of Rural West Ripon",
        "fetched_at": "2026-07-27T10:53:31Z",
        "mid": "1XHl-QMXhrIhnc-f0XRg9B8HZbx5LjEsI",
        "zone_code": "R1C"
      },
      "type": "Feature"
    },
    {
      "geometry": {
        "coordinates": [
          [
            [
              -121.0160744,
              37.8349397
            ],
            [
              -121.015774,
              37.8196859
            ],
            [
              -120.9789526,
              37.8195842
            ],
            [
              -120.9795535,
              37.8349058
            ],
            [
              -121.0160744,
              37.8349397
            ]
          ]
        ],
        "type": "Polygon"
      },
      "id": "1XVnBm2Y8vjApBUoMFBHcxv1Y7wKvZZ46",
      "properties": {
        "area_sq_km": 5.4748,
        "doc_description": "> North to one mile north of Lone Tree Rd., > South to one mile south of Lone Tree Rd., > East to Campbell Rd., >West to Brennan Rd.",
        "doc_name": "E5-Rural North Escalon",
        "fetched_at": "2026-07-27T10:53:32Z",
        "mid": "1XVnBm2Y8vjApBUoMFBHcxv1Y7wKvZZ46",
        "zone_code": "E5"
      },
      "type": "Feature"
    },
    {
      "geometry": {
        "coordinates": [
          [
            [
              [
                -121.2912353,
                38.2336823
              ],
              [
                -121.2912431,
                38.2337498
              ],
              [
                -121.2914576,
                38.2336823
              ],
              [
                -121.2912353,
                38.2336823
              ]
            ]
          ],
          [
            [
              [
                -121.2912353,
                38.2336823
              ],
              [
                -121.2912216,
                38.2335644
              ],
              [
                -121.2909426,
                38.2264344
              ],
              [
                -121.2790122,
                38.2265861
              ],
              [
                -121.2765445,
                38.2272604
              ],
              [
                -121.280643,
                38.2336823
              ],
              [
                -121.2912353,
                38.2336823
              ]
            ]
          ]
        ],
        "type": "MultiPolygon"
      },
      "id": "1XmqP3iQmEg6GmbNjv5mXEzI2qEMvsQp3",
      "properties": {
        "area_sq_km": 0.8753,
        "doc_description": ">North to Liberty Rd., >South to E. Spiess Rd., >East to Hwy 99, >West to N. Lower Sacramento Rd.",
        "doc_name": "L9- Rural North Acampo",
        "fetched_at": "2026-07-27T10:53:32Z",
        "mid": "1XmqP3iQmEg6GmbNjv5mXEzI2qEMvsQp3",
        "zone_code": "L9"
      },
      "type": "Feature"
    },
    {
      "geometry": {
        "coordinates": [
          [
            [
              -121.3253016,
              37.9982337
            ],
            [
              -121.3267178,
              37.9979293
            ],
            [
              -121.3277477,
              37.997625
            ],
            [
              -121.3292498,
              37.997625
            ],
            [
              -121.3304085,
              37.9977264
            ],
            [
              -121.3317818,
              37.9977264
            ],
            [
              -121.3325972,
              37.9975235
            ],
            [
              -121.3333696,
              37.9970162
            ],
            [
              -121.3348717,
              37.9959002
            ],
            [
              -121.3366312,
              37.9957649
            ],
            [
              -121.3382191,
              37.9956973
            ],
            [
              -121.3409227,
              37.9953591
            ],
            [
              -121.3417381,
              37.994818
            ],
            [
              -121.3425106,
              37.9940063
            ],
            [
              -121.3426394,
              37.9932622
            ],
            [
              -121.3421673,
              37.9921461
            ],
            [
              -121.3406652,
              37.9890007
            ],
            [
              -121.3405365,
              37.9878845
            ],
            [
              -121.3403648,
              37.9846036
            ],
            [
              -121.3380045,
              37.9846712
            ],
            [
              -121.3346571,
              37.9855845
            ],
            [
              -121.3216108,
              37.9887639
            ],
            [
              -121.3253016,
              37.9982337
            ]
          ]
        ],
        "type": "Polygon"
      },
      "id": "1Y2JIBLPyYIXEk4rI-UXFujuOA8WNh9Q",
      "properties": {
        "area_sq_km": 1.8683,
        "doc_description": ">North to Quail Lakes Drive, >South to March Ln., >East to N. Pershing Ave., >West to Quail Lakes Dr.",
        "doc_name": "S53- Portion of North Stockton- Quail Lakes area",
        "fetched_at": "2026-07-27T10:53:33Z",
        "mid": "1Y2JIBLPyYIXEk4rI-UXFujuOA8WNh9Q",
        "zone_code": "S53"
      },
      "type": "Feature"
    },
    {
      "geometry": {
        "coordinates": [
          [
            [
              -121.3155743,
              37.930747
            ],
            [
              -121.3158318,
              37.9307639
            ],
            [
              -121.3158318,
              37.9292068
            ],
            [
              -121.3184496,
              37.9291899
            ],
            [
              -121.3185355,
              37.9253985
            ],
            [
              -121.3089439,
              37.9253816
            ],
            [
              -121.3089868,
              37.9262448
            ],
            [
              -121.3101133,
              37.9262236
            ],
            [
              -121.3101133,
              37.9267103
            ],
            [
              -121.3100704,
              37.9267356
            ],
            [
              -121.310006,
              37.9267187
            ],
            [
              -121.3099631,
              37.9267144
            ],
            [
              -121.3094589,
              37.926723
            ],
            [
              -121.3092604,
              37.9267145
            ],
            [
              -121.3090297,
              37.9267187
            ],
            [
              -121.3060337,
              37.9267388
            ],
            [
              -121.3060417,
              37.9309394
            ],
            [
              -121.3079675,
              37.9309796
            ],
            [
              -121.3079353,
              37.9315339
            ],
            [
              -121.3123342,
              37.931627
            ],
            [
              -121.3123449,
              37.9306455
            ],
            [
              -121.3155743,
              37.930747
            ]
          ]
        ],
        "type": "Polygon"
      },
      "id": "1Y2oilp_Kka412zuET4C3v28f_2hibrg",
      "properties": {
        "area_sq_km": 0.6049,
        "doc_description": ">North to Wall St., Platte Rd., Truckee Ln., La Vita Dr., and Walbury St. >South to Alta Sierra St., Diablo Creek Dr. and 8th St. >East to Moss Garden Ave., Moss Rock Ln., Capitola Cir., Pajaro Way, and Dry Creek Way,  >West to Oxwell and Tille Lewis Drive",
        "doc_name": "S41B- A Portion of South Stockton West Of I-5",
        "fetched_at": "2026-07-27T10:53:33Z",
        "mid": "1Y2oilp_Kka412zuET4C3v28f_2hibrg",
        "zone_code": "S41B"
      },
      "type": "Feature"
    },
    {
      "geometry": {
        "coordinates": [
          [
            [
              -121.1653541,
              37.7397481
            ],
            [
              -121.1652253,
              37.7172782
            ],
            [
              -121.1596034,
              37.717414
            ],
            [
              -121.1576723,
              37.7191453
            ],
            [
              -121.1559127,
              37.7210123
            ],
            [
              -121.1559127,
              37.7248821
            ],
            [
              -121.154711,
              37.7248142
            ],
            [
              -121.1534665,
              37.7248482
            ],
            [
              -121.1509345,
              37.7249499
            ],
            [
              -121.1509345,
              37.739816
            ],
            [
              -121.1653541,
              37.7397481
            ]
          ]
        ],
        "type": "Polygon"
      },
      "id": "1Y4haE-Hzh0zbo0vuMQcp_IZNEo6LF-xU",
      "properties": {
        "area_sq_km": 2.7187,
        "doc_description": "> North to W. Ripon Rd. > South to E. Moncure Rd. > East to Mohler Rd. > West to S. Frederick Ave.",
        "doc_name": "R4-Rural West Ripon",
        "fetched_at": "2026-07-27T10:53:34Z",
        "mid": "1Y4haE-Hzh0zbo0vuMQcp_IZNEo6LF-xU",
        "zone_code": "R4"
      },
      "type": "Feature"
    },
    {
      "geometry": {
        "coordinates": [
          [
            [
              -121.1118352,
              37.7614047
            ],
            [
              -121.1301063,
              37.7615361
            ],
            [
              -121.1585162,
              37.7619093
            ],
            [
              -121.1564992,
              37.7189619
            ],
            [
              -121.1069888,
              37.7317206
            ],
            [
              -121.1065597,
              37.7371509
            ],
            [
              -121.0935992,
              37.7427167
            ],
            [
              -121.0941572,
              37.7541861
            ],
            [
              -121.1125464,
              37.7518278
            ],
            [
              -121.1118352,
              37.7614047
            ]
          ]
        ],
        "type": "Polygon"
      },
      "id": "1YJS-9czYLf7rAZSR056FokwvinBCQpY",
      "properties": {
        "area_sq_km": 19.2578,
        "doc_description": null,
        "doc_name": "City of Ripon and surrounding rural area- see map",
        "fetched_at": "2026-07-27T10:53:35Z",
        "mid": "1YJS-9czYLf7rAZSR056FokwvinBCQpY",
        "zone_code": null
      },
      "type": "Feature"
    },
    {
      "geometry": {
        "coordinates": [
          [
            [
              -121.0875223,
              37.761513
            ],
            [
              -121.0872649,
              37.7492642
            ],
            [
              -121.0871362,
              37.7446492
            ],
            [
              -121.0870933,
              37.7428506
            ],
            [
              -121.0871577,
              37.7407466
            ],
            [
              -121.0863637,
              37.7409502
            ],
            [
              -121.0848187,
              37.7407466
            ],
            [
              -121.0841321,
              37.7419683
            ],
            [
              -121.0829304,
              37.7416968
            ],
            [
              -121.082158,
              37.7404072
            ],
            [
              -121.0802697,
              37.7403393
            ],
            [
              -121.0787247,
              37.7380316
            ],
            [
              -121.0767506,
              37.7374207
            ],
            [
              -121.0752057,
              37.7389818
            ],
            [
              -121.0718583,
              37.7379637
            ],
            [
              -121.0691117,
              37.7396606
            ],
            [
              -121.0673093,
              37.7400678
            ],
            [
              -121.0680817,
              37.7431221
            ],
            [
              -121.0672234,
              37.7450903
            ],
            [
              -121.0646485,
              37.7440723
            ],
            [
              -121.0642194,
              37.744751
            ],
            [
              -121.0657643,
              37.7457012
            ],
            [
              -121.0649918,
              37.7469228
            ],
            [
              -121.0631894,
              37.7459726
            ],
            [
              -121.0615587,
              37.7467192
            ],
            [
              -121.0612154,
              37.748891
            ],
            [
              -121.0602712,
              37.7497732
            ],
            [
              -121.0589838,
              37.7487552
            ],
            [
              -121.0576105,
              37.7490267
            ],
            [
              -121.0572672,
              37.7504519
            ],
            [
              -121.0560655,
              37.7503161
            ],
            [
              -121.0557222,
              37.749366
            ],
            [
              -121.0540914,
              37.7494339
            ],
            [
              -121.051259,
              37.7482123
            ],
            [
              -121.051259,
              37.7473979
            ],
            [
              -121.0528898,
              37.746312
            ],
            [
              -121.052804,
              37.7454297
            ],
            [
              -121.0504865,
              37.7456333
            ],
            [
              -121.0502291,
              37.7445474
            ],
            [
              -121.0515165,
              37.7430542
            ],
            [
              -121.0508299,
              37.7416968
            ],
            [
              -121.0491991,
              37.7427149
            ],
            [
              -121.0471391,
              37.7429864
            ],
            [
              -121.0457659,
              37.7417647
            ],
            [
              -121.0447359,
              37.7391176
            ],
            [
              -121.0433626,
              37.7383031
            ],
            [
              -121.0431051,
              37.7393891
            ],
            [
              -121.0443067,
              37.7412217
            ],
            [
              -121.042676,
              37.7420361
            ],
            [
              -121.0413885,
              37.7412217
            ],
            [
              -121.0396719,
              37.7397963
            ],
            [
              -121.0383844,
              37.7389139
            ],
            [
              -121.0378694,
              37.7404751
            ],
            [
              -121.037097,
              37.74319
            ],
            [
              -121.0346079,
              37.74319
            ],
            [
              -121.0316038,
              37.7419004
            ],
            [
              -121.0328054,
              37.7556774
            ],
            [
              -121.0358095,
              37.7557451
            ],
            [
              -121.0415172,
              37.7556434
            ],
            [
              -121.050272,
              37.7585273
            ],
            [
              -121.074047,
              37.758188
            ],
            [
              -121.0875223,
              37.761513
            ]
          ]
        ],
        "type": "Polygon"
      },
      "id": "1YL9H_Hvsk8cDWeuU1zLV1nZCaWJG3bh-",
      "properties": {
        "area_sq_km": 8.2511,
        "doc_description": ">North to East River Rd., >South to Stanislaus River, >East to Sexton Rd., >West to Wagner Rd.",
        "doc_name": "R6- Rural East Ripon",
        "fetched_at": "2026-07-27T10:53:35Z",
        "mid": "1YL9H_Hvsk8cDWeuU1zLV1nZCaWJG3bh-",
        "zone_code": "R6"
      },
      "type": "Feature"
    },
    {
      "geometry": {
        "coordinates": [
          [
            [
              -121.1245089,
              37.7613062
            ],
            [
              -121.1340361,
              37.7613401
            ],
            [
              -121.1337357,
              37.7582526
            ],
            [
              -121.1333494,
              37.7565562
            ],
            [
              -121.1326199,
              37.7553347
            ],
            [
              -121.1321049,
              37.7539096
            ],
            [
              -121.1312466,
              37.7504316
            ],
            [
              -121.1312466,
              37.7494476
            ],
            [
              -121.1331349,
              37.7468516
            ],
            [
              -121.1321693,
              37.7463766
            ],
            [
              -121.1053043,
              37.7465802
            ],
            [
              -121.1055832,
              37.7499057
            ],
            [
              -121.1058622,
              37.749227
            ],
            [
              -121.1062055,
              37.7487859
            ],
            [
              -121.1068921,
              37.7485314
            ],
            [
              -121.1074715,
              37.7484465
            ],
            [
              -121.107965,
              37.7485823
            ],
            [
              -121.1083298,
              37.7487859
            ],
            [
              -121.108995,
              37.7487689
            ],
            [
              -121.1096387,
              37.7488707
            ],
            [
              -121.1100679,
              37.7490743
            ],
            [
              -121.1121063,
              37.7491422
            ],
            [
              -121.1127501,
              37.7490404
            ],
            [
              -121.1132221,
              37.7490913
            ],
            [
              -121.1136084,
              37.7495833
            ],
            [
              -121.1142092,
              37.7498039
            ],
            [
              -121.1145311,
              37.7504655
            ],
            [
              -121.1197238,
              37.7524675
            ],
            [
              -121.1201744,
              37.7524675
            ],
            [
              -121.1230283,
              37.7535024
            ],
            [
              -121.1244445,
              37.753706
            ],
            [
              -121.124187,
              37.7613062
            ],
            [
              -121.1245089,
              37.7613062
            ]
          ]
        ],
        "type": "Polygon"
      },
      "id": "1YOOEm8XqO1MU3sYNQFNHz9FO-R_QVjU",
      "properties": {
        "area_sq_km": 1.9818,
        "doc_description": ">North to E. River Rd. and SSJ Canal, >South to E. Milgeo Ave., >East to S. Murphy Rd., >West Fulton Ave.",
        "doc_name": "R16- A Portion of North Ripon",
        "fetched_at": "2026-07-27T10:53:36Z",
        "mid": "1YOOEm8XqO1MU3sYNQFNHz9FO-R_QVjU",
        "zone_code": "R16"
      },
      "type": "Feature"
    },
    {
      "geometry": {
        "coordinates": [
          [
            [
              -120.9424808,
              37.8133412
            ],
            [
              -120.9420087,
              37.793471
            ],
            [
              -120.9227397,
              37.7932336
            ],
            [
              -120.9233405,
              37.8133751
            ],
            [
              -120.9424808,
              37.8133412
            ]
          ]
        ],
        "type": "Polygon"
      },
      "id": "1YdE4wGmIItr1fDrb1unsnlFVmpL_Tx5f",
      "properties": {
        "area_sq_km": 3.7529,
        "doc_description": ">North to OID Canal, >South to Hwy 120, >East to Victory Ave., >West to Henry Rd.",
        "doc_name": "E29- Rural East Escalon",
        "fetched_at": "2026-07-27T10:53:37Z",
        "mid": "1YdE4wGmIItr1fDrb1unsnlFVmpL_Tx5f",
        "zone_code": "E29"
      },
      "type": "Feature"
    },
    {
      "geometry": {
        "coordinates": [
          [
            [
              -121.3424596,
              37.8776248
            ],
            [
              -121.3425454,
              37.8732888
            ],
            [
              -121.3425025,
              37.8706803
            ],
            [
              -121.3422879,
              37.8695623
            ],
            [
              -121.3414296,
              37.8685121
            ],
            [
              -121.3406142,
              37.8650226
            ],
            [
              -121.3401422,
              37.8634641
            ],
            [
              -121.3390264,
              37.8625154
            ],
            [
              -121.338726,
              37.8603809
            ],
            [
              -121.3383826,
              37.8551629
            ],
            [
              -121.3213453,
              37.8550951
            ],
            [
              -121.3212594,
              37.8562472
            ],
            [
              -121.3210019,
              37.8567554
            ],
            [
              -121.3202295,
              37.857162
            ],
            [
              -121.3188991,
              37.8584835
            ],
            [
              -121.3183412,
              37.8592967
            ],
            [
              -121.318942,
              37.8599404
            ],
            [
              -121.3200578,
              37.8601776
            ],
            [
              -121.3210878,
              37.8608214
            ],
            [
              -121.3213882,
              37.8615668
            ],
            [
              -121.3208732,
              37.862346
            ],
            [
              -121.3207874,
              37.8627526
            ],
            [
              -121.3218602,
              37.8633963
            ],
            [
              -121.3241777,
              37.8642772
            ],
            [
              -121.3262805,
              37.8645483
            ],
            [
              -121.3273534,
              37.8651581
            ],
            [
              -121.3278255,
              37.8660729
            ],
            [
              -121.3278255,
              37.867428
            ],
            [
              -121.3279113,
              37.8679701
            ],
            [
              -121.3297567,
              37.8705109
            ],
            [
              -121.3309583,
              37.8724419
            ],
            [
              -121.3320741,
              37.8730856
            ],
            [
              -121.3329324,
              37.8737292
            ],
            [
              -121.3334045,
              37.8746777
            ],
            [
              -121.3325462,
              37.8764054
            ],
            [
              -121.3323745,
              37.8776248
            ],
            [
              -121.3424596,
              37.8776248
            ]
          ]
        ],
        "type": "Polygon"
      },
      "id": "1YmOOt6vEkI6M9F-H7Mtsj89AgAhXZBs",
      "properties": {
        "area_sq_km": 3.1698,
        "doc_description": ">North to Howard Rd., >South to W. Carlin Rd., >East to San Joaquin River, >West to S. Roberts Rd.",
        "doc_name": "D49- Delta area: Portion of Southeast Roberts Island",
        "fetched_at": "2026-07-27T10:53:37Z",
        "mid": "1YmOOt6vEkI6M9F-H7Mtsj89AgAhXZBs",
        "zone_code": "D49"
      },
      "type": "Feature"
    },
    {
      "geometry": {
        "coordinates": [
          [
            [
              -121.4996014,
              38.0980078
            ],
            [
              -121.4983998,
              38.0632814
            ],
            [
              -121.4614926,
              38.0623353
            ],
            [
              -121.4616643,
              38.0978727
            ],
            [
              -121.4996014,
              38.0980078
            ]
          ]
        ],
        "type": "Polygon"
      },
      "id": "1YxdmeEmftJ1kSIV8yZiuneMI0UHy7d3p",
      "properties": {
        "area_sq_km": 12.7919,
        "doc_description": "Delta area- Portions of Empire Tract and Terminous Tract",
        "doc_name": "D29- Delta area- Portions of Empire Tract and Terminous Tract",
        "fetched_at": "2026-07-27T10:53:38Z",
        "mid": "1YxdmeEmftJ1kSIV8yZiuneMI0UHy7d3p",
        "zone_code": "D29"
      },
      "type": "Feature"
    },
    {
      "geometry": {
        "coordinates": [
          [
            [
              -121.3158817,
              37.9154218
            ],
            [
              -121.3215894,
              37.9154556
            ],
            [
              -121.3220615,
              37.9149816
            ],
            [
              -121.3228125,
              37.914186
            ],
            [
              -121.3234777,
              37.913458
            ],
            [
              -121.3236923,
              37.9120868
            ],
            [
              -121.3240141,
              37.9114773
            ],
            [
              -121.324572,
              37.9102076
            ],
            [
              -121.3244647,
              37.9096659
            ],
            [
              -121.3245077,
              37.9083962
            ],
            [
              -121.324615,
              37.9076004
            ],
            [
              -121.3244862,
              37.9071603
            ],
            [
              -121.3235421,
              37.9064322
            ],
            [
              -121.3227481,
              37.9055688
            ],
            [
              -121.3226623,
              37.9049593
            ],
            [
              -121.3242931,
              37.9035032
            ],
            [
              -121.3255162,
              37.9021657
            ],
            [
              -121.320023,
              37.9020471
            ],
            [
              -121.3199372,
              37.9035879
            ],
            [
              -121.3195509,
              37.9045868
            ],
            [
              -121.3191647,
              37.9059074
            ],
            [
              -121.3190145,
              37.9071941
            ],
            [
              -121.3186712,
              37.9083623
            ],
            [
              -121.3181562,
              37.909395
            ],
            [
              -121.3178987,
              37.9100891
            ],
            [
              -121.317491,
              37.9109187
            ],
            [
              -121.3168687,
              37.9118159
            ],
            [
              -121.3163108,
              37.9122222
            ],
            [
              -121.3157529,
              37.91251
            ],
            [
              -121.3148088,
              37.9128825
            ],
            [
              -121.3151092,
              37.9133395
            ],
            [
              -121.3155598,
              37.9141013
            ],
            [
              -121.3158173,
              37.9147446
            ],
            [
              -121.3158817,
              37.9154218
            ]
          ]
        ],
        "type": "Polygon"
      },
      "id": "1Yzi30e57gp6kS7Rp8wPZF_J-t0eYFqHS",
      "properties": {
        "area_sq_km": 0.758,
        "doc_description": ">North to Watercourse St., >South to Abruzzi Cir., >East to Carolyn Weston Blvd., & Waterview Ln., >West to San Joaquin River",
        "doc_name": "S22- Northwest Weston Ranch",
        "fetched_at": "2026-07-27T10:53:38Z",
        "mid": "1Yzi30e57gp6kS7Rp8wPZF_J-t0eYFqHS",
        "zone_code": "S22"
      },
      "type": "Feature"
    },
    {
      "geometry": {
        "coordinates": [
          [
            [
              -121.4875841,
              38.1653862
            ],
            [
              -121.5085268,
              38.1009793
            ],
            [
              -121.4877557,
              38.1011144
            ],
            [
              -121.4738512,
              38.131367
            ],
            [
              -121.4376306,
              38.1328523
            ],
            [
              -121.4123964,
              38.1784767
            ],
            [
              -121.4875841,
              38.1653862
            ]
          ]
        ],
        "type": "Polygon"
      },
      "id": "1Z59hWMTgE8agGyd1Lz3EeDve4RNr9E-G",
      "properties": {
        "area_sq_km": 31.9725,
        "doc_description": "Delta Area: Portions of Brack Tract, Terminous Tract including Tower Park, Bouldin Island, and Staten Island",
        "doc_name": "D16- Delta Area West of Lodi",
        "fetched_at": "2026-07-27T10:53:39Z",
        "mid": "1Z59hWMTgE8agGyd1Lz3EeDve4RNr9E-G",
        "zone_code": "D16"
      },
      "type": "Feature"
    },
    {
      "geometry": {
        "coordinates": [
          [
            [
              -121.3006545,
              38.0281239
            ],
            [
              -121.300633,
              38.020771
            ],
            [
              -121.2797118,
              38.0209738
            ],
            [
              -121.2795402,
              38.0228163
            ],
            [
              -121.2793685,
              38.0259265
            ],
            [
              -121.2791324,
              38.0282422
            ],
            [
              -121.3006545,
              38.0281239
            ]
          ]
        ],
        "type": "Polygon"
      },
      "id": "1Z8F9XB_hFvthzPSe6DNMvcJt-jkqromK",
      "properties": {
        "area_sq_km": 1.5099,
        "doc_description": ">North to Mosher Slough, >South to E. Hammer Ln., >East to RxR tracks., >West to Tam O Shanter Dr.",
        "doc_name": "S20- Portion of North Stockton",
        "fetched_at": "2026-07-27T10:53:40Z",
        "mid": "1Z8F9XB_hFvthzPSe6DNMvcJt-jkqromK",
        "zone_code": "S20"
      },
      "type": "Feature"
    },
    {
      "geometry": {
        "coordinates": [
          [
            [
              -121.2698552,
              38.0369611
            ],
            [
              -121.2696407,
              38.0273949
            ],
            [
              -121.2716577,
              38.0234396
            ],
            [
              -121.2716792,
              38.0212252
            ],
            [
              -121.2688682,
              38.0212421
            ],
            [
              -121.2587831,
              38.0281048
            ],
            [
              -121.2588689,
              38.0372315
            ],
            [
              -121.2698552,
              38.0369611
            ]
          ]
        ],
        "type": "Polygon"
      },
      "id": "1Z9I9hAMPAMKQKsp0_exbF-s4tR9wAxA",
      "properties": {
        "area_sq_km": 1.4285,
        "doc_description": "N to E. Morada Ln., > S to Hammer Ln., > E to 99, > W to Holman Rd.",
        "doc_name": "S61 - Portion of Stockton - Morada",
        "fetched_at": "2026-07-31T02:36:12Z",
        "mid": "1Z9I9hAMPAMKQKsp0_exbF-s4tR9wAxA",
        "zone_code": "S61"
      },
      "type": "Feature"
    },
    {
      "geometry": {
        "coordinates": [
          [
            [
              -121.4405881,
              37.725369
            ],
            [
              -121.4403092,
              37.7243337
            ],
            [
              -121.4397298,
              37.7225686
            ],
            [
              -121.4396655,
              37.721703
            ],
            [
              -121.4401161,
              37.7200905
            ],
            [
              -121.4401375,
              37.7193098
            ],
            [
              -121.4396869,
              37.7176633
            ],
            [
              -121.4394509,
              37.7166279
            ],
            [
              -121.4399015,
              37.7158811
            ],
            [
              -121.4400731,
              37.7150833
            ],
            [
              -121.4397513,
              37.7137593
            ],
            [
              -121.4391505,
              37.713912
            ],
            [
              -121.4373909,
              37.7143703
            ],
            [
              -121.4362537,
              37.7144722
            ],
            [
              -121.4344512,
              37.7145231
            ],
            [
              -121.4344942,
              37.7251653
            ],
            [
              -121.4374124,
              37.7251653
            ],
            [
              -121.4388501,
              37.7253181
            ],
            [
              -121.4405881,
              37.725369
            ]
          ]
        ],
        "type": "Polygon"
      },
      "id": "1ZAm6imfHYl-XE4SJbGGW936NYT6-HeY",
      "properties": {
        "area_sq_km": 0.5845,
        "doc_description": ">North to W. Schulte Rd, >South to W. Central, >East to Tracy Blvd., >West to Sycamore Pkwy",
        "doc_name": "T32- Southwest Tracy",
        "fetched_at": "2026-07-27T10:53:40Z",
        "mid": "1ZAm6imfHYl-XE4SJbGGW936NYT6-HeY",
        "zone_code": "T32"
      },
      "type": "Feature"
    },
    {
      "geometry": {
        "coordinates": [
          [
            [
              -121.279672,
              38.021155
            ],
            [
              -121.2833627,
              38.0211888
            ],
            [
              -121.2833842,
              38.0204619
            ],
            [
              -121.28347,
              38.0195998
            ],
            [
              -121.2840064,
              38.018501
            ],
            [
              -121.284736,
              38.0171825
            ],
            [
              -121.2852724,
              38.0157455
            ],
            [
              -121.2853153,
              38.0146467
            ],
            [
              -121.2851651,
              38.0129561
            ],
            [
              -121.2846072,
              38.011722
            ],
            [
              -121.2834485,
              38.0102849
            ],
            [
              -121.2802513,
              38.0110457
            ],
            [
              -121.279672,
              38.021155
            ]
          ]
        ],
        "type": "Polygon"
      },
      "id": "1ZookZh0u51WlKoYJcTuBd8NJToImqoRt",
      "properties": {
        "area_sq_km": 0.4665,
        "doc_description": ">North to E. Hammer Ln., >South to Amaretto St., >East to R&R, >West to Lorraine Ave.",
        "doc_name": "S31- Northeast Stockton",
        "fetched_at": "2026-07-27T10:53:41Z",
        "mid": "1ZookZh0u51WlKoYJcTuBd8NJToImqoRt",
        "zone_code": "S31"
      },
      "type": "Feature"
    },
    {
      "geometry": {
        "coordinates": [
          [
            [
              -121.0583794,
              37.7986132
            ],
            [
              -121.0582077,
              37.7834876
            ],
            [
              -121.0513842,
              37.7835554
            ],
            [
              -121.0518133,
              37.798681
            ],
            [
              -121.0583794,
              37.7986132
            ]
          ]
        ],
        "type": "Polygon"
      },
      "id": "1_HKwFtd4Dbm7MqkVu_tRfi3esKHeWGc",
      "properties": {
        "area_sq_km": 0.9896,
        "doc_description": ">North to Yosemite Ave., >South to Allen Rd., >East to S. Van Allen Rd., >West to Von Glahn Rd.",
        "doc_name": "E70 Rural N. Escalon",
        "fetched_at": "2026-07-27T10:53:41Z",
        "mid": "1_HKwFtd4Dbm7MqkVu_tRfi3esKHeWGc",
        "zone_code": "E70"
      },
      "type": "Feature"
    },
    {
      "geometry": {
        "coordinates": [
          [
            [
              -121.2954941,
              38.0350574
            ],
            [
              -121.2954941,
              38.0353279
            ],
            [
              -121.3133041,
              38.0353955
            ],
            [
              -121.3054506,
              38.0208932
            ],
            [
              -121.2951508,
              38.020927
            ],
            [
              -121.2954941,
              38.0350574
            ]
          ]
        ],
        "type": "Polygon"
      },
      "id": "1_IIE4MBvq3LwIICqndJarCf7KP81iZ_j",
      "properties": {
        "area_sq_km": 1.9771,
        "doc_description": ">North to Sutherland Dr., >South to Hammer Ln., >West to R&R tracks, East to West Ln.",
        "doc_name": "S4- Portion of North Stockton",
        "fetched_at": "2026-07-27T10:53:42Z",
        "mid": "1_IIE4MBvq3LwIICqndJarCf7KP81iZ_j",
        "zone_code": "S4"
      },
      "type": "Feature"
    },
    {
      "geometry": {
        "coordinates": [
          [
            [
              -121.3409447,
              38.0373015
            ],
            [
              -121.3424681,
              38.0367945
            ],
            [
              -121.3431119,
              38.0366593
            ],
            [
              -121.34382,
              38.0366593
            ],
            [
              -121.3464163,
              38.0368452
            ],
            [
              -121.3474463,
              38.0369889
            ],
            [
              -121.3485192,
              38.0370649
            ],
            [
              -121.3497853,
              38.0366931
            ],
            [
              -121.3533257,
              38.0357636
            ],
            [
              -121.3554929,
              38.0353411
            ],
            [
              -121.3554715,
              38.0333637
            ],
            [
              -121.355729,
              38.0322144
            ],
            [
              -121.3558739,
              38.031758
            ],
            [
              -121.3559677,
              38.0314707
            ],
            [
              -121.3559329,
              38.0312679
            ],
            [
              -121.355949,
              38.0309974
            ],
            [
              -121.3559865,
              38.0306763
            ],
            [
              -121.3560482,
              38.0303932
            ],
            [
              -121.3560455,
              38.0301101
            ],
            [
              -121.3560402,
              38.0295777
            ],
            [
              -121.3560723,
              38.0284791
            ],
            [
              -121.3455151,
              38.0284791
            ],
            [
              -121.3454293,
              38.0238646
            ],
            [
              -121.3416528,
              38.0238308
            ],
            [
              -121.3392065,
              38.023797
            ],
            [
              -121.3378333,
              38.0239829
            ],
            [
              -121.329379,
              38.0239153
            ],
            [
              -121.3277802,
              38.0243209
            ],
            [
              -121.3348077,
              38.0316397
            ],
            [
              -121.3409447,
              38.0373015
            ]
          ]
        ],
        "type": "Polygon"
      },
      "id": "1_IeEna2WMoneW7TepL89Uuj5NbjRx79L",
      "properties": {
        "area_sq_km": 2.2671,
        "doc_description": ">North to Stanfield Dr., >South Mosher Slough and Paloma Ave., >East to Thornton Rd., >West to Bainbridge Pl. &  Don Ave.",
        "doc_name": "S24- Portion of Northwest Stockton",
        "fetched_at": "2026-07-27T10:53:43Z",
        "mid": "1_IeEna2WMoneW7TepL89Uuj5NbjRx79L",
        "zone_code": "S24"
      },
      "type": "Feature"
    },
    {
      "geometry": {
        "coordinates": [
          [
            [
              -121.1314348,
              37.7511843
            ],
            [
              -121.1241606,
              37.7512182
            ],
            [
              -121.1243538,
              37.7667745
            ],
            [
              -121.1292247,
              37.7667575
            ],
            [
              -121.1291174,
              37.7613972
            ],
            [
              -121.1379364,
              37.7612784
            ],
            [
              -121.137915,
              37.7589883
            ],
            [
              -121.1343101,
              37.7589713
            ],
            [
              -121.1332802,
              37.7566811
            ],
            [
              -121.1327008,
              37.7555444
            ],
            [
              -121.132336,
              37.754781
            ],
            [
              -121.1321429,
              37.7540176
            ],
            [
              -121.1314348,
              37.7511843
            ]
          ]
        ],
        "type": "Polygon"
      },
      "id": "1_VAtFfrt98vgNIop7if0fdim9wMjy0c",
      "properties": {
        "area_sq_km": 1.2158,
        "doc_description": ">North to Diamond Way and River Rd., >South to Shasta Ave., >East to N. Ripon Rd., >West to Cornerstone Dr., Cady Ln. and Fulton Ave.",
        "doc_name": "R21- Portion of North Ripon",
        "fetched_at": "2026-07-27T10:53:43Z",
        "mid": "1_VAtFfrt98vgNIop7if0fdim9wMjy0c",
        "zone_code": "R21"
      },
      "type": "Feature"
    },
    {
      "geometry": {
        "coordinates": [
          [
            [
              -121.1985401,
              37.8047094
            ],
            [
              -121.2031642,
              37.8047264
            ],
            [
              -121.2049238,
              37.8042517
            ],
            [
              -121.2053744,
              37.8042856
            ],
            [
              -121.2056748,
              37.8050824
            ],
            [
              -121.2070481,
              37.8047094
            ],
            [
              -121.2168113,
              37.8047603
            ],
            [
              -121.2166182,
              37.797385
            ],
            [
              -121.1981539,
              37.7974783
            ],
            [
              -121.1985401,
              37.8047094
            ]
          ]
        ],
        "type": "Polygon"
      },
      "id": "1_re7MaL_iSs4Oj-cZYdXu1HWLJyE9cA",
      "properties": {
        "area_sq_km": 1.3056,
        "doc_description": ">North to E Alameda St, > South to Yosemite Ave., > East to Cottage Ave., > West to N. Main St.",
        "doc_name": "M37-Portion of Central Manteca",
        "fetched_at": "2026-07-31T02:36:12Z",
        "mid": "1_re7MaL_iSs4Oj-cZYdXu1HWLJyE9cA",
        "zone_code": "M37"
      },
      "type": "Feature"
    },
    {
      "geometry": {
        "coordinates": [
          [
            [
              -121.0779947,
              38.1940498
            ],
            [
              -121.0845607,
              38.1920598
            ],
            [
              -121.0895818,
              38.1905083
            ],
            [
              -121.0914272,
              38.1895301
            ],
            [
              -121.097092,
              38.1865618
            ],
            [
              -121.0975212,
              38.1804561
            ],
            [
              -121.0968774,
              38.1779597
            ],
            [
              -121.0968774,
              38.1709087
            ],
            [
              -121.0962766,
              38.1709761
            ],
            [
              -121.0929721,
              38.1717184
            ],
            [
              -121.0886806,
              38.1714822
            ],
            [
              -121.0876077,
              38.1715834
            ],
            [
              -121.0815567,
              38.1727643
            ],
            [
              -121.0775655,
              38.1728317
            ],
            [
              -121.0779947,
              38.1940498
            ]
          ]
        ],
        "type": "Polygon"
      },
      "id": "1a-s99-9JjYhfRdTtYYH9xaMsyuJebPif",
      "properties": {
        "area_sq_km": 3.5494,
        "doc_description": ">North to Hwy 88, >South to E. Stampede Rd., >East to Clements Rd., >West to Atkins Rd.",
        "doc_name": "L17- Portion of Clements Area",
        "fetched_at": "2026-07-27T10:53:44Z",
        "mid": "1a-s99-9JjYhfRdTtYYH9xaMsyuJebPif",
        "zone_code": "L17"
      },
      "type": "Feature"
    },
    {
      "geometry": {
        "coordinates": [
          [
            [
              -121.1148735,
              37.7506642
            ],
            [
              -121.114895,
              37.7360887
            ],
            [
              -121.1126634,
              37.7339166
            ],
            [
              -121.1111184,
              37.7351384
            ],
            [
              -121.1120626,
              37.736496
            ],
            [
              -121.1121484,
              37.7377178
            ],
            [
              -121.1117193,
              37.7382269
            ],
            [
              -121.111333,
              37.738702
            ],
            [
              -121.1116334,
              37.7400934
            ],
            [
              -121.1121913,
              37.7405346
            ],
            [
              -121.1127492,
              37.7410776
            ],
            [
              -121.1128351,
              37.7418582
            ],
            [
              -121.1126205,
              37.7422993
            ],
            [
              -121.1117407,
              37.7435719
            ],
            [
              -121.108565,
              37.7456589
            ],
            [
              -121.1076423,
              37.7461001
            ],
            [
              -121.1069127,
              37.746151
            ],
            [
              -121.1040589,
              37.7460831
            ],
            [
              -121.1025568,
              37.7460153
            ],
            [
              -121.101956,
              37.7458795
            ],
            [
              -121.1006256,
              37.7457438
            ],
            [
              -121.0997244,
              37.7458795
            ],
            [
              -121.0991236,
              37.7457438
            ],
            [
              -121.0973212,
              37.7455402
            ],
            [
              -121.0971066,
              37.7458116
            ],
            [
              -121.0969778,
              37.7466939
            ],
            [
              -121.1056128,
              37.7467552
            ],
            [
              -121.1057401,
              37.7498958
            ],
            [
              -121.1061126,
              37.7491782
            ],
            [
              -121.1065786,
              37.7486083
            ],
            [
              -121.1083689,
              37.7488258
            ],
            [
              -121.109425,
              37.7489091
            ],
            [
              -121.1102665,
              37.7491959
            ],
            [
              -121.1116063,
              37.7492606
            ],
            [
              -121.1130171,
              37.7491121
            ],
            [
              -121.1133524,
              37.7493645
            ],
            [
              -121.1135375,
              37.7495999
            ],
            [
              -121.1140364,
              37.7497652
            ],
            [
              -121.1145193,
              37.750554
            ],
            [
              -121.1148735,
              37.7506642
            ]
          ]
        ],
        "type": "Polygon"
      },
      "id": "1aSuzc3jbaZp-xIUq8uViwwSEQ8q7l3o",
      "properties": {
        "area_sq_km": 0.7259,
        "doc_description": ">North to SSID Irrigation Canal and Milgeo Ave., >South to Reynolds Ave., >East to along the Stanislaus River and Murphy Rd., West to Manley Rd.",
        "doc_name": "R20B-Southeast Ripon",
        "fetched_at": "2026-07-27T10:53:44Z",
        "mid": "1aSuzc3jbaZp-xIUq8uViwwSEQ8q7l3o",
        "zone_code": "R20B"
      },
      "type": "Feature"
    },
    {
      "geometry": {
        "coordinates": [
          [
            [
              -121.1155032,
              37.7614791
            ],
            [
              -121.1148595,
              37.7396266
            ],
            [
              -121.1150311,
              37.7351806
            ],
            [
              -121.1098387,
              37.7307516
            ],
            [
              -121.1084012,
              37.7321684
            ],
            [
              -121.1090985,
              37.7337593
            ],
            [
              -121.1103913,
              37.7354373
            ],
            [
              -121.1107373,
              37.7383465
            ],
            [
              -121.1118973,
              37.7402423
            ],
            [
              -121.1108464,
              37.7420387
            ],
            [
              -121.109763,
              37.7424956
            ],
            [
              -121.1086205,
              37.7419775
            ],
            [
              -121.1073626,
              37.7408021
            ],
            [
              -121.1056179,
              37.7402823
            ],
            [
              -121.1045309,
              37.7413119
            ],
            [
              -121.1008691,
              37.741052
            ],
            [
              -121.0987233,
              37.7397284
            ],
            [
              -121.1001824,
              37.7389818
            ],
            [
              -121.1011266,
              37.7380315
            ],
            [
              -121.0994958,
              37.7380315
            ],
            [
              -121.0985516,
              37.7375564
            ],
            [
              -121.09838,
              37.7369455
            ],
            [
              -121.0962342,
              37.7364025
            ],
            [
              -121.095805,
              37.7350449
            ],
            [
              -121.0928868,
              37.734977
            ],
            [
              -121.0904835,
              37.7364025
            ],
            [
              -121.0896252,
              37.7393212
            ],
            [
              -121.0885094,
              37.7416289
            ],
            [
              -121.0863637,
              37.7411538
            ],
            [
              -121.0848187,
              37.7409502
            ],
            [
              -121.0841321,
              37.7421719
            ],
            [
              -121.0829304,
              37.7419004
            ],
            [
              -121.082158,
              37.7406108
            ],
            [
              -121.0802697,
              37.7405429
            ],
            [
              -121.0787247,
              37.7382352
            ],
            [
              -121.0767506,
              37.7376243
            ],
            [
              -121.0752057,
              37.7391854
            ],
            [
              -121.0718583,
              37.7381673
            ],
            [
              -121.0691117,
              37.7398642
            ],
            [
              -121.0673093,
              37.7402714
            ],
            [
              -121.0680817,
              37.7433257
            ],
            [
              -121.0672234,
              37.7452939
            ],
            [
              -121.0646485,
              37.7442759
            ],
            [
              -121.0642194,
              37.7449546
            ],
            [
              -121.0657643,
              37.7459048
            ],
            [
              -121.0649918,
              37.7471264
            ],
            [
              -121.0631894,
              37.7461762
            ],
            [
              -121.0615586,
              37.7469228
            ],
            [
              -121.0612153,
              37.7490946
            ],
            [
              -121.0602711,
              37.7499768
            ],
            [
              -121.0589837,
              37.7489588
            ],
            [
              -121.0576104,
              37.7492303
            ],
            [
              -121.0572671,
              37.7506555
            ],
            [
              -121.0560654,
              37.7505197
            ],
            [
              -121.0557221,
              37.7495696
            ],
            [
              -121.0540913,
              37.7496375
            ],
            [
              -121.0512589,
              37.7484159
            ],
            [
              -121.0512589,
              37.7476015
            ],
            [
              -121.0528897,
              37.7465156
            ],
            [
              -121.0528039,
              37.7456333
            ],
            [
              -121.0504864,
              37.7458369
            ],
            [
              -121.050229,
              37.744751
            ],
            [
              -121.0515164,
              37.7432578
            ],
            [
              -121.0508298,
              37.7419004
            ],
            [
              -121.049199,
              37.7429185
            ],
            [
              -121.047139,
              37.74319
            ],
            [
              -121.0457658,
              37.7419683
            ],
            [
              -121.0447358,
              37.7393212
            ],
            [
              -121.0433625,
              37.7385067
            ],
            [
              -121.043105,
              37.7395927
            ],
            [
              -121.0443066,
              37.7414253
            ],
            [
              -121.0426759,
              37.7422397
            ],
            [
              -121.0413884,
              37.7414253
            ],
            [
              -121.0396718,
              37.7399999
            ],
            [
              -121.0383843,
              37.7391175
            ],
            [
              -121.0378693,
              37.7406787
            ],
            [
              -121.0370969,
              37.7433936
            ],
            [
              -121.0346078,
              37.7433936
            ],
            [
              -121.0316037,
              37.742104
            ],
            [
              -121.0322903,
              37.7555416
            ],
            [
              -121.0413884,
              37.7552023
            ],
            [
              -121.0506152,
              37.7584256
            ],
            [
              -121.0520743,
              37.7585274
            ],
            [
              -121.073532,
              37.7582559
            ],
            [
              -121.0878657,
              37.761513
            ],
            [
              -121.1155032,
              37.7614791
            ]
          ]
        ],
        "type": "Polygon"
      },
      "id": "1a_FqzNZDHOF58m_Vj9wSa4lSmnXmQCQ8",
      "properties": {
        "area_sq_km": 14.5451,
        "doc_description": ">North to East River Rd., >South to Stanislaus River, >East to Sexton Rd., >West to S. Manley Rd.",
        "doc_name": "R5b- East Ripon",
        "fetched_at": "2026-07-27T10:53:45Z",
        "mid": "1a_FqzNZDHOF58m_Vj9wSa4lSmnXmQCQ8",
        "zone_code": "R5b"
      },
      "type": "Feature"
    },
    {
      "geometry": {
        "coordinates": [
          [
            [
              -120.9876361,
              37.8003027
            ],
            [
              -120.991241,
              37.8003196
            ],
            [
              -120.9911551,
              37.7972677
            ],
            [
              -120.9913054,
              37.796954
            ],
            [
              -120.9913053,
              37.7964624
            ],
            [
              -120.978259,
              37.7962164
            ],
            [
              -120.978302,
              37.7988191
            ],
            [
              -120.9790852,
              37.8002561
            ],
            [
              -120.9876361,
              37.8003027
            ]
          ]
        ],
        "type": "Polygon"
      },
      "id": "1a_waJTVlj110soKPjVQznjzkURQmkmA",
      "properties": {
        "area_sq_km": 0.4931,
        "doc_description": ">North to Mission St., >South to California St., >East to Campbell Ave., >West to Sierra Dr.",
        "doc_name": "E50B-North Escalon",
        "fetched_at": "2026-07-31T02:36:13Z",
        "mid": "1a_waJTVlj110soKPjVQznjzkURQmkmA",
        "zone_code": "E50B"
      },
      "type": "Feature"
    },
    {
      "geometry": {
        "coordinates": [
          [
            [
              -121.1184317,
              37.8953931
            ],
            [
              -121.1186892,
              37.8951899
            ],
            [
              -121.1122733,
              37.8915154
            ],
            [
              -121.0918027,
              37.8918371
            ],
            [
              -121.0919744,
              37.898949
            ],
            [
              -121.0922319,
              37.8988474
            ],
            [
              -121.0925323,
              37.898678
            ],
            [
              -121.0927683,
              37.8984749
            ],
            [
              -121.0931116,
              37.8980685
            ],
            [
              -121.0933262,
              37.8978653
            ],
            [
              -121.093691,
              37.8976452
            ],
            [
              -121.0940987,
              37.897442
            ],
            [
              -121.0945278,
              37.8972557
            ],
            [
              -121.0949784,
              37.8971203
            ],
            [
              -121.0953003,
              37.8970525
            ],
            [
              -121.0956651,
              37.8971033
            ],
            [
              -121.0959011,
              37.897188
            ],
            [
              -121.0960513,
              37.8973742
            ],
            [
              -121.0961157,
              37.8978484
            ],
            [
              -121.0960942,
              37.8980515
            ],
            [
              -121.0963947,
              37.8982886
            ],
            [
              -121.0966521,
              37.8983733
            ],
            [
              -121.0969526,
              37.8983055
            ],
            [
              -121.0974246,
              37.8980685
            ],
            [
              -121.0980254,
              37.8977129
            ],
            [
              -121.0985619,
              37.8971203
            ],
            [
              -121.0990339,
              37.8968493
            ],
            [
              -121.0994631,
              37.8967816
            ],
            [
              -121.0999566,
              37.8967816
            ],
            [
              -121.1004287,
              37.8968324
            ],
            [
              -121.1008149,
              37.896934
            ],
            [
              -121.1012226,
              37.896934
            ],
            [
              -121.1014801,
              37.8968832
            ],
            [
              -121.1017376,
              37.8969509
            ],
            [
              -121.1022741,
              37.8971033
            ],
            [
              -121.1028534,
              37.8972557
            ],
            [
              -121.1035186,
              37.8972896
            ],
            [
              -121.1039478,
              37.8971711
            ],
            [
              -121.1045915,
              37.8969001
            ],
            [
              -121.1055356,
              37.8964091
            ],
            [
              -121.1059433,
              37.8960535
            ],
            [
              -121.106351,
              37.895918
            ],
            [
              -121.1066729,
              37.8957487
            ],
            [
              -121.1071449,
              37.8956471
            ],
            [
              -121.107381,
              37.89541
            ],
            [
              -121.1079603,
              37.8948005
            ],
            [
              -121.1083037,
              37.8949021
            ],
            [
              -121.1085612,
              37.8950883
            ],
            [
              -121.1089688,
              37.89541
            ],
            [
              -121.1095482,
              37.895918
            ],
            [
              -121.1098272,
              37.8961043
            ],
            [
              -121.1105138,
              37.8963244
            ],
            [
              -121.1109859,
              37.8964768
            ],
            [
              -121.1113936,
              37.8967647
            ],
            [
              -121.1117154,
              37.8970525
            ],
            [
              -121.1120588,
              37.8971203
            ],
            [
              -121.1127454,
              37.8971033
            ],
            [
              -121.1136895,
              37.8967308
            ],
            [
              -121.1148912,
              37.8962906
            ],
            [
              -121.1160928,
              37.8963075
            ],
            [
              -121.1169511,
              37.8962906
            ],
            [
              -121.1178523,
              37.8960196
            ],
            [
              -121.1184317,
              37.8953931
            ]
          ]
        ],
        "type": "Polygon"
      },
      "id": "1apdC-5EGVIlsM7zjTGggGffrcd3MDCXl",
      "properties": {
        "area_sq_km": 1.2293,
        "doc_description": ">North to Little John's Creek, >South to Gawne Rd., >East to Stow Ave., >West to E. Mariposa Rd.",
        "doc_name": "E45 Portion of Rural Farmington",
        "fetched_at": "2026-07-27T10:53:46Z",
        "mid": "1apdC-5EGVIlsM7zjTGggGffrcd3MDCXl",
        "zone_code": "E45"
      },
      "type": "Feature"
    },
    {
      "geometry": {
        "coordinates": [
          [
            [
              -121.4812091,
              38.171413
            ],
            [
              -121.4931395,
              38.1391518
            ],
            [
              -121.446276,
              38.1332785
            ],
            [
              -121.4373496,
              38.1685789
            ],
            [
              -121.4812091,
              38.171413
            ]
          ]
        ],
        "type": "Polygon"
      },
      "id": "1awwJ-J95YCm6cUH8MKoz1L3dSgIBTcIH",
      "properties": {
        "area_sq_km": 15.3403,
        "doc_description": "Portions of Brack Tract, Canal Ranch, and Terminous Tract",
        "doc_name": "D4- Brack-Canal Ranch-Terminous",
        "fetched_at": "2026-07-27T10:53:46Z",
        "mid": "1awwJ-J95YCm6cUH8MKoz1L3dSgIBTcIH",
        "zone_code": "D4"
      },
      "type": "Feature"
    },
    {
      "geometry": {
        "coordinates": [
          [
            [
              -121.0151672,
              37.7987034
            ],
            [
              -121.0149311,
              37.7941338
            ],
            [
              -120.9966277,
              37.7941762
            ],
            [
              -120.9965955,
              37.7957192
            ],
            [
              -120.9970783,
              37.7972961
            ],
            [
              -120.9987091,
              37.7983473
            ],
            [
              -120.9997176,
              37.7987034
            ],
            [
              -121.0151672,
              37.7987034
            ]
          ]
        ],
        "type": "Polygon"
      },
      "id": "1b9GW7fakbbU-cAZGAocNd83vkDTZ2oc",
      "properties": {
        "area_sq_km": 0.7937,
        "doc_description": ">North to Yosemite Ave., >South to 1st Street, >East to McHenry Ave. & Hwy120, >West to Brennan Rd.",
        "doc_name": "E64- Portion of West Escalon",
        "fetched_at": "2026-07-27T10:53:47Z",
        "mid": "1b9GW7fakbbU-cAZGAocNd83vkDTZ2oc",
        "zone_code": "E64"
      },
      "type": "Feature"
    },
    {
      "geometry": {
        "coordinates": [
          [
            [
              -121.4530866,
              37.7314898
            ],
            [
              -121.4598887,
              37.7313032
            ],
            [
              -121.4597384,
              37.7286726
            ],
            [
              -121.4613263,
              37.7287236
            ],
            [
              -121.4623563,
              37.7286387
            ],
            [
              -121.4623777,
              37.7273658
            ],
            [
              -121.4626996,
              37.7258893
            ],
            [
              -121.4626781,
              37.7243958
            ],
            [
              -121.4624636,
              37.7231568
            ],
            [
              -121.4625065,
              37.7219008
            ],
            [
              -121.4625279,
              37.7195246
            ],
            [
              -121.4528505,
              37.7233435
            ],
            [
              -121.4530025,
              37.7300309
            ],
            [
              -121.4530866,
              37.7314898
            ]
          ]
        ],
        "type": "Polygon"
      },
      "id": "1bZfx7-BoWh4ucX7xQR4yTsW7ImATiFc",
      "properties": {
        "area_sq_km": 0.8638,
        "doc_description": ">North to Tennis Lane and W. Schulte Rd., >South to Western Pacific R&R, >East to Coral Hollow Rd., >West to Faith Ln. and Mabel Josephine Dr.",
        "doc_name": "T29B Portion of West Tracy",
        "fetched_at": "2026-07-27T10:53:48Z",
        "mid": "1bZfx7-BoWh4ucX7xQR4yTsW7ImATiFc",
        "zone_code": "T29B"
      },
      "type": "Feature"
    },
    {
      "geometry": {
        "coordinates": [
          [
            [
              -121.1670132,
              38.08352
            ],
            [
              -121.1505981,
              38.084145
            ],
            [
              -121.1507054,
              38.0942779
            ],
            [
              -121.1534305,
              38.0942273
            ],
            [
              -121.1548896,
              38.0946326
            ],
            [
              -121.1669274,
              38.0946494
            ],
            [
              -121.1670132,
              38.08352
            ]
          ]
        ],
        "type": "Polygon"
      },
      "id": "1btUEfkrhCAKZRDKnXausmTmGRoLjDm77",
      "properties": {
        "area_sq_km": 1.703,
        "doc_description": "> North to South Paddy Creek, > South to Tokay Colony Rd., > East to Jack Tone Rd., > West to Hibbard Rd.",
        "doc_name": "L7-Rural Southeast Lodi",
        "fetched_at": "2026-07-27T10:53:48Z",
        "mid": "1btUEfkrhCAKZRDKnXausmTmGRoLjDm77",
        "zone_code": "L7"
      },
      "type": "Feature"
    },
    {
      "geometry": {
        "coordinates": [
          [
            [
              -120.9239186,
              37.8274277
            ],
            [
              -120.9242618,
              37.8337663
            ],
            [
              -120.924433,
              37.8390375
            ],
            [
              -120.9285959,
              37.8424525
            ],
            [
              -120.9434022,
              37.8424778
            ],
            [
              -120.9432282,
              37.8374258
            ],
            [
              -120.94293,
              37.8274278
            ],
            [
              -120.9415139,
              37.8274956
            ],
            [
              -120.9327163,
              37.8274111
            ],
            [
              -120.9239186,
              37.8274277
            ]
          ]
        ],
        "type": "Polygon"
      },
      "id": "1cMpzZ_D1u5fcTU3Touk5H3T3nr0aJfIt",
      "properties": {
        "area_sq_km": 2.7034,
        "doc_description": ">North to Edwards Rd., >South to Lone Tree Rd., >East to Cometa Rd. & Victory Ave. >West to Henry Rd.",
        "doc_name": "E43- Portion of Rural Northeast Escalon",
        "fetched_at": "2026-07-27T10:53:49Z",
        "mid": "1cMpzZ_D1u5fcTU3Touk5H3T3nr0aJfIt",
        "zone_code": "E43"
      },
      "type": "Feature"
    },
    {
      "geometry": {
        "coordinates": [
          [
            [
              -120.9876361,
              37.8003027
            ],
            [
              -120.991241,
              37.8003196
            ],
            [
              -120.9911551,
              37.7972677
            ],
            [
              -120.9913054,
              37.796954
            ],
            [
              -120.9913268,
              37.796598
            ],
            [
              -120.9828939,
              37.7964877
            ],
            [
              -120.9827008,
              37.8001755
            ],
            [
              -120.9876361,
              37.8003027
            ]
          ]
        ],
        "type": "Polygon"
      },
      "id": "1cNTxkWgN0uafEyp6fywYwqrN69idoF9-",
      "properties": {
        "area_sq_km": 0.3066,
        "doc_description": ">North to Mission St., >South to California St., >East to Justin Dr., >West to Sierra Dr.",
        "doc_name": "E50-North Escalon",
        "fetched_at": "2026-07-27T10:53:49Z",
        "mid": "1cNTxkWgN0uafEyp6fywYwqrN69idoF9-",
        "zone_code": "E50"
      },
      "type": "Feature"
    },
    {
      "geometry": {
        "coordinates": [
          [
            [
              -121.1305531,
              37.7463448
            ],
            [
              -121.1239978,
              37.7466078
            ],
            [
              -121.1241587,
              37.7513584
            ],
            [
              -121.1313899,
              37.7512481
            ],
            [
              -121.1313041,
              37.7506458
            ],
            [
              -121.1311968,
              37.7502895
            ],
            [
              -121.1311968,
              37.7500096
            ],
            [
              -121.1312075,
              37.7497042
            ],
            [
              -121.1314328,
              37.7490849
            ],
            [
              -121.1317762,
              37.748525
            ],
            [
              -121.1321946,
              37.748033
            ],
            [
              -121.1317869,
              37.7477445
            ],
            [
              -121.1312719,
              37.74749
            ],
            [
              -121.1310144,
              37.7472864
            ],
            [
              -121.13095,
              37.7470489
            ],
            [
              -121.1308642,
              37.7467096
            ],
            [
              -121.1307784,
              37.7463363
            ],
            [
              -121.1305531,
              37.7463448
            ]
          ]
        ],
        "type": "Polygon"
      },
      "id": "1cOYh9BMv9LQiPJAgXQqjyrDu5QsVJwo",
      "properties": {
        "area_sq_km": 0.345,
        "doc_description": ">North to Shasta Ave., >South to W. Milgeo Ave., >N. Ripon Rd., >West to Fulton Ave. and Arc Way",
        "doc_name": "R9- Portion of North Ripon",
        "fetched_at": "2026-07-27T10:53:50Z",
        "mid": "1cOYh9BMv9LQiPJAgXQqjyrDu5QsVJwo",
        "zone_code": "R9"
      },
      "type": "Feature"
    },
    {
      "geometry": {
        "coordinates": [
          [
            [
              -121.2538097,
              37.8264531
            ],
            [
              -121.2531659,
              37.8167239
            ],
            [
              -121.2478015,
              37.8137404
            ],
            [
              -121.2473295,
              37.8142151
            ],
            [
              -121.247587,
              37.814588
            ],
            [
              -121.2475011,
              37.8155034
            ],
            [
              -121.2464712,
              37.8158763
            ],
            [
              -121.2455699,
              37.81669
            ],
            [
              -121.2450979,
              37.8176392
            ],
            [
              -121.2447116,
              37.8185546
            ],
            [
              -121.2447116,
              37.8201479
            ],
            [
              -121.245012,
              37.8264532
            ],
            [
              -121.2538097,
              37.8264531
            ]
          ]
        ],
        "type": "Polygon"
      },
      "id": "1cRRz-BPDb2lrTON_VwNPNCwSd7SZl6c",
      "properties": {
        "area_sq_km": 0.9182,
        "doc_description": ">North to E Lathrop Rd., >South along the RXR tracks, >East to London Ave., >West to S. Airport Way",
        "doc_name": "M28- Portion of West Manteca",
        "fetched_at": "2026-07-27T10:53:50Z",
        "mid": "1cRRz-BPDb2lrTON_VwNPNCwSd7SZl6c",
        "zone_code": "M28"
      },
      "type": "Feature"
    },
    {
      "geometry": {
        "coordinates": [
          [
            [
              -121.3625992,
              37.7720411
            ],
            [
              -121.3603676,
              37.7783843
            ],
            [
              -121.3604105,
              37.7816745
            ],
            [
              -121.3594234,
              37.7853375
            ],
            [
              -121.3593805,
              37.7864229
            ],
            [
              -121.3581789,
              37.7881526
            ],
            [
              -121.3571918,
              37.7893735
            ],
            [
              -121.3583935,
              37.7890344
            ],
            [
              -121.3605821,
              37.7889326
            ],
            [
              -121.3622558,
              37.7896109
            ],
            [
              -121.3632858,
              37.7910014
            ],
            [
              -121.3664186,
              37.7964274
            ],
            [
              -121.3696802,
              37.7996828
            ],
            [
              -121.3732422,
              37.7967665
            ],
            [
              -121.3738859,
              37.7957153
            ],
            [
              -121.3817394,
              37.7756707
            ],
            [
              -121.3625992,
              37.7720411
            ]
          ]
        ],
        "type": "Polygon"
      },
      "id": "1cRxP1kZj9lQL46QaJc2CZ4bsm6maq1zL",
      "properties": {
        "area_sq_km": 3.7714,
        "doc_description": ">North to Paradise Cut, >South to Canal Blvd., >East to Alder Ave., >West to Paradise Rd.",
        "doc_name": "T20- A Portion of Rural Northeast Tracy",
        "fetched_at": "2026-07-27T10:53:51Z",
        "mid": "1cRxP1kZj9lQL46QaJc2CZ4bsm6maq1zL",
        "zone_code": "T20"
      },
      "type": "Feature"
    },
    {
      "geometry": {
        "coordinates": [
          [
            [
              -121.3726791,
              38.0327597
            ],
            [
              -121.4035782,
              38.0389117
            ],
            [
              -121.4104447,
              37.9688449
            ],
            [
              -121.3764558,
              37.9739197
            ],
            [
              -121.3726791,
              38.0327597
            ]
          ]
        ],
        "type": "Polygon"
      },
      "id": "1ccSX4vBCCMFm_6LL1T7DlGTAKgUdQuHR",
      "properties": {
        "area_sq_km": 20.4011,
        "doc_description": "Portions of the following Tracts: Wright-Shima-Rindge & Lower Roberts Island",
        "doc_name": "D7B-Portions of the following Tracts: Wright-Shima-Rindge & Lower Roberts Island",
        "fetched_at": "2026-07-27T10:53:52Z",
        "mid": "1ccSX4vBCCMFm_6LL1T7DlGTAKgUdQuHR",
        "zone_code": "D7B"
      },
      "type": "Feature"
    },
    {
      "geometry": {
        "coordinates": [
          [
            [
              -121.4040111,
              37.7177038
            ],
            [
              -121.4040969,
              37.7173643
            ],
            [
              -121.4041184,
              37.7164137
            ],
            [
              -121.4039467,
              37.7151577
            ],
            [
              -121.4042686,
              37.7148012
            ],
            [
              -121.4046334,
              37.7143259
            ],
            [
              -121.4042471,
              37.7141222
            ],
            [
              -121.4035605,
              37.7137657
            ],
            [
              -121.4039467,
              37.7129849
            ],
            [
              -121.4040325,
              37.7105405
            ],
            [
              -121.3991402,
              37.7105405
            ],
            [
              -121.3979386,
              37.7105405
            ],
            [
              -121.3980244,
              37.7176698
            ],
            [
              -121.4040111,
              37.7177038
            ]
          ]
        ],
        "type": "Polygon"
      },
      "id": "1ccdMmOipcbV6B3naa2Q5GFGWw0js_GM",
      "properties": {
        "area_sq_km": 0.4231,
        "doc_description": ">North to Biarritz St., >South to Valpico Rd., >East to S. Chrisman Rd., >West to Elissagaray Dr. and Mt. Pellier St.",
        "doc_name": "T30- Portion of Southeast Tracy (East Block)",
        "fetched_at": "2026-07-27T10:53:52Z",
        "mid": "1ccdMmOipcbV6B3naa2Q5GFGWw0js_GM",
        "zone_code": "T30"
      },
      "type": "Feature"
    },
    {
      "geometry": {
        "coordinates": [
          [
            [
              -120.9795639,
              37.8421158
            ],
            [
              -120.9794781,
              37.842658
            ],
            [
              -121.0041544,
              37.8425225
            ],
            [
              -121.0030815,
              37.8274397
            ],
            [
              -120.9793064,
              37.827338
            ],
            [
              -120.9795639,
              37.8421158
            ]
          ]
        ],
        "type": "Polygon"
      },
      "id": "1crzTYx-DRX66jxyCy0MuG7e8aCeWl5xK",
      "properties": {
        "area_sq_km": 3.5894,
        "doc_description": ">North to Edwards Ave., > South to Lone Tree, > East to Campbell Rd., >West to Droge Rd.",
        "doc_name": "E36 Rural North Escalon",
        "fetched_at": "2026-07-27T10:53:53Z",
        "mid": "1crzTYx-DRX66jxyCy0MuG7e8aCeWl5xK",
        "zone_code": "E36"
      },
      "type": "Feature"
    },
    {
      "geometry": {
        "coordinates": [
          [
            [
              -121.488848,
              38.1772158
            ],
            [
              -121.4948561,
              38.136789
            ],
            [
              -121.4285948,
              38.1380042
            ],
            [
              -121.4231017,
              38.1799821
            ],
            [
              -121.488848,
              38.1772158
            ]
          ]
        ],
        "type": "Polygon"
      },
      "id": "1cyMmRytvRpbUVchyUvldRrrR-Mxx9mA",
      "properties": {
        "area_sq_km": 26.3284,
        "doc_description": "Portions of Brack Tract, Canal Ranch, and Terminous Tract",
        "doc_name": "D4(c)- Brack-Canal Ranch-Terminous",
        "fetched_at": "2026-07-27T10:53:53Z",
        "mid": "1cyMmRytvRpbUVchyUvldRrrR-Mxx9mA",
        "zone_code": "D4(c)"
      },
      "type": "Feature"
    },
    {
      "geometry": {
        "coordinates": [
          [
            [
              -121.4735819,
              38.1725673
            ],
            [
              -121.5233637,
              38.1725673
            ],
            [
              -121.5281703,
              38.122618
            ],
            [
              -121.4701487,
              38.1374713
            ],
            [
              -121.4735819,
              38.1725673
            ]
          ]
        ],
        "type": "Polygon"
      },
      "id": "1d0u0XCcosPdjR7NBuQL_HhcjmAdI1J0",
      "properties": {
        "area_sq_km": 22.2364,
        "doc_description": "North Delta Area including portions of Canal Ranch Tract, Brack Tract, Terminous Track, and Staten Island.",
        "doc_name": "D46- North Delta",
        "fetched_at": "2026-07-27T10:53:54Z",
        "mid": "1d0u0XCcosPdjR7NBuQL_HhcjmAdI1J0",
        "zone_code": "D46"
      },
      "type": "Feature"
    },
    {
      "geometry": {
        "coordinates": [
          [
            [
              -121.1788478,
              37.7506766
            ],
            [
              -121.1791911,
              37.7507106
            ],
            [
              -121.1790624,
              37.7392405
            ],
            [
              -121.1465326,
              37.7394102
            ],
            [
              -121.1467901,
              37.7508802
            ],
            [
              -121.1788478,
              37.7506766
            ]
          ]
        ],
        "type": "Polygon"
      },
      "id": "1d3-xnUq5YnA6bPZtWH9a7VryZisFcwg",
      "properties": {
        "area_sq_km": 3.6354,
        "doc_description": ">North to Prune Rd., >South to W. Ripon Rd., >East to S. Highland Rd., >West to Austin Rd.",
        "doc_name": "R14- Rural West Ripon",
        "fetched_at": "2026-07-27T10:53:55Z",
        "mid": "1d3-xnUq5YnA6bPZtWH9a7VryZisFcwg",
        "zone_code": "R14"
      },
      "type": "Feature"
    },
    {
      "geometry": {
        "coordinates": [
          [
            [
              -120.9956372,
              37.7967974
            ],
            [
              -120.9861636,
              37.7891415
            ],
            [
              -120.9809065,
              37.7890906
            ],
            [
              -120.9811211,
              37.7962971
            ],
            [
              -120.981443,
              37.7964667
            ],
            [
              -120.9819633,
              37.7965387
            ],
            [
              -120.9825694,
              37.7965769
            ],
            [
              -120.9956372,
              37.7967974
            ]
          ]
        ],
        "type": "Polygon"
      },
      "id": "1dAECfkRz_7jwCBY8gbsz0rdNKdXfvz0b",
      "properties": {
        "area_sq_km": 0.722,
        "doc_description": ">North to California St., >South to Vine Ave., >East to Brook St., >West to Main St.",
        "doc_name": "E2-Eastern Portion of the City of Escalon",
        "fetched_at": "2026-07-27T10:53:55Z",
        "mid": "1dAECfkRz_7jwCBY8gbsz0rdNKdXfvz0b",
        "zone_code": "E2"
      },
      "type": "Feature"
    },
    {
      "geometry": {
        "coordinates": [
          [
            [
              -121.4209008,
              37.7270797
            ],
            [
              -121.4210243,
              37.7252679
            ],
            [
              -121.4165396,
              37.7251618
            ],
            [
              -121.4165611,
              37.7270881
            ],
            [
              -121.4209008,
              37.7270797
            ]
          ]
        ],
        "type": "Polygon"
      },
      "id": "1dbXkrz4TesSwSjlSBYS0cPts5045atvr",
      "properties": {
        "area_sq_km": 0.0807,
        "doc_description": null,
        "doc_name": "T13- Tracy Cemetery",
        "fetched_at": "2026-07-27T10:53:56Z",
        "mid": "1dbXkrz4TesSwSjlSBYS0cPts5045atvr",
        "zone_code": "T13"
      },
      "type": "Feature"
    },
    {
      "geometry": {
        "coordinates": [
          [
            [
              -121.2520919,
              37.7466492
            ],
            [
              -121.2750516,
              37.7465813
            ],
            [
              -121.2751803,
              37.7290692
            ],
            [
              -121.274322,
              37.7280169
            ],
            [
              -121.27282,
              37.7272702
            ],
            [
              -121.2711463,
              37.7249281
            ],
            [
              -121.2522206,
              37.7247923
            ],
            [
              -121.2520919,
              37.7466492
            ]
          ]
        ],
        "type": "Polygon"
      },
      "id": "1dcvrXM7RFuFpl8saR2Bwl08cXfA3CU-C",
      "properties": {
        "area_sq_km": 4.7947,
        "doc_description": "> North to one mile north of E. McMullin Rd., > South to Perrin Rd., > East to Airport Way, > West to S. Hays Rd.",
        "doc_name": "SC1-Portion of Rural South County",
        "fetched_at": "2026-07-27T10:53:56Z",
        "mid": "1dcvrXM7RFuFpl8saR2Bwl08cXfA3CU-C",
        "zone_code": "SC1"
      },
      "type": "Feature"
    },
    {
      "geometry": {
        "coordinates": [
          [
            [
              -121.3409447,
              38.0373015
            ],
            [
              -121.3420819,
              38.038062
            ],
            [
              -121.3428973,
              38.0385859
            ],
            [
              -121.3436698,
              38.0392619
            ],
            [
              -121.3453005,
              38.0388056
            ],
            [
              -121.3471674,
              38.0380367
            ],
            [
              -121.348369,
              38.0377747
            ],
            [
              -121.3498497,
              38.0375888
            ],
            [
              -121.3523601,
              38.0382986
            ],
            [
              -121.3536475,
              38.0382987
            ],
            [
              -121.3549779,
              38.0382142
            ],
            [
              -121.3564586,
              38.0377241
            ],
            [
              -121.3585132,
              38.0376733
            ],
            [
              -121.3595297,
              38.0376564
            ],
            [
              -121.3603317,
              38.0377072
            ],
            [
              -121.3659912,
              38.0374029
            ],
            [
              -121.3630246,
              38.0305749
            ],
            [
              -121.3627859,
              38.0301059
            ],
            [
              -121.362633,
              38.0298059
            ],
            [
              -121.3622844,
              38.0290706
            ],
            [
              -121.3619946,
              38.0285129
            ],
            [
              -121.3437556,
              38.0284284
            ],
            [
              -121.3422536,
              38.0286143
            ],
            [
              -121.3403438,
              38.0289354
            ],
            [
              -121.3397859,
              38.0293411
            ],
            [
              -121.3374256,
              38.0302538
            ],
            [
              -121.3350223,
              38.0316228
            ],
            [
              -121.3409447,
              38.0373015
            ]
          ]
        ],
        "type": "Polygon"
      },
      "id": "1dfrqPIxudxoj9uCsO0Fw4cyzoTtwlK0",
      "properties": {
        "area_sq_km": 2.3948,
        "doc_description": ">North to Otto Dr., >South to White Slough, >East to Thornton Rd., >West to I-5",
        "doc_name": "S5a- Portion of Northwest Stockton",
        "fetched_at": "2026-07-27T10:53:57Z",
        "mid": "1dfrqPIxudxoj9uCsO0Fw4cyzoTtwlK0",
        "zone_code": "S5a"
      },
      "type": "Feature"
    },
    {
      "geometry": {
        "coordinates": [
          [
            [
              -121.2378201,
              37.8768755
            ],
            [
              -121.2371549,
              37.8480936
            ],
            [
              -121.2179074,
              37.8481105
            ],
            [
              -121.2189255,
              37.8710238
            ],
            [
              -121.2192259,
              37.8725822
            ],
            [
              -121.2205617,
              37.8723175
            ],
            [
              -121.2215541,
              37.8718496
            ],
            [
              -121.2224231,
              37.8723366
            ],
            [
              -121.2231312,
              37.8727685
            ],
            [
              -121.2247191,
              37.8734291
            ],
            [
              -121.2264357,
              37.8736662
            ],
            [
              -121.2281523,
              37.8738695
            ],
            [
              -121.2296114,
              37.8738356
            ],
            [
              -121.2308989,
              37.8735984
            ],
            [
              -121.2318001,
              37.8733274
            ],
            [
              -121.2330017,
              37.8735646
            ],
            [
              -121.2338171,
              37.8743437
            ],
            [
              -121.2339888,
              37.8752583
            ],
            [
              -121.234418,
              37.8756987
            ],
            [
              -121.2351475,
              37.8761391
            ],
            [
              -121.2363062,
              37.8766472
            ],
            [
              -121.2371645,
              37.8768843
            ],
            [
              -121.2378201,
              37.8768755
            ]
          ]
        ],
        "type": "Polygon"
      },
      "id": "1diHZlMg6sP-XQp_oOyg6zskjh9wjp3mh",
      "properties": {
        "area_sq_km": 4.773,
        "doc_description": ">North to Duck Creek, >South to Lovelace Rd., >East to Hwy 99, >West to Union Rd.",
        "doc_name": "M9- Rural North Manteca",
        "fetched_at": "2026-07-27T10:53:58Z",
        "mid": "1diHZlMg6sP-XQp_oOyg6zskjh9wjp3mh",
        "zone_code": "M9"
      },
      "type": "Feature"
    },
    {
      "geometry": {
        "coordinates": [
          [
            [
              -121.3745674,
              38.0216716
            ],
            [
              -121.4056381,
              38.0323542
            ],
            [
              -121.4088997,
              37.9757463
            ],
            [
              -121.3764558,
              37.9754082
            ],
            [
              -121.3745674,
              38.0216716
            ]
          ]
        ],
        "type": "Polygon"
      },
      "id": "1dlDyC8yq7L-TnAFt59IFtIL3tyqDFJsH",
      "properties": {
        "area_sq_km": 16.053,
        "doc_description": "Portions of the following Tracts: Wright-Shima-Rindge & Roberts Island",
        "doc_name": "D26- Portions of the following Tracts: Wright-Shima-Rindge & Lower Roberts Island",
        "fetched_at": "2026-07-27T10:53:58Z",
        "mid": "1dlDyC8yq7L-TnAFt59IFtIL3tyqDFJsH",
        "zone_code": "D26"
      },
      "type": "Feature"
    },
    {
      "geometry": {
        "coordinates": [
          [
            [
              -120.9926455,
              37.8000719
            ],
            [
              -120.9926562,
              37.7994022
            ],
            [
              -120.992624,
              37.7986646
            ],
            [
              -120.996701,
              37.7986986
            ],
            [
              -120.996701,
              37.7975456
            ],
            [
              -120.9951131,
              37.7967656
            ],
            [
              -120.9924095,
              37.7966639
            ],
            [
              -120.9890621,
              37.794324
            ],
            [
              -120.978462,
              37.7942562
            ],
            [
              -120.9785478,
              37.7987325
            ],
            [
              -120.9791915,
              37.8001567
            ],
            [
              -120.9859829,
              37.8002332
            ],
            [
              -120.9892927,
              37.8002543
            ],
            [
              -120.9926455,
              37.8000719
            ]
          ]
        ],
        "type": "Polygon"
      },
      "id": "1dnHV4R0MOWf409zdjzb9OhVTjxVP52E",
      "properties": {
        "area_sq_km": 0.8371,
        "doc_description": ">North to Mission St., >South to Jackson Ave., >East to Campbell Ave.,> West to McHenry Ave.",
        "doc_name": "E50c-North Escalon",
        "fetched_at": "2026-07-27T10:53:59Z",
        "mid": "1dnHV4R0MOWf409zdjzb9OhVTjxVP52E",
        "zone_code": "E50c"
      },
      "type": "Feature"
    },
    {
      "geometry": {
        "coordinates": [
          [
            [
              -121.1511139,
              37.7195852
            ],
            [
              -121.1497406,
              37.7192458
            ],
            [
              -121.1493115,
              37.7187026
            ],
            [
              -121.1485819,
              37.718465
            ],
            [
              -121.1473803,
              37.7180237
            ],
            [
              -121.1462645,
              37.7178879
            ],
            [
              -121.1458782,
              37.7185668
            ],
            [
              -121.146007,
              37.7189742
            ],
            [
              -121.1459212,
              37.719721
            ],
            [
              -121.1453633,
              37.7204
            ],
            [
              -121.1444191,
              37.7201623
            ],
            [
              -121.1435608,
              37.7199586
            ],
            [
              -121.1427454,
              37.7203321
            ],
            [
              -121.1420159,
              37.7207055
            ],
            [
              -121.1422734,
              37.7213165
            ],
            [
              -121.1431317,
              37.7217578
            ],
            [
              -121.1425308,
              37.7227422
            ],
            [
              -121.1415867,
              37.7231835
            ],
            [
              -121.1406855,
              37.7230138
            ],
            [
              -121.1384968,
              37.7221991
            ],
            [
              -121.1379389,
              37.7225725
            ],
            [
              -121.1382822,
              37.7231835
            ],
            [
              -121.1378102,
              37.7236927
            ],
            [
              -121.1375098,
              37.7243376
            ],
            [
              -121.1374239,
              37.724711
            ],
            [
              -121.1361794,
              37.7249486
            ],
            [
              -121.1356644,
              37.7244734
            ],
            [
              -121.1353211,
              37.7235569
            ],
            [
              -121.1350207,
              37.7230138
            ],
            [
              -121.1345486,
              37.7238284
            ],
            [
              -121.1336903,
              37.7239982
            ],
            [
              -121.133347,
              37.7235569
            ],
            [
              -121.1327461,
              37.7226404
            ],
            [
              -121.1321882,
              37.7221991
            ],
            [
              -121.1314587,
              37.7220633
            ],
            [
              -121.1305575,
              37.7224028
            ],
            [
              -121.1298708,
              37.7229119
            ],
            [
              -121.1296133,
              37.7238284
            ],
            [
              -121.1291842,
              37.7244394
            ],
            [
              -121.1281971,
              37.7244055
            ],
            [
              -121.1269955,
              37.7237606
            ],
            [
              -121.1264376,
              37.7228101
            ],
            [
              -121.1257939,
              37.7228101
            ],
            [
              -121.1251072,
              37.7233532
            ],
            [
              -121.1244635,
              37.7240661
            ],
            [
              -121.1241202,
              37.7245752
            ],
            [
              -121.1235193,
              37.7243037
            ],
            [
              -121.1237339,
              37.7356063
            ],
            [
              -121.138411,
              37.7357081
            ],
            [
              -121.1405567,
              37.7366924
            ],
            [
              -121.1512427,
              37.7367603
            ],
            [
              -121.1511139,
              37.7195852
            ]
          ]
        ],
        "type": "Polygon"
      },
      "id": "1dp3qNbFSboPO6tYrbuP1s5cvGX-j1Ec",
      "properties": {
        "area_sq_km": 3.7774,
        "doc_description": ">North to Fourth St. >South the Stanislaus River >East to Stockton Ave. > West to S. Mohler Rd.",
        "doc_name": "R8-Portion of South Ripon",
        "fetched_at": "2026-07-27T10:53:59Z",
        "mid": "1dp3qNbFSboPO6tYrbuP1s5cvGX-j1Ec",
        "zone_code": "R8"
      },
      "type": "Feature"
    },
    {
      "geometry": {
        "coordinates": [
          [
            [
              -121.2021216,
              37.8066064
            ],
            [
              -121.2043961,
              37.8064199
            ],
            [
              -121.2071427,
              37.8064369
            ],
            [
              -121.2076148,
              37.8065556
            ],
            [
              -121.2153396,
              37.8065217
            ],
            [
              -121.2152752,
              37.8009947
            ],
            [
              -121.201199,
              37.8010794
            ],
            [
              -121.2013062,
              37.8033005
            ],
            [
              -121.201435,
              37.8037582
            ],
            [
              -121.2014564,
              37.8051823
            ],
            [
              -121.2020573,
              37.8058944
            ],
            [
              -121.2021216,
              37.8066064
            ]
          ]
        ],
        "type": "Polygon"
      },
      "id": "1drQvMFqt0wB4YhwXOh3lHOAI52yXPjs",
      "properties": {
        "area_sq_km": 0.7397,
        "doc_description": ">North to E. Edison St. >South to E. North St., >East to Mylnar Ave., >West to Grant Ave.",
        "doc_name": "M30- Central Manteca",
        "fetched_at": "2026-07-27T10:54:00Z",
        "mid": "1drQvMFqt0wB4YhwXOh3lHOAI52yXPjs",
        "zone_code": "M30"
      },
      "type": "Feature"
    },
    {
      "geometry": {
        "coordinates": [
          [
            [
              -121.3341502,
              37.9607107
            ],
            [
              -121.3407055,
              37.959315
            ],
            [
              -121.3436345,
              37.9585791
            ],
            [
              -121.344364,
              37.9585114
            ],
            [
              -121.34563,
              37.9581899
            ],
            [
              -121.3465635,
              37.9577416
            ],
            [
              -121.3471214,
              37.9573778
            ],
            [
              -121.3481513,
              37.9569887
            ],
            [
              -121.3481513,
              37.956828
            ],
            [
              -121.3469712,
              37.9560666
            ],
            [
              -121.3470463,
              37.9559313
            ],
            [
              -121.3464669,
              37.9555506
            ],
            [
              -121.3461128,
              37.9555929
            ],
            [
              -121.3444177,
              37.9545355
            ],
            [
              -121.333249,
              37.9564304
            ],
            [
              -121.3328158,
              37.9544809
            ],
            [
              -121.3304514,
              37.9548747
            ],
            [
              -121.3274286,
              37.9554253
            ],
            [
              -121.3276807,
              37.956239
            ],
            [
              -121.3301376,
              37.9567159
            ],
            [
              -121.3306311,
              37.9571452
            ],
            [
              -121.3341502,
              37.9607107
            ]
          ]
        ],
        "type": "Polygon"
      },
      "id": "1drzTlJnR3WydIDDUO-Q9-YQss6rgaJ2o",
      "properties": {
        "area_sq_km": 0.6693,
        "doc_description": ">North to Shimizu Dr., >South to Monte Diablo Ave.. and Fremont St., >East to I-5, >West to San Joaquin River",
        "doc_name": "S11A- Louis Park Area- West Stockton",
        "fetched_at": "2026-07-27T10:54:01Z",
        "mid": "1drzTlJnR3WydIDDUO-Q9-YQss6rgaJ2o",
        "zone_code": "S11A"
      },
      "type": "Feature"
    },
    {
      "geometry": {
        "coordinates": [
          [
            [
              -120.9991217,
              37.9154225
            ],
            [
              -120.9907102,
              37.9154563
            ],
            [
              -120.9910965,
              37.9302841
            ],
            [
              -121.0092926,
              37.9301148
            ],
            [
              -121.0087776,
              37.9153209
            ],
            [
              -120.9991217,
              37.9154225
            ]
          ]
        ],
        "type": "Polygon"
      },
      "id": "1e98hdgpLKPuy7BvLzie6nhCtZBZGbwD1",
      "properties": {
        "area_sq_km": 2.6174,
        "doc_description": ">North to Hwy 4, >South to one mile south of Hwy 4, >East to 1/2 mile east of Escalon-Bellota Rd., >West to 1/2 mile west of Escalon-Bellota Rd.",
        "doc_name": "E16- Portion of Farmington Area",
        "fetched_at": "2026-07-27T10:54:01Z",
        "mid": "1e98hdgpLKPuy7BvLzie6nhCtZBZGbwD1",
        "zone_code": "E16"
      },
      "type": "Feature"
    },
    {
      "geometry": {
        "coordinates": [
          [
            [
              -121.4236017,
              37.7321115
            ],
            [
              -121.4240523,
              37.7303127
            ],
            [
              -121.4247175,
              37.7287004
            ],
            [
              -121.4257046,
              37.7252552
            ],
            [
              -121.4256617,
              37.7209102
            ],
            [
              -121.4243742,
              37.7207575
            ],
            [
              -121.4232477,
              37.7206981
            ],
            [
              -121.4222499,
              37.7207744
            ],
            [
              -121.4209195,
              37.7207574
            ],
            [
              -121.4162632,
              37.7207744
            ],
            [
              -121.4162846,
              37.7300411
            ],
            [
              -121.4177223,
              37.7299732
            ],
            [
              -121.4183875,
              37.7298714
            ],
            [
              -121.4187308,
              37.7303466
            ],
            [
              -121.4193102,
              37.7307199
            ],
            [
              -121.4216276,
              37.7314497
            ],
            [
              -121.4236017,
              37.7321115
            ]
          ]
        ],
        "type": "Polygon"
      },
      "id": "1eEx0m1v1-mFGOTcMWw1QZZrOyhwOPStC",
      "properties": {
        "area_sq_km": 0.8854,
        "doc_description": ">North to E. 3rd Street, >South to Yosemite Dr., >East to S. MacArthur Dr., >West to RxR",
        "doc_name": "T6 East Tracy",
        "fetched_at": "2026-07-27T10:54:02Z",
        "mid": "1eEx0m1v1-mFGOTcMWw1QZZrOyhwOPStC",
        "zone_code": "T6"
      },
      "type": "Feature"
    },
    {
      "geometry": {
        "coordinates": [
          [
            [
              -121.1565941,
              37.737684
            ],
            [
              -121.2665436,
              37.6786075
            ],
            [
              -121.2631093,
              37.6735123
            ],
            [
              -121.2483473,
              37.6629816
            ],
            [
              -121.2426825,
              37.6640687
            ],
            [
              -121.2394639,
              37.6658354
            ],
            [
              -121.233499,
              37.6627101
            ],
            [
              -121.2301519,
              37.6637971
            ],
            [
              -121.2310107,
              37.6662431
            ],
            [
              -121.222083,
              37.6719499
            ],
            [
              -121.2237997,
              37.6769771
            ],
            [
              -121.2234564,
              37.6792868
            ],
            [
              -121.2239714,
              37.6836342
            ],
            [
              -121.221568,
              37.6836342
            ],
            [
              -121.2169332,
              37.6877097
            ],
            [
              -121.211955,
              37.6859436
            ],
            [
              -121.2086934,
              37.687438
            ],
            [
              -121.2071485,
              37.6923283
            ],
            [
              -121.2069768,
              37.6955883
            ],
            [
              -121.2037154,
              37.6953166
            ],
            [
              -121.1990803,
              37.6974899
            ],
            [
              -121.1915272,
              37.6961316
            ],
            [
              -121.1904972,
              37.6939583
            ],
            [
              -121.1848325,
              37.6947733
            ],
            [
              -121.1838025,
              37.7003422
            ],
            [
              -121.1795109,
              37.7031944
            ],
            [
              -121.1771711,
              37.7062667
            ],
            [
              -121.1736297,
              37.7029557
            ],
            [
              -121.1687785,
              37.6994571
            ],
            [
              -121.1643979,
              37.7002015
            ],
            [
              -121.1669659,
              37.7023693
            ],
            [
              -121.1648921,
              37.7043959
            ],
            [
              -121.1605727,
              37.7043744
            ],
            [
              -121.1594869,
              37.7056893
            ],
            [
              -121.1622933,
              37.7073686
            ],
            [
              -121.1593229,
              37.7084183
            ],
            [
              -121.1616215,
              37.7109254
            ],
            [
              -121.1581504,
              37.7124084
            ],
            [
              -121.1589326,
              37.7140166
            ],
            [
              -121.1592949,
              37.7169615
            ],
            [
              -121.157273,
              37.7172837
            ],
            [
              -121.1553742,
              37.7206439
            ],
            [
              -121.1541214,
              37.7201175
            ],
            [
              -121.1543962,
              37.7194469
            ],
            [
              -121.1512721,
              37.7198245
            ],
            [
              -121.150637,
              37.7250903
            ],
            [
              -121.1510179,
              37.7396169
            ],
            [
              -121.1565941,
              37.737684
            ]
          ]
        ],
        "type": "Polygon"
      },
      "id": "1eT2bb3UMgtKD5jYJ_ufl1laRSlIP__Mg",
      "properties": {
        "area_sq_km": 25.5735,
        "doc_description": "Rural South County- South of Manteca and West Of Ripon to San Joaquin County Line",
        "doc_name": "SC7- Portion of Rural South County",
        "fetched_at": "2026-07-27T10:54:02Z",
        "mid": "1eT2bb3UMgtKD5jYJ_ufl1laRSlIP__Mg",
        "zone_code": "SC7"
      },
      "type": "Feature"
    },
    {
      "geometry": {
        "coordinates": [
          [
            [
              -121.518827,
              38.1806361
            ],
            [
              -121.5397698,
              38.1252904
            ],
            [
              -121.4917043,
              38.118403
            ],
            [
              -121.4844946,
              38.136768
            ],
            [
              -121.435914,
              38.1360929
            ],
            [
              -121.4276742,
              38.1815807
            ],
            [
              -121.518827,
              38.1806361
            ]
          ]
        ],
        "type": "Polygon"
      },
      "id": "1eerPYLmEgQBgeRIY0FgZiZMwshAK5ABd",
      "properties": {
        "area_sq_km": 48.6023,
        "doc_description": "Delta Area- Portions of Brack Tract, Terminous Tract, Canal Ranch Tract, and Staten Island",
        "doc_name": "D20- Delta Area West of Lodi",
        "fetched_at": "2026-07-27T10:54:03Z",
        "mid": "1eerPYLmEgQBgeRIY0FgZiZMwshAK5ABd",
        "zone_code": "D20"
      },
      "type": "Feature"
    },
    {
      "geometry": {
        "coordinates": [
          [
            [
              -121.2693942,
              38.1380825
            ],
            [
              -121.2700379,
              38.1304537
            ],
            [
              -121.2702096,
              38.1225877
            ],
            [
              -121.2600386,
              38.1231279
            ],
            [
              -121.2601245,
              38.1258963
            ],
            [
              -121.2603819,
              38.1342682
            ],
            [
              -121.2607253,
              38.1386563
            ],
            [
              -121.2693942,
              38.1380825
            ]
          ]
        ],
        "type": "Polygon"
      },
      "id": "1en2NzlZ-Iurv-3H0jsmbc263HABDCXE",
      "properties": {
        "area_sq_km": 1.4503,
        "doc_description": ">North to E. Lockeford St.,  >South to E. Vine Street, >East to S. Cherokee Ln., >West to S. Stockton St.",
        "doc_name": "L28- East Lodi Area",
        "fetched_at": "2026-07-27T10:54:03Z",
        "mid": "1en2NzlZ-Iurv-3H0jsmbc263HABDCXE",
        "zone_code": "L28"
      },
      "type": "Feature"
    },
    {
      "geometry": {
        "coordinates": [
          [
            [
              -121.2745396,
              37.7101098
            ],
            [
              -121.2529961,
              37.7099739
            ],
            [
              -121.2532107,
              37.7533846
            ],
            [
              -121.2759988,
              37.7532489
            ],
            [
              -121.2747971,
              37.7096344
            ],
            [
              -121.2745396,
              37.7101098
            ]
          ]
        ],
        "type": "Polygon"
      },
      "id": "1f0-bFLjD5HOZiYHtBvIRbEUokEX27sXW",
      "properties": {
        "area_sq_km": 9.4377,
        "doc_description": null,
        "doc_name": "SC6 Portion of Rural South County",
        "fetched_at": "2026-07-27T10:54:04Z",
        "mid": "1f0-bFLjD5HOZiYHtBvIRbEUokEX27sXW",
        "zone_code": "SC6"
      },
      "type": "Feature"
    },
    {
      "geometry": {
        "coordinates": [
          [
            [
              -121.3739666,
              38.0378299
            ],
            [
              -121.4212593,
              38.0449278
            ],
            [
              -121.4231476,
              37.9969878
            ],
            [
              -121.3737092,
              37.9806853
            ],
            [
              -121.3739666,
              38.0378299
            ]
          ]
        ],
        "type": "Polygon"
      },
      "id": "1f2Cc6vAndlrwjFSphksdRjUD4ZJL5NmU",
      "properties": {
        "area_sq_km": 24.8479,
        "doc_description": "Portions of Shima Tract, Rindge Tract, Atlas Tract, Wright Tract",
        "doc_name": "D7-Wright-Shima-Atlas-Rindge",
        "fetched_at": "2026-07-27T10:54:05Z",
        "mid": "1f2Cc6vAndlrwjFSphksdRjUD4ZJL5NmU",
        "zone_code": "D7"
      },
      "type": "Feature"
    },
    {
      "geometry": {
        "coordinates": [
          [
            [
              -120.9706923,
              37.8495833
            ],
            [
              -120.9988019,
              37.849651
            ],
            [
              -120.9972998,
              37.8096197
            ],
            [
              -120.9599635,
              37.8094502
            ],
            [
              -120.9609935,
              37.842365
            ],
            [
              -120.961401,
              37.8439451
            ],
            [
              -120.9641261,
              37.8447119
            ],
            [
              -120.9688038,
              37.8474653
            ],
            [
              -120.9706923,
              37.8495833
            ]
          ]
        ],
        "type": "Polygon"
      },
      "id": "1f7t40Gy5LaBvDY3R_hkf_CUW39GiNOuE",
      "properties": {
        "area_sq_km": 14.3217,
        "doc_description": ">North to Dove Rd., >South to Mahon Rd., >East to Steinegul Rd., >West to Escalon Bellota Rd.",
        "doc_name": "E32c- A Portion of Rural North Escalon",
        "fetched_at": "2026-07-27T10:54:05Z",
        "mid": "1f7t40Gy5LaBvDY3R_hkf_CUW39GiNOuE",
        "zone_code": "E32c"
      },
      "type": "Feature"
    },
    {
      "geometry": {
        "coordinates": [
          [
            [
              -121.2826666,
              37.9286912
            ],
            [
              -121.2797269,
              37.9293767
            ],
            [
              -121.2791797,
              37.9277646
            ],
            [
              -121.2742767,
              37.9288267
            ],
            [
              -121.2741479,
              37.9374158
            ],
            [
              -121.2741746,
              37.9394719
            ],
            [
              -121.2747031,
              37.9407031
            ],
            [
              -121.2860676,
              37.9387357
            ],
            [
              -121.2847802,
              37.9335063
            ],
            [
              -121.2831065,
              37.9297237
            ],
            [
              -121.2829134,
              37.9292498
            ],
            [
              -121.2826666,
              37.9286912
            ]
          ]
        ],
        "type": "Polygon"
      },
      "id": "1fJvn2AOOjEiPOxVdUuR7E9Y5w9hytRI",
      "properties": {
        "area_sq_km": 1.1445,
        "doc_description": ">North to Dr. Martin Luther King Blvd., >South to E. 9th Street, >East to U.P. RR tracks, >West to S. El Dorado St.",
        "doc_name": "S33B- Portion of South Stockton",
        "fetched_at": "2026-07-27T10:54:06Z",
        "mid": "1fJvn2AOOjEiPOxVdUuR7E9Y5w9hytRI",
        "zone_code": "S33B"
      },
      "type": "Feature"
    },
    {
      "geometry": {
        "coordinates": [
          [
            [
              -120.9945652,
              37.7910775
            ],
            [
              -120.994458,
              37.7857189
            ],
            [
              -120.9870872,
              37.7857104
            ],
            [
              -120.9872053,
              37.7889239
            ],
            [
              -120.9894154,
              37.7912809
            ],
            [
              -120.9945652,
              37.7910775
            ]
          ]
        ],
        "type": "Polygon"
      },
      "id": "1fNz1q2cCfbDsK_oUSNuD6NOUdpJFz9s",
      "properties": {
        "area_sq_km": 0.3688,
        "doc_description": "North to Deborah Cir > East to St John Rd > South to Catherine Way > West to Swanson Dr",
        "doc_name": "E61- City of Escalon",
        "fetched_at": "2026-07-27T10:54:06Z",
        "mid": "1fNz1q2cCfbDsK_oUSNuD6NOUdpJFz9s",
        "zone_code": "E61"
      },
      "type": "Feature"
    },
    {
      "geometry": {
        "coordinates": [
          [
            [
              -121.252404,
              37.7902908
            ],
            [
              -121.2524148,
              37.7855511
            ],
            [
              -121.2501402,
              37.7845505
            ],
            [
              -121.2490459,
              37.7839909
            ],
            [
              -121.2476941,
              37.783567
            ],
            [
              -121.2392397,
              37.783533
            ],
            [
              -121.2366863,
              37.7838553
            ],
            [
              -121.2347336,
              37.7842623
            ],
            [
              -121.2339612,
              37.7848558
            ],
            [
              -121.2343152,
              37.7898414
            ],
            [
              -121.2356241,
              37.7898244
            ],
            [
              -121.2360962,
              37.7898923
            ],
            [
              -121.2363859,
              37.7899007
            ],
            [
              -121.2381025,
              37.7899177
            ],
            [
              -121.2388964,
              37.7899855
            ],
            [
              -121.2408813,
              37.7898923
            ],
            [
              -121.2416215,
              37.789977
            ],
            [
              -121.2435527,
              37.7902568
            ],
            [
              -121.252404,
              37.7902908
            ]
          ]
        ],
        "type": "Polygon"
      },
      "id": "1fnfPftS2lUz0ihOiis6AGPhYI-JBXLw",
      "properties": {
        "area_sq_km": 1.1079,
        "doc_description": ">North to Wawona St., >South to Hwy 120, >East to Union Rd. >West to Airport Way.",
        "doc_name": "M27- Portion of South Manteca",
        "fetched_at": "2026-07-27T10:54:07Z",
        "mid": "1fnfPftS2lUz0ihOiis6AGPhYI-JBXLw",
        "zone_code": "M27"
      },
      "type": "Feature"
    },
    {
      "geometry": {
        "coordinates": [
          [
            [
              -121.1243802,
              37.7539436
            ],
            [
              -121.1246806,
              37.7539097
            ],
            [
              -121.1246162,
              37.7499395
            ],
            [
              -121.1246162,
              37.7483787
            ],
            [
              -121.1245733,
              37.7470722
            ],
            [
              -121.124466,
              37.7464445
            ],
            [
              -121.1055189,
              37.7463087
            ],
            [
              -121.1055832,
              37.7499057
            ],
            [
              -121.1058622,
              37.749227
            ],
            [
              -121.1062055,
              37.7487859
            ],
            [
              -121.1068921,
              37.7485314
            ],
            [
              -121.1074715,
              37.7484465
            ],
            [
              -121.107965,
              37.7485823
            ],
            [
              -121.1083298,
              37.7487859
            ],
            [
              -121.108995,
              37.7487689
            ],
            [
              -121.1096387,
              37.7488707
            ],
            [
              -121.1100679,
              37.7490743
            ],
            [
              -121.1121063,
              37.7491422
            ],
            [
              -121.1127501,
              37.7490404
            ],
            [
              -121.1132221,
              37.7490913
            ],
            [
              -121.1136084,
              37.7495833
            ],
            [
              -121.1142092,
              37.7498039
            ],
            [
              -121.1145311,
              37.7504655
            ],
            [
              -121.1197238,
              37.7524675
            ],
            [
              -121.1201744,
              37.7524675
            ],
            [
              -121.1230283,
              37.7535024
            ],
            [
              -121.1243802,
              37.7539436
            ]
          ]
        ],
        "type": "Polygon"
      },
      "id": "1fwhDOI4a8d46eO3pURaftVyH4Dvf52w",
      "properties": {
        "area_sq_km": 0.8172,
        "doc_description": ">North to SSJ Canal, >South to E. Milgeo Ave., >East to S. Murphy Rd., >West to N. Ripon Rd.",
        "doc_name": "R16a- A Portion of North Ripon",
        "fetched_at": "2026-07-27T10:54:08Z",
        "mid": "1fwhDOI4a8d46eO3pURaftVyH4Dvf52w",
        "zone_code": "R16a"
      },
      "type": "Feature"
    },
    {
      "geometry": {
        "coordinates": [
          [
            [
              -121.010869,
              37.7517576
            ],
            [
              -121.0045175,
              37.752572
            ],
            [
              -120.9979944,
              37.759799
            ],
            [
              -120.9921579,
              37.7596633
            ],
            [
              -120.9918575,
              37.759358
            ],
            [
              -120.9909563,
              37.7587133
            ],
            [
              -120.9889822,
              37.7582044
            ],
            [
              -120.9877376,
              37.7571865
            ],
            [
              -120.987051,
              37.7567115
            ],
            [
              -120.9859352,
              37.756474
            ],
            [
              -120.9847336,
              37.7569151
            ],
            [
              -120.984004,
              37.7569829
            ],
            [
              -120.982502,
              37.756949
            ],
            [
              -120.9817295,
              37.7565758
            ],
            [
              -120.9812145,
              37.755965
            ],
            [
              -120.9812574,
              37.7548453
            ],
            [
              -120.9808283,
              37.7542346
            ],
            [
              -120.9797554,
              37.7537596
            ],
            [
              -120.9776954,
              37.7533524
            ],
            [
              -120.9767084,
              37.7524702
            ],
            [
              -120.9754638,
              37.7515879
            ],
            [
              -120.9740047,
              37.7497895
            ],
            [
              -120.9728031,
              37.748025
            ],
            [
              -120.9700136,
              37.7464301
            ],
            [
              -120.9404878,
              37.7466676
            ],
            [
              -120.9407453,
              37.7628864
            ],
            [
              -121.0332279,
              37.7628186
            ],
            [
              -121.0331421,
              37.7532506
            ],
            [
              -121.0119419,
              37.7535899
            ],
            [
              -121.010869,
              37.7517576
            ]
          ]
        ],
        "type": "Polygon"
      },
      "id": "1g3_UCd6tLmdXxw2_cYkmELfRSbwqM9t8",
      "properties": {
        "area_sq_km": 9.8994,
        "doc_description": ">North to Greenleaf Rd.and East River Rd., >South to Stanislaus River, >East to Henry Rd., >West to Sexton Rd.",
        "doc_name": "E31- Rural South Escalon",
        "fetched_at": "2026-07-27T10:54:08Z",
        "mid": "1g3_UCd6tLmdXxw2_cYkmELfRSbwqM9t8",
        "zone_code": "E31"
      },
      "type": "Feature"
    },
    {
      "geometry": {
        "coordinates": [
          [
            [
              -121.1166273,
              37.7980743
            ],
            [
              -121.1165415,
              37.7978369
            ],
            [
              -121.1161981,
              37.7848819
            ],
            [
              -121.1065851,
              37.7847801
            ],
            [
              -121.1068211,
              37.7982608
            ],
            [
              -121.1166273,
              37.7980743
            ]
          ]
        ],
        "type": "Polygon"
      },
      "id": "1gGCsap1HZFx07QYywB3YNKuiZ60rj9s",
      "properties": {
        "area_sq_km": 1.2604,
        "doc_description": ">North to Yosemite Ave., >South to Murphy Rd., >East to Murphy Rd., >West to 1/2 mile west of Murphy Rd.",
        "doc_name": "R12- Rural North Ripon",
        "fetched_at": "2026-07-27T10:54:09Z",
        "mid": "1gGCsap1HZFx07QYywB3YNKuiZ60rj9s",
        "zone_code": "R12"
      },
      "type": "Feature"
    },
    {
      "geometry": {
        "coordinates": [
          [
            [
              -121.3540299,
              38.1887565
            ],
            [
              -121.3350184,
              38.188824
            ],
            [
              -121.335705,
              38.1979981
            ],
            [
              -121.3366062,
              38.2008648
            ],
            [
              -121.3363058,
              38.2018428
            ],
            [
              -121.3354904,
              38.2035964
            ],
            [
              -121.3353188,
              38.2042372
            ],
            [
              -121.3356621,
              38.2049791
            ],
            [
              -121.3361771,
              38.2053838
            ],
            [
              -121.3370783,
              38.2058222
            ],
            [
              -121.3393957,
              38.2058222
            ],
            [
              -121.340769,
              38.2060582
            ],
            [
              -121.3425715,
              38.2070362
            ],
            [
              -121.3435585,
              38.2067327
            ],
            [
              -121.3440735,
              38.2066652
            ],
            [
              -121.3468201,
              38.2074408
            ],
            [
              -121.3475926,
              38.2082164
            ],
            [
              -121.3480217,
              38.2087897
            ],
            [
              -121.3486225,
              38.2092955
            ],
            [
              -121.3505537,
              38.2094641
            ],
            [
              -121.3533003,
              38.2103408
            ],
            [
              -121.3547594,
              38.2109141
            ],
            [
              -121.3551457,
              38.2112176
            ],
            [
              -121.3544161,
              38.188689
            ],
            [
              -121.3540299,
              38.1887565
            ]
          ]
        ],
        "type": "Polygon"
      },
      "id": "1gL0gCyT5pWlf2zFstm4Y8CinwcUj2lSu",
      "properties": {
        "area_sq_km": 3.5152,
        "doc_description": ">North to Mokelumne River, >South to W, Peltier Rd., >East to N. Davis Rd., >West to Devries Rd.",
        "doc_name": "L6- Rural Northwest Lodi",
        "fetched_at": "2026-07-27T10:54:09Z",
        "mid": "1gL0gCyT5pWlf2zFstm4Y8CinwcUj2lSu",
        "zone_code": "L6"
      },
      "type": "Feature"
    },
    {
      "geometry": {
        "coordinates": [
          [
            [
              -120.9968149,
              37.8101223
            ],
            [
              -120.9973942,
              37.8101731
            ],
            [
              -120.9969222,
              37.797305
            ],
            [
              -120.9954845,
              37.7965759
            ],
            [
              -120.9928023,
              37.7964742
            ],
            [
              -120.9923946,
              37.7963216
            ],
            [
              -120.9893477,
              37.7940155
            ],
            [
              -120.9870517,
              37.7940156
            ],
            [
              -120.9834682,
              37.7939816
            ],
            [
              -120.9781039,
              37.7940494
            ],
            [
              -120.9782219,
              37.7988394
            ],
            [
              -120.9790694,
              37.8002552
            ],
            [
              -120.9791338,
              37.8098849
            ],
            [
              -120.9968149,
              37.8101223
            ]
          ]
        ],
        "type": "Polygon"
      },
      "id": "1gQXqjEFkrGSoWZWQ1eOWLKefAMdQ7UkJ",
      "properties": {
        "area_sq_km": 2.7137,
        "doc_description": ">North to Mahon Rd., >South to Hwy 120 & California St., > East to Campbell Ave., >West to Escalon-Bellota Rd.",
        "doc_name": "E18A- Portion of North Escalon Area",
        "fetched_at": "2026-07-27T10:54:10Z",
        "mid": "1gQXqjEFkrGSoWZWQ1eOWLKefAMdQ7UkJ",
        "zone_code": "E18A"
      },
      "type": "Feature"
    },
    {
      "geometry": {
        "coordinates": [
          [
            [
              -121.3046793,
              37.9116529
            ],
            [
              -121.3047437,
              37.9105695
            ],
            [
              -121.3048081,
              37.9094013
            ],
            [
              -121.304851,
              37.9087749
            ],
            [
              -121.3044862,
              37.9076067
            ],
            [
              -121.3036923,
              37.9053211
            ],
            [
              -121.2993364,
              37.9062862
            ],
            [
              -121.2987141,
              37.906337
            ],
            [
              -121.2981562,
              37.9064047
            ],
            [
              -121.2961177,
              37.9062354
            ],
            [
              -121.2947015,
              37.9062693
            ],
            [
              -121.2927489,
              37.9064386
            ],
            [
              -121.2912898,
              37.9067433
            ],
            [
              -121.2903027,
              37.9071496
            ],
            [
              -121.291676,
              37.9093675
            ],
            [
              -121.2966971,
              37.9088934
            ],
            [
              -121.2973194,
              37.9100954
            ],
            [
              -121.2974481,
              37.9108065
            ],
            [
              -121.2974481,
              37.9113821
            ],
            [
              -121.2976412,
              37.911399
            ],
            [
              -121.3046793,
              37.9116529
            ]
          ]
        ],
        "type": "Polygon"
      },
      "id": "1gpyEkWx44IRXEM-P9F3_Fjw7ko4SSzc",
      "properties": {
        "area_sq_km": 0.5659,
        "doc_description": ">North to Carolyn West Blvd. and Steve Lillie Cir., >South to William Moss Blvd., >East McDougald Blvd., and Steve Lillie Cir., >West to Ews Woods Blvd.",
        "doc_name": "S45- Southwest Stockton",
        "fetched_at": "2026-07-27T10:54:11Z",
        "mid": "1gpyEkWx44IRXEM-P9F3_Fjw7ko4SSzc",
        "zone_code": "S45"
      },
      "type": "Feature"
    },
    {
      "geometry": {
        "coordinates": [
          [
            [
              -121.0152638,
              37.8094269
            ],
            [
              -121.0165814,
              37.8095777
            ],
            [
              -121.0161522,
              37.7835338
            ],
            [
              -120.9776792,
              37.7830292
            ],
            [
              -120.9779796,
              37.8011389
            ],
            [
              -120.9867772,
              37.8010881
            ],
            [
              -120.9870255,
              37.8097999
            ],
            [
              -121.0152638,
              37.8094269
            ]
          ]
        ],
        "type": "Polygon"
      },
      "id": "1hC-8f2is8t8g9LTLmByIeOJ5vwM7npU",
      "properties": {
        "area_sq_km": 9.1591,
        "doc_description": "City of Escalon and surrounding rural areas.",
        "doc_name": "E68- City of Escalon",
        "fetched_at": "2026-07-27T10:54:11Z",
        "mid": "1hC-8f2is8t8g9LTLmByIeOJ5vwM7npU",
        "zone_code": "E68"
      },
      "type": "Feature"
    },
    {
      "geometry": {
        "coordinates": [
          [
            [
              -121.3731941,
              38.0228211
            ],
            [
              -121.4147362,
              38.020387
            ],
            [
              -121.4238342,
              37.9869767
            ],
            [
              -121.3721642,
              37.9775055
            ],
            [
              -121.3731941,
              38.0228211
            ]
          ]
        ],
        "type": "Polygon"
      },
      "id": "1heJJ35n0Ncl7mExjNCOLOt_OdLoFKLgy",
      "properties": {
        "area_sq_km": 18.0124,
        "doc_description": "Portions of Shima Tract, Rindge Tract, Wright Tract, Lower Roberts Island",
        "doc_name": "D2 -Wright-Shima-Rindge-Lower Roberts",
        "fetched_at": "2026-07-27T10:54:12Z",
        "mid": "1heJJ35n0Ncl7mExjNCOLOt_OdLoFKLgy",
        "zone_code": "D2"
      },
      "type": "Feature"
    },
    {
      "geometry": {
        "coordinates": [
          [
            [
              -121.3610404,
              38.0576952
            ],
            [
              -121.3719838,
              38.0577965
            ],
            [
              -121.3716834,
              38.0559211
            ],
            [
              -121.3701599,
              38.0506156
            ],
            [
              -121.360225,
              38.0502776
            ],
            [
              -121.3610404,
              38.0576952
            ]
          ]
        ],
        "type": "Polygon"
      },
      "id": "1hqgr7DgbegomEcw7hwlzDK3DsiAX4cZU",
      "properties": {
        "area_sq_km": 0.7452,
        "doc_description": null,
        "doc_name": "S7- Oak Grove Regional Park",
        "fetched_at": "2026-07-27T10:54:12Z",
        "mid": "1hqgr7DgbegomEcw7hwlzDK3DsiAX4cZU",
        "zone_code": "S7"
      },
      "type": "Feature"
    },
    {
      "geometry": {
        "coordinates": [
          [
            [
              -121.5157351,
              37.9207975
            ],
            [
              -121.5112719,
              37.9148389
            ],
            [
              -121.5155635,
              37.9132137
            ],
            [
              -121.5157351,
              37.9118594
            ],
            [
              -121.5080104,
              37.9106405
            ],
            [
              -121.5059504,
              37.9072545
            ],
            [
              -121.5018305,
              37.9087444
            ],
            [
              -121.4959941,
              37.9042748
            ],
            [
              -121.4956507,
              37.8995339
            ],
            [
              -121.4925608,
              37.8981794
            ],
            [
              -121.4913592,
              37.89398
            ],
            [
              -121.487411,
              37.8934382
            ],
            [
              -121.488441,
              37.8904578
            ],
            [
              -121.485866,
              37.889645
            ],
            [
              -121.4856944,
              37.886529
            ],
            [
              -121.4810595,
              37.886258
            ],
            [
              -121.480802,
              37.8626807
            ],
            [
              -121.4496455,
              37.8628162
            ],
            [
              -121.4565119,
              37.8853097
            ],
            [
              -121.4563403,
              37.8927608
            ],
            [
              -121.4587435,
              37.8950638
            ],
            [
              -121.4633784,
              37.8989921
            ],
            [
              -121.46664,
              37.9030557
            ],
            [
              -121.475223,
              37.8995339
            ],
            [
              -121.4756522,
              37.9205266
            ],
            [
              -121.5157351,
              37.9207975
            ]
          ]
        ],
        "type": "Polygon"
      },
      "id": "1i5uFt65faYfsvGRy9wf93xfhVs3QmKj_",
      "properties": {
        "area_sq_km": 16.8895,
        "doc_description": "Portions of: Upper Jones Tract, Union Island and Drexler Tract",
        "doc_name": "D30- Portion of Rural South Delta",
        "fetched_at": "2026-07-27T10:54:13Z",
        "mid": "1i5uFt65faYfsvGRy9wf93xfhVs3QmKj_",
        "zone_code": "D30"
      },
      "type": "Feature"
    },
    {
      "geometry": {
        "coordinates": [
          [
            [
              -121.2523533,
              37.7760159
            ],
            [
              -121.2522675,
              37.7620392
            ],
            [
              -121.2332989,
              37.7618695
            ],
            [
              -121.2333847,
              37.7759141
            ],
            [
              -121.2523533,
              37.7760159
            ]
          ]
        ],
        "type": "Polygon"
      },
      "id": "1iPJE8rppERB2oWrzhW2bHV2NwUTqSoiN",
      "properties": {
        "area_sq_km": 2.5974,
        "doc_description": ">North to Woodward Ave., >South to Fig Rd., >East to Union Rd., >West to Airport Way",
        "doc_name": "M13-Portion of South Manteca",
        "fetched_at": "2026-07-27T10:54:14Z",
        "mid": "1iPJE8rppERB2oWrzhW2bHV2NwUTqSoiN",
        "zone_code": "M13"
      },
      "type": "Feature"
    },
    {
      "geometry": {
        "coordinates": [
          [
            [
              -121.4098047,
              37.7176359
            ],
            [
              -121.4099763,
              37.7164647
            ],
            [
              -121.409692,
              37.7163459
            ],
            [
              -121.4093648,
              37.7161762
            ],
            [
              -121.4090885,
              37.7158834
            ],
            [
              -121.4089839,
              37.7155397
            ],
            [
              -121.4091797,
              37.7147886
            ],
            [
              -121.4092662,
              37.7141722
            ],
            [
              -121.4093313,
              37.7136068
            ],
            [
              -121.4092468,
              37.7130697
            ],
            [
              -121.4094292,
              37.7127812
            ],
            [
              -121.4096223,
              37.7125181
            ],
            [
              -121.4105128,
              37.7120852
            ],
            [
              -121.4118217,
              37.7120598
            ],
            [
              -121.4117573,
              37.7104217
            ],
            [
              -121.4072512,
              37.7104896
            ],
            [
              -121.4062856,
              37.7104895
            ],
            [
              -121.4055346,
              37.7104726
            ],
            [
              -121.4050839,
              37.7104896
            ],
            [
              -121.4040754,
              37.7105066
            ],
            [
              -121.3991831,
              37.7105066
            ],
            [
              -121.3979815,
              37.7105066
            ],
            [
              -121.3980673,
              37.7176359
            ],
            [
              -121.4098047,
              37.7176359
            ]
          ]
        ],
        "type": "Polygon"
      },
      "id": "1iYY-wzxHAh35XDs_1N03a999U4zWoQs",
      "properties": {
        "area_sq_km": 0.8359,
        "doc_description": ">North to Tulloch Dr. and Biarritz St., >South to Valpico Rd., >East to S. Chrisman Rd., >West to McKenna Dr., Eastlake Cir. and Lakeview Dr.",
        "doc_name": "T31- Portion of Southeast Tracy",
        "fetched_at": "2026-07-27T10:54:14Z",
        "mid": "1iYY-wzxHAh35XDs_1N03a999U4zWoQs",
        "zone_code": "T31"
      },
      "type": "Feature"
    },
    {
      "geometry": {
        "coordinates": [
          [
            [
              -121.2319516,
              38.0402241
            ],
            [
              -121.2367157,
              38.0346638
            ],
            [
              -121.2418651,
              38.02863
            ],
            [
              -121.2415218,
              38.0230521
            ],
            [
              -121.2342262,
              38.0249791
            ],
            [
              -121.2321662,
              38.0266018
            ],
            [
              -121.2319516,
              38.0269398
            ],
            [
              -121.2252998,
              38.0286301
            ],
            [
              -121.2259865,
              38.0305231
            ],
            [
              -121.2247849,
              38.0314696
            ],
            [
              -121.2270594,
              38.0370807
            ],
            [
              -121.2293338,
              38.0394129
            ],
            [
              -121.2319516,
              38.0402241
            ]
          ]
        ],
        "type": "Polygon"
      },
      "id": "1iofbUoJ4X1Cx08pjYP9P-9-uQ9iVvdgQ",
      "properties": {
        "area_sq_km": 1.615,
        "doc_description": ">North to Hildreth Ln., >South to Foppiano Ln., >East to N. Ashley Ln., >West to Alhambra Ave following south of Shippee Ln",
        "doc_name": "S3- Morada area",
        "fetched_at": "2026-07-27T10:54:15Z",
        "mid": "1iofbUoJ4X1Cx08pjYP9P-9-uQ9iVvdgQ",
        "zone_code": "S3"
      },
      "type": "Feature"
    },
    {
      "geometry": {
        "coordinates": [
          [
            [
              -121.1467284,
              37.7395285
            ],
            [
              -121.1566419,
              37.7396982
            ],
            [
              -121.1563844,
              37.7206568
            ],
            [
              -121.1508054,
              37.7225238
            ],
            [
              -121.14793,
              37.7228633
            ],
            [
              -121.14793,
              37.7252055
            ],
            [
              -121.1484021,
              37.7260201
            ],
            [
              -121.1478013,
              37.7272081
            ],
            [
              -121.1469859,
              37.727887
            ],
            [
              -121.147458,
              37.7286337
            ],
            [
              -121.147458,
              37.7367795
            ],
            [
              -121.1476296,
              37.7378316
            ],
            [
              -121.1470717,
              37.738714
            ],
            [
              -121.1467284,
              37.7395285
            ]
          ]
        ],
        "type": "Polygon"
      },
      "id": "1jLCt2L8C3lE4iv9R1SYuwp_CKo7veSE",
      "properties": {
        "area_sq_km": 1.5434,
        "doc_description": ">North to W. Ripon Rd., >South Riverview Cir., >East S. Highland Ave., >West S. Olive",
        "doc_name": "R19- Southwest Ripon",
        "fetched_at": "2026-07-27T10:54:15Z",
        "mid": "1jLCt2L8C3lE4iv9R1SYuwp_CKo7veSE",
        "zone_code": "R19"
      },
      "type": "Feature"
    },
    {
      "geometry": {
        "coordinates": [
          [
            [
              -121.4765167,
              37.7140318
            ],
            [
              -121.452527,
              37.7233333
            ],
            [
              -121.4526986,
              37.728968
            ],
            [
              -121.4770316,
              37.7286285
            ],
            [
              -121.4768171,
              37.7137602
            ],
            [
              -121.4765167,
              37.7140318
            ]
          ]
        ],
        "type": "Polygon"
      },
      "id": "1jQtP48kCzXy_SAdTO4Og851NV8rm6puG",
      "properties": {
        "area_sq_km": 2.4286,
        "doc_description": ">North to W. Schulte Rd., >South to Western Pacific RR, >East to Corral Hollow Rd., >West to Lammers Rd.",
        "doc_name": "T24- Southwest Tracy",
        "fetched_at": "2026-07-27T10:54:16Z",
        "mid": "1jQtP48kCzXy_SAdTO4Og851NV8rm6puG",
        "zone_code": "T24"
      },
      "type": "Feature"
    },
    {
      "geometry": {
        "coordinates": [
          [
            [
              -121.3758124,
              37.8558121
            ],
            [
              -121.3769282,
              37.8541857
            ],
            [
              -121.3766707,
              37.8531014
            ],
            [
              -121.3762416,
              37.8515426
            ],
            [
              -121.3759841,
              37.8503227
            ],
            [
              -121.3765849,
              37.8492383
            ],
            [
              -121.378559,
              37.8487639
            ],
            [
              -121.3794173,
              37.8476117
            ],
            [
              -121.3801898,
              37.8463917
            ],
            [
              -121.3794173,
              37.8455106
            ],
            [
              -121.3794173,
              37.844494
            ],
            [
              -121.3796748,
              37.8432062
            ],
            [
              -121.3789882,
              37.8421895
            ],
            [
              -121.3786449,
              37.8410372
            ],
            [
              -121.3799323,
              37.8400882
            ],
            [
              -121.3795032,
              37.8392748
            ],
            [
              -121.3778724,
              37.8389359
            ],
            [
              -121.3777865,
              37.8377836
            ],
            [
              -121.3786449,
              37.8369024
            ],
            [
              -121.3805331,
              37.8368346
            ],
            [
              -121.3815632,
              37.8360211
            ],
            [
              -121.382164,
              37.834801
            ],
            [
              -121.3377895,
              37.8345976
            ],
            [
              -121.3379612,
              37.8554055
            ],
            [
              -121.3758124,
              37.8558121
            ]
          ]
        ],
        "type": "Polygon"
      },
      "id": "1jbUli2B2kIrathCQ7gil7MxrnuS8_LI",
      "properties": {
        "area_sq_km": 8.2983,
        "doc_description": ">North to Carlin Rd. >South to Undine Rd. >East to S. Roberts Rd. > West to Middle River.",
        "doc_name": "S50-Portion of Southwest Stockton",
        "fetched_at": "2026-07-27T10:54:16Z",
        "mid": "1jbUli2B2kIrathCQ7gil7MxrnuS8_LI",
        "zone_code": "S50"
      },
      "type": "Feature"
    },
    {
      "geometry": {
        "coordinates": [
          [
            [
              -120.9797904,
              37.8424667
            ],
            [
              -120.9801337,
              37.8422972
            ],
            [
              -120.9796187,
              37.8272145
            ],
            [
              -120.960736,
              37.8272145
            ],
            [
              -120.9609935,
              37.842365
            ],
            [
              -120.9797904,
              37.8424667
            ]
          ]
        ],
        "type": "Polygon"
      },
      "id": "1jcTfl6WPUGgh0g7_rX17F2kWKbC2oEuU",
      "properties": {
        "area_sq_km": 2.8222,
        "doc_description": ">North to Edwards Ave., >South to Lone Tree Rd., > >East to Steinegul Rd., >West to Campbell Rd.",
        "doc_name": "E32- A Portion of Rural North Escalon",
        "fetched_at": "2026-07-27T10:54:17Z",
        "mid": "1jcTfl6WPUGgh0g7_rX17F2kWKbC2oEuU",
        "zone_code": "E32"
      },
      "type": "Feature"
    },
    {
      "geometry": {
        "coordinates": [
          [
            [
              -121.2826666,
              37.9286912
            ],
            [
              -121.2797269,
              37.9293767
            ],
            [
              -121.2791797,
              37.9277646
            ],
            [
              -121.2742767,
              37.9288267
            ],
            [
              -121.2741479,
              37.9374158
            ],
            [
              -121.2741746,
              37.9394719
            ],
            [
              -121.2747031,
              37.9407031
            ],
            [
              -121.2860676,
              37.9387357
            ],
            [
              -121.2847802,
              37.9335063
            ],
            [
              -121.2831065,
              37.9297237
            ],
            [
              -121.2829134,
              37.9292498
            ],
            [
              -121.2826666,
              37.9286912
            ]
          ]
        ],
        "type": "Polygon"
      },
      "id": "1jrnK_foD1rVLNv9fzEZLJL25Cy4JHxQ",
      "properties": {
        "area_sq_km": 1.1445,
        "doc_description": ">North to Dr. Martin Luther King Blvd., >South to E. 9th Street, >East to U.P. RR tracks, >West to S. El Dorado St.",
        "doc_name": "S33B- Portion of South Stockton",
        "fetched_at": "2026-07-27T10:54:18Z",
        "mid": "1jrnK_foD1rVLNv9fzEZLJL25Cy4JHxQ",
        "zone_code": "S33B"
      },
      "type": "Feature"
    },
    {
      "geometry": {
        "coordinates": [
          [
            [
              -120.9423224,
              37.8278019
            ],
            [
              -120.9610549,
              37.8278189
            ],
            [
              -120.9607974,
              37.8201408
            ],
            [
              -120.9421078,
              37.8200561
            ],
            [
              -120.9423224,
              37.8278019
            ]
          ]
        ],
        "type": "Polygon"
      },
      "id": "1juOccYb4KKmECrgdrojDmOl5ZR1EWBKt",
      "properties": {
        "area_sq_km": 1.4092,
        "doc_description": ">North to Lonetree Rd., >South to 1/2 mile south of Lonetree Rd., >East to Henry Rd., >West to Steinegul Rd.",
        "doc_name": "E47- Portion of Rural Northeast Escalon",
        "fetched_at": "2026-07-27T10:54:18Z",
        "mid": "1juOccYb4KKmECrgdrojDmOl5ZR1EWBKt",
        "zone_code": "E47"
      },
      "type": "Feature"
    },
    {
      "geometry": {
        "coordinates": [
          [
            [
              -121.0925419,
              37.8988792
            ],
            [
              -121.0924132,
              37.8920044
            ],
            [
              -121.0710413,
              37.8924447
            ],
            [
              -121.0605699,
              37.8926479
            ],
            [
              -121.0456782,
              37.8929527
            ],
            [
              -121.0465365,
              37.9134734
            ],
            [
              -121.0476094,
              37.9129993
            ],
            [
              -121.0492831,
              37.9122883
            ],
            [
              -121.0509998,
              37.9119497
            ],
            [
              -121.0524589,
              37.9116789
            ],
            [
              -121.0556775,
              37.9132025
            ],
            [
              -121.0566646,
              37.9135749
            ],
            [
              -121.0576517,
              37.9134395
            ],
            [
              -121.0596258,
              37.9135411
            ],
            [
              -121.061042,
              37.9138458
            ],
            [
              -121.0622007,
              37.9136765
            ],
            [
              -121.0628015,
              37.9139812
            ],
            [
              -121.0634023,
              37.9149969
            ],
            [
              -121.0644752,
              37.9152001
            ],
            [
              -121.065591,
              37.9157756
            ],
            [
              -121.0667927,
              37.9155386
            ],
            [
              -121.0673076,
              37.9152339
            ],
            [
              -121.069153,
              37.9156402
            ],
            [
              -121.0699684,
              37.9152678
            ],
            [
              -121.0702688,
              37.9144891
            ],
            [
              -121.0724146,
              37.9138119
            ],
            [
              -121.073745,
              37.9131009
            ],
            [
              -121.073702,
              37.912593
            ],
            [
              -121.073745,
              37.9122206
            ],
            [
              -121.0753328,
              37.9114757
            ],
            [
              -121.0762341,
              37.9113403
            ],
            [
              -121.0774357,
              37.9112726
            ],
            [
              -121.079324,
              37.9103922
            ],
            [
              -121.0800106,
              37.9096135
            ],
            [
              -121.0809548,
              37.9091394
            ],
            [
              -121.081856,
              37.9086315
            ],
            [
              -121.0831435,
              37.9067692
            ],
            [
              -121.0841734,
              37.9066338
            ],
            [
              -121.0863192,
              37.9070401
            ],
            [
              -121.0870488,
              37.9069724
            ],
            [
              -121.0876925,
              37.9062952
            ],
            [
              -121.0876496,
              37.9057195
            ],
            [
              -121.08795,
              37.905347
            ],
            [
              -121.087435,
              37.9049746
            ],
            [
              -121.0876496,
              37.904636
            ],
            [
              -121.08795,
              37.9042973
            ],
            [
              -121.0882075,
              37.9040603
            ],
            [
              -121.0898812,
              37.9040603
            ],
            [
              -121.0907395,
              37.9032476
            ],
            [
              -121.0912545,
              37.9022995
            ],
            [
              -121.0912116,
              37.9014867
            ],
            [
              -121.0913403,
              37.9006402
            ],
            [
              -121.0910828,
              37.8998952
            ],
            [
              -121.0914261,
              37.8994211
            ],
            [
              -121.0925419,
              37.8988792
            ]
          ]
        ],
        "type": "Polygon"
      },
      "id": "1k5QybTntTabeg5r3tp_hRhkhDXfbDxw",
      "properties": {
        "area_sq_km": 8.4684,
        "doc_description": ">North to Little Johns Creek, >South to Gawne Rd., >East to Mobley Rd., >West Stow Ave.",
        "doc_name": "E59- Portion of Rural West Farmington",
        "fetched_at": "2026-07-27T10:54:19Z",
        "mid": "1k5QybTntTabeg5r3tp_hRhkhDXfbDxw",
        "zone_code": "E59"
      },
      "type": "Feature"
    },
    {
      "geometry": {
        "coordinates": [
          [
            [
              -121.5249821,
              38.1676341
            ],
            [
              -121.5347667,
              38.126257
            ],
            [
              -121.484213,
              38.1265271
            ],
            [
              -121.4740937,
              38.1408721
            ],
            [
              -121.430836,
              38.1397415
            ],
            [
              -121.4318567,
              38.1764059
            ],
            [
              -121.5249821,
              38.1676341
            ]
          ]
        ],
        "type": "Polygon"
      },
      "id": "1kA4zDMXvQEdJvC0fHuDBlGw6Ek10yy4",
      "properties": {
        "area_sq_km": 37.0125,
        "doc_description": "Portions of Brack Tract, Canal Ranch, Staten Island, and Terminous Tract",
        "doc_name": "D38 North Delta",
        "fetched_at": "2026-07-27T10:54:19Z",
        "mid": "1kA4zDMXvQEdJvC0fHuDBlGw6Ek10yy4",
        "zone_code": "D38"
      },
      "type": "Feature"
    },
    {
      "geometry": {
        "coordinates": [
          [
            [
              -121.4254942,
              38.116226
            ],
            [
              -121.425623,
              38.1037322
            ],
            [
              -121.4039507,
              38.1037322
            ],
            [
              -121.4116755,
              38.1162598
            ],
            [
              -121.4254942,
              38.116226
            ]
          ]
        ],
        "type": "Polygon"
      },
      "id": "1kCjmYdRJwDWlsYgUhVuNHvrtYMq441vu",
      "properties": {
        "area_sq_km": 2.1605,
        "doc_description": "Guard Rd. & White Slough area west of I-5 and south of Hwy 12",
        "doc_name": "L10- A Portiion of Rural West Lodi",
        "fetched_at": "2026-07-27T10:54:20Z",
        "mid": "1kCjmYdRJwDWlsYgUhVuNHvrtYMq441vu",
        "zone_code": "L10"
      },
      "type": "Feature"
    },
    {
      "geometry": {
        "coordinates": [
          [
            [
              -120.979342,
              37.8424355
            ],
            [
              -121.0170217,
              37.8426049
            ],
            [
              -121.0160346,
              37.8172507
            ],
            [
              -120.9786554,
              37.8172507
            ],
            [
              -120.979342,
              37.8424355
            ]
          ]
        ],
        "type": "Polygon"
      },
      "id": "1kOrmmFJrPoNt8y7YkdZGORIxkcBAe4do",
      "properties": {
        "area_sq_km": 9.2607,
        "doc_description": ">North to Edwards Ave., >South to Magnolia Rd., >East to Campbell Rd., >West to Brennan Rd.",
        "doc_name": "E22- North Rural Escalon",
        "fetched_at": "2026-07-27T10:54:21Z",
        "mid": "1kOrmmFJrPoNt8y7YkdZGORIxkcBAe4do",
        "zone_code": "E22"
      },
      "type": "Feature"
    },
    {
      "geometry": {
        "coordinates": [
          [
            [
              -120.9876361,
              37.8003027
            ],
            [
              -120.9967449,
              37.8003535
            ],
            [
              -120.9967394,
              37.7984546
            ],
            [
              -120.9968199,
              37.797522
            ],
            [
              -120.9953501,
              37.796475
            ],
            [
              -120.9926787,
              37.7964284
            ],
            [
              -120.9915199,
              37.7957503
            ],
            [
              -120.9895993,
              37.7941438
            ],
            [
              -120.9782161,
              37.794046
            ],
            [
              -120.978302,
              37.7988191
            ],
            [
              -120.9790852,
              37.8002561
            ],
            [
              -120.9876361,
              37.8003027
            ]
          ]
        ],
        "type": "Polygon"
      },
      "id": "1mClYWDi44jiGkZGdVoLA1gyAgCsSdJ0",
      "properties": {
        "area_sq_km": 0.976,
        "doc_description": ">North to Mission Street, >South to California St., and Jackson Ave., >East to Campbell Ave., >West to  Escalon-Bellota Rd.",
        "doc_name": "E50C-North Escalon",
        "fetched_at": "2026-07-27T10:54:21Z",
        "mid": "1mClYWDi44jiGkZGdVoLA1gyAgCsSdJ0",
        "zone_code": "E50C"
      },
      "type": "Feature"
    },
    {
      "geometry": {
        "coordinates": [
          [
            [
              -121.4877045,
              37.8903708
            ],
            [
              -121.4648735,
              37.865304
            ],
            [
              -121.4192116,
              37.8945026
            ],
            [
              -121.4455617,
              37.9152936
            ],
            [
              -121.4480507,
              37.9133299
            ],
            [
              -121.4495099,
              37.9113661
            ],
            [
              -121.4525139,
              37.9097409
            ],
            [
              -121.4556897,
              37.9079125
            ],
            [
              -121.4603245,
              37.9045264
            ],
            [
              -121.4640153,
              37.9025624
            ],
            [
              -121.4677918,
              37.9013433
            ],
            [
              -121.4718258,
              37.8989728
            ],
            [
              -121.4768899,
              37.8972119
            ],
            [
              -121.4800656,
              37.8966023
            ],
            [
              -121.4822114,
              37.8953154
            ],
            [
              -121.4863312,
              37.8927415
            ],
            [
              -121.4871895,
              37.8913191
            ],
            [
              -121.4877045,
              37.8903708
            ]
          ]
        ],
        "type": "Polygon"
      },
      "id": "1mDM-jGSk3NVxcNKjjqgjziorWUGf6i--",
      "properties": {
        "area_sq_km": 16.1173,
        "doc_description": ">North to Hwy 4, >South to two miles south of Hwy 4, > East to 1 & 1/2 miles east of Tracy Blvd., >West to 1 & 1/2 miles west of Tracy Blvd.",
        "doc_name": "D10- Rural South Delta",
        "fetched_at": "2026-07-27T10:54:22Z",
        "mid": "1mDM-jGSk3NVxcNKjjqgjziorWUGf6i--",
        "zone_code": "D10"
      },
      "type": "Feature"
    },
    {
      "geometry": {
        "coordinates": [
          [
            [
              -121.1653541,
              37.7397481
            ],
            [
              -121.1653756,
              37.7255262
            ],
            [
              -121.1789905,
              37.7254416
            ],
            [
              -121.1789153,
              37.7172443
            ],
            [
              -121.1596034,
              37.717414
            ],
            [
              -121.1576723,
              37.7191453
            ],
            [
              -121.1559127,
              37.7210123
            ],
            [
              -121.1559127,
              37.7248821
            ],
            [
              -121.154711,
              37.7248142
            ],
            [
              -121.1534665,
              37.7248482
            ],
            [
              -121.1509345,
              37.7249499
            ],
            [
              -121.1509345,
              37.739816
            ],
            [
              -121.1653541,
              37.7397481
            ]
          ]
        ],
        "type": "Polygon"
      },
      "id": "1n4xsRgDHiekiDAfHAshvFPQZ7mnXdBMP",
      "properties": {
        "area_sq_km": 3.8198,
        "doc_description": ">North to W. Ripon Rd. and Hutchinson Rd., >South to E. Moncure Rd. >East to Mohler Rd. >West to S. Frederick Ave. & Austin Rd.",
        "doc_name": "R4b-Rural West Ripon",
        "fetched_at": "2026-07-27T10:54:22Z",
        "mid": "1n4xsRgDHiekiDAfHAshvFPQZ7mnXdBMP",
        "zone_code": "R4b"
      },
      "type": "Feature"
    },
    {
      "geometry": {
        "coordinates": [
          [
            [
              -120.9609116,
              37.8270888
            ],
            [
              -120.9240043,
              37.8271566
            ],
            [
              -120.92456,
              37.8392221
            ],
            [
              -120.9460629,
              37.8573868
            ],
            [
              -120.9630573,
              37.8571835
            ],
            [
              -120.9617699,
              37.8272244
            ],
            [
              -120.9609116,
              37.8270888
            ]
          ]
        ],
        "type": "Polygon"
      },
      "id": "1nDhGBwsH_MYTdpCfV129HsPT2uvItk7b",
      "properties": {
        "area_sq_km": 9.2955,
        "doc_description": ">North to Dodds Rd., >South to Lone Tree Rd., >East to Cometa Rd. & Victory Ave., >West to Steinegul Rd.",
        "doc_name": "E28- Portion of Rural Northeast Escalon",
        "fetched_at": "2026-07-27T10:54:23Z",
        "mid": "1nDhGBwsH_MYTdpCfV129HsPT2uvItk7b",
        "zone_code": "E28"
      },
      "type": "Feature"
    },
    {
      "geometry": {
        "coordinates": [
          [
            [
              -121.4912963,
              38.1129115
            ],
            [
              -121.4946437,
              38.1125738
            ],
            [
              -121.4943004,
              38.1090621
            ],
            [
              -121.4924979,
              38.1090621
            ],
            [
              -121.4924121,
              38.1075088
            ],
            [
              -121.4908671,
              38.1075088
            ],
            [
              -121.4888072,
              38.1062931
            ],
            [
              -121.4881206,
              38.1048073
            ],
            [
              -121.4886355,
              38.1036591
            ],
            [
              -121.4876914,
              38.1021732
            ],
            [
              -121.4876914,
              38.1004171
            ],
            [
              -121.4887214,
              38.0999443
            ],
            [
              -121.4906955,
              38.0998768
            ],
            [
              -121.4912105,
              38.0990663
            ],
            [
              -121.4930987,
              38.0973101
            ],
            [
              -121.4947295,
              38.0973777
            ],
            [
              -121.4945579,
              38.0959592
            ],
            [
              -121.4929271,
              38.0948109
            ],
            [
              -121.4910388,
              38.0945407
            ],
            [
              -121.489923,
              38.0936626
            ],
            [
              -121.4900088,
              38.0925142
            ],
            [
              -121.4910388,
              38.0915685
            ],
            [
              -121.489923,
              38.090893
            ],
            [
              -121.4871764,
              38.0915685
            ],
            [
              -121.4877772,
              38.0923116
            ],
            [
              -121.4882922,
              38.0931897
            ],
            [
              -121.4876056,
              38.0941354
            ],
            [
              -121.486404,
              38.0944056
            ],
            [
              -121.4845157,
              38.0937977
            ],
            [
              -121.4833999,
              38.0934599
            ],
            [
              -121.4795787,
              38.0901164
            ],
            [
              -121.4771537,
              38.0875664
            ],
            [
              -121.4752548,
              38.08771
            ],
            [
              -121.4743913,
              38.087579
            ],
            [
              -121.4729296,
              38.0877162
            ],
            [
              -121.4719413,
              38.0873794
            ],
            [
              -121.471533,
              38.0864678
            ],
            [
              -121.4704707,
              38.0861472
            ],
            [
              -121.4690812,
              38.0849735
            ],
            [
              -121.4689874,
              38.0841164
            ],
            [
              -121.4695414,
              38.0833501
            ],
            [
              -121.4689233,
              38.0822748
            ],
            [
              -121.469301,
              38.0813993
            ],
            [
              -121.4675157,
              38.0812994
            ],
            [
              -121.466709,
              38.0806414
            ],
            [
              -121.4663057,
              38.0764613
            ],
            [
              -121.4658467,
              38.0755874
            ],
            [
              -121.4651881,
              38.075218
            ],
            [
              -121.4639146,
              38.0750333
            ],
            [
              -121.4624196,
              38.0739274
            ],
            [
              -121.4620155,
              38.0728339
            ],
            [
              -121.4634442,
              38.071679
            ],
            [
              -121.4608389,
              38.0711997
            ],
            [
              -121.4600071,
              38.0706985
            ],
            [
              -121.459862,
              38.0699269
            ],
            [
              -121.4589873,
              38.0692229
            ],
            [
              -121.4552026,
              38.0731954
            ],
            [
              -121.4562243,
              38.0751407
            ],
            [
              -121.4555049,
              38.0758274
            ],
            [
              -121.4558482,
              38.1155452
            ],
            [
              -121.4919829,
              38.1159503
            ],
            [
              -121.4912963,
              38.1129115
            ]
          ]
        ],
        "type": "Polygon"
      },
      "id": "1nGIxRaRV3R7Lkn_moEnptC7Z66hi4ak",
      "properties": {
        "area_sq_km": 10.959,
        "doc_description": "West Terminous Tract",
        "doc_name": "D45- Delta: West Terminous Tract",
        "fetched_at": "2026-07-27T10:54:24Z",
        "mid": "1nGIxRaRV3R7Lkn_moEnptC7Z66hi4ak",
        "zone_code": "D45"
      },
      "type": "Feature"
    },
    {
      "geometry": {
        "coordinates": [
          [
            [
              -121.1305531,
              37.7463448
            ],
            [
              -121.1192771,
              37.7466587
            ],
            [
              -121.1192501,
              37.7494411
            ],
            [
              -121.1241397,
              37.7495259
            ],
            [
              -121.1243304,
              37.7576186
            ],
            [
              -121.1279676,
              37.7576059
            ],
            [
              -121.1303655,
              37.7579387
            ],
            [
              -121.133753,
              37.7579864
            ],
            [
              -121.1331944,
              37.7563697
            ],
            [
              -121.1324641,
              37.7548887
            ],
            [
              -121.1313899,
              37.7512481
            ],
            [
              -121.1313041,
              37.7506458
            ],
            [
              -121.1311968,
              37.7502895
            ],
            [
              -121.1311968,
              37.7500096
            ],
            [
              -121.1312075,
              37.7497042
            ],
            [
              -121.1314328,
              37.7490849
            ],
            [
              -121.1317762,
              37.748525
            ],
            [
              -121.1321946,
              37.748033
            ],
            [
              -121.1317869,
              37.7477445
            ],
            [
              -121.1312719,
              37.74749
            ],
            [
              -121.1310144,
              37.7472864
            ],
            [
              -121.13095,
              37.7470489
            ],
            [
              -121.1308642,
              37.7467096
            ],
            [
              -121.1307784,
              37.7463363
            ],
            [
              -121.1305531,
              37.7463448
            ]
          ]
        ],
        "type": "Polygon"
      },
      "id": "1nGLgKp60WjakPGTki9mi6MrCLSNU9Nc",
      "properties": {
        "area_sq_km": 1.0018,
        "doc_description": ">North to W. Santos Ave., >South to W. Milgeo Ave., >East to Ripon Rd. and John Roos Ave. >West to Fulton Ave. and Arc Way",
        "doc_name": "R10- Portion of North Ripon",
        "fetched_at": "2026-07-27T10:54:24Z",
        "mid": "1nGLgKp60WjakPGTki9mi6MrCLSNU9Nc",
        "zone_code": "R10"
      },
      "type": "Feature"
    },
    {
      "geometry": {
        "coordinates": [
          [
            [
              -121.3420821,
              38.0483117
            ],
            [
              -121.3437987,
              38.0484976
            ],
            [
              -121.3462019,
              38.0487511
            ],
            [
              -121.3471138,
              38.0490975
            ],
            [
              -121.3480258,
              38.0492411
            ],
            [
              -121.3486374,
              38.0495453
            ],
            [
              -121.3494206,
              38.0494439
            ],
            [
              -121.3507724,
              38.0494946
            ],
            [
              -121.3512016,
              38.0495114
            ],
            [
              -121.350987,
              38.0480076
            ],
            [
              -121.3508583,
              38.0471289
            ],
            [
              -121.3506437,
              38.0459629
            ],
            [
              -121.3503218,
              38.045118
            ],
            [
              -121.3495493,
              38.044121
            ],
            [
              -121.3485623,
              38.0431915
            ],
            [
              -121.3391639,
              38.0355191
            ],
            [
              -121.331482,
              38.0353838
            ],
            [
              -121.3317395,
              38.0430563
            ],
            [
              -121.3323832,
              38.0482948
            ],
            [
              -121.3401509,
              38.0483624
            ],
            [
              -121.3420821,
              38.0483117
            ]
          ]
        ],
        "type": "Polygon"
      },
      "id": "1nJ7oGufnWnU_Na9FX5iOyhTClp_YLF8",
      "properties": {
        "area_sq_km": 1.8866,
        "doc_description": ">North to Whistler Way, >South to Wagner Heights Rd., >East to Davis Rd., >West to Thornton Rd.",
        "doc_name": "S51A- Portion of North Stockton",
        "fetched_at": "2026-07-27T10:54:25Z",
        "mid": "1nJ7oGufnWnU_Na9FX5iOyhTClp_YLF8",
        "zone_code": "S51A"
      },
      "type": "Feature"
    },
    {
      "geometry": {
        "coordinates": [
          [
            [
              -121.1849529,
              37.6975758
            ],
            [
              -121.1991579,
              37.709918
            ],
            [
              -121.216796,
              37.7008356
            ],
            [
              -121.2242204,
              37.7037726
            ],
            [
              -121.2719851,
              37.6724436
            ],
            [
              -121.2558489,
              37.6565448
            ],
            [
              -121.222375,
              37.6689108
            ],
            [
              -121.2227183,
              37.6795087
            ],
            [
              -121.2240925,
              37.6837204
            ],
            [
              -121.2163679,
              37.688
            ],
            [
              -121.2109602,
              37.6863358
            ],
            [
              -121.2067539,
              37.6914634
            ],
            [
              -121.2065822,
              37.695131
            ],
            [
              -121.2019474,
              37.696625
            ],
            [
              -121.1849529,
              37.6975758
            ]
          ]
        ],
        "type": "Polygon"
      },
      "id": "1nm6ZRXdv7KkBsNjAEMUgXhR1m7-TmmY",
      "properties": {
        "area_sq_km": 16.4236,
        "doc_description": null,
        "doc_name": "SC17- Portion of Rural South County",
        "fetched_at": "2026-07-27T10:54:25Z",
        "mid": "1nm6ZRXdv7KkBsNjAEMUgXhR1m7-TmmY",
        "zone_code": "SC17"
      },
      "type": "Feature"
    },
    {
      "geometry": {
        "coordinates": [
          [
            [
              -121.1671254,
              38.0800497
            ],
            [
              -121.1671254,
              38.0796443
            ],
            [
              -121.1144254,
              38.0811307
            ],
            [
              -121.1145541,
              38.1322562
            ],
            [
              -121.1533925,
              38.1323575
            ],
            [
              -121.1537788,
              38.131176
            ],
            [
              -121.1542937,
              38.1301295
            ],
            [
              -121.1558387,
              38.1298932
            ],
            [
              -121.1584565,
              38.1297244
            ],
            [
              -121.1597011,
              38.1288467
            ],
            [
              -121.1615894,
              38.1270575
            ],
            [
              -121.1642072,
              38.1262472
            ],
            [
              -121.1677262,
              38.1251669
            ],
            [
              -121.1669967,
              38.1016662
            ],
            [
              -121.1671254,
              38.0800497
            ]
          ]
        ],
        "type": "Polygon"
      },
      "id": "1noHqDetJPH9IdUhmKzfmMCFgi9S8Dm4b",
      "properties": {
        "area_sq_km": 26.0755,
        "doc_description": ">North to E. Sargent Rd., South to Live Oak Rd., >East to two miles east of Jack Tone Rd., >West to Hibbard Rd.",
        "doc_name": "L18- Portion of Rural East Lodi",
        "fetched_at": "2026-07-27T10:54:26Z",
        "mid": "1noHqDetJPH9IdUhmKzfmMCFgi9S8Dm4b",
        "zone_code": "L18"
      },
      "type": "Feature"
    },
    {
      "geometry": {
        "coordinates": [
          [
            [
              -121.4055131,
              37.7176529
            ],
            [
              -121.4164351,
              37.7176189
            ],
            [
              -121.4164566,
              37.7171096
            ],
            [
              -121.4163707,
              37.7164987
            ],
            [
              -121.4164351,
              37.715582
            ],
            [
              -121.4163707,
              37.7143259
            ],
            [
              -121.4164136,
              37.7136809
            ],
            [
              -121.4164136,
              37.7121022
            ],
            [
              -121.4164136,
              37.7107781
            ],
            [
              -121.4095257,
              37.7107612
            ],
            [
              -121.406865,
              37.7108121
            ],
            [
              -121.4054488,
              37.710863
            ],
            [
              -121.4052556,
              37.7145635
            ],
            [
              -121.4055131,
              37.7176529
            ]
          ]
        ],
        "type": "Polygon"
      },
      "id": "1nv7N8q_ePnSfd9_yNm_sWBYED8Z_N1A",
      "properties": {
        "area_sq_km": 0.7403,
        "doc_description": ">North to Tulare Dr. and Tulloch Dr., >South to Valpico Rd., >East to Basque Dr., >West to S MacArthur Dr.",
        "doc_name": "T30b- Portion of Southeast Tracy (West Block)",
        "fetched_at": "2026-07-27T10:54:27Z",
        "mid": "1nv7N8q_ePnSfd9_yNm_sWBYED8Z_N1A",
        "zone_code": "T30b"
      },
      "type": "Feature"
    },
    {
      "geometry": {
        "coordinates": [
          [
            [
              -121.4373304,
              38.174221
            ],
            [
              -121.439562,
              38.1740861
            ],
            [
              -121.4435961,
              38.1723992
            ],
            [
              -121.446686,
              38.1728716
            ],
            [
              -121.4534666,
              38.1707798
            ],
            [
              -121.4554407,
              38.1703749
            ],
            [
              -121.4566424,
              38.1694302
            ],
            [
              -121.4600756,
              38.1694302
            ],
            [
              -121.4628222,
              38.1696327
            ],
            [
              -121.4642813,
              38.1692278
            ],
            [
              -121.4673712,
              38.168418
            ],
            [
              -121.4708044,
              38.1692953
            ],
            [
              -121.4737227,
              38.1681481
            ],
            [
              -121.4742376,
              38.1672034
            ],
            [
              -121.4767267,
              38.1669335
            ],
            [
              -121.4802458,
              38.1654489
            ],
            [
              -121.4813616,
              38.1648415
            ],
            [
              -121.4840223,
              38.1658537
            ],
            [
              -121.4849665,
              38.1660562
            ],
            [
              -121.4853956,
              38.1671359
            ],
            [
              -121.4865973,
              38.1671359
            ],
            [
              -121.4879706,
              38.1674058
            ],
            [
              -121.4900305,
              38.1672034
            ],
            [
              -121.4926054,
              38.1663261
            ],
            [
              -121.4920046,
              38.1639642
            ],
            [
              -121.4928629,
              38.162952
            ],
            [
              -121.4949228,
              38.1628845
            ],
            [
              -121.4964678,
              38.1619397
            ],
            [
              -121.5001585,
              38.1610624
            ],
            [
              -121.5010168,
              38.1603875
            ],
            [
              -121.5029909,
              38.157418
            ],
            [
              -121.5033343,
              38.1561357
            ],
            [
              -121.5024759,
              38.1535709
            ],
            [
              -121.5029051,
              38.1512086
            ],
            [
              -121.5034201,
              38.1493187
            ],
            [
              -121.5042784,
              38.1482388
            ],
            [
              -121.5055658,
              38.1460113
            ],
            [
              -121.5061667,
              38.1454038
            ],
            [
              -121.5057375,
              38.1446612
            ],
            [
              -121.5041926,
              38.1441887
            ],
            [
              -121.5029051,
              38.1425011
            ],
            [
              -121.5040209,
              38.1411511
            ],
            [
              -121.5010168,
              38.1406785
            ],
            [
              -121.4999869,
              38.1418261
            ],
            [
              -121.4984419,
              38.1430412
            ],
            [
              -121.4972403,
              38.1441212
            ],
            [
              -121.4962103,
              38.1433787
            ],
            [
              -121.4942362,
              38.1453363
            ],
            [
              -121.4928629,
              38.1453363
            ],
            [
              -121.4907171,
              38.1439862
            ],
            [
              -121.488743,
              38.1423661
            ],
            [
              -121.4866831,
              38.1412861
            ],
            [
              -121.4849665,
              38.1418936
            ],
            [
              -121.4828207,
              38.140071
            ],
            [
              -121.4822199,
              38.1393284
            ],
            [
              -121.4811899,
              38.1404085
            ],
            [
              -121.4779284,
              38.1416236
            ],
            [
              -121.4778425,
              38.1431087
            ],
            [
              -121.4765551,
              38.1435137
            ],
            [
              -121.4753534,
              38.1448637
            ],
            [
              -121.473036,
              38.1436487
            ],
            [
              -121.4703753,
              38.1433787
            ],
            [
              -121.4683153,
              38.1425687
            ],
            [
              -121.4660837,
              38.1413536
            ],
            [
              -121.4637663,
              38.140206
            ],
            [
              -121.4620497,
              38.1411511
            ],
            [
              -121.4577582,
              38.140341
            ],
            [
              -121.4515783,
              38.1404085
            ],
            [
              -121.4478018,
              38.1429737
            ],
            [
              -121.446686,
              38.1427037
            ],
            [
              -121.4393046,
              38.1454038
            ],
            [
              -121.4258292,
              38.1488463
            ],
            [
              -121.4297773,
              38.1653139
            ],
            [
              -121.4373304,
              38.174221
            ]
          ]
        ],
        "type": "Polygon"
      },
      "id": "1oAMKT4KEYM7ymgN0HY955SXABt5Iy6eu",
      "properties": {
        "area_sq_km": 18.5103,
        "doc_description": null,
        "doc_name": "D13- West Portion of Brack Tract",
        "fetched_at": "2026-07-27T10:54:27Z",
        "mid": "1oAMKT4KEYM7ymgN0HY955SXABt5Iy6eu",
        "zone_code": "D13"
      },
      "type": "Feature"
    },
    {
      "geometry": {
        "coordinates": [
          [
            [
              -121.1660442,
              37.7179023
            ],
            [
              -121.1573753,
              37.7177665
            ],
            [
              -121.1569461,
              37.7185813
            ],
            [
              -121.1564311,
              37.7196676
            ],
            [
              -121.1553153,
              37.7204823
            ],
            [
              -121.1541137,
              37.7202786
            ],
            [
              -121.1536845,
              37.7191923
            ],
            [
              -121.1520538,
              37.7199391
            ],
            [
              -121.1503372,
              37.7197355
            ],
            [
              -121.1492214,
              37.7185813
            ],
            [
              -121.1476764,
              37.7181739
            ],
            [
              -121.1467323,
              37.7184455
            ],
            [
              -121.1461314,
              37.7191923
            ],
            [
              -121.145874,
              37.7204823
            ],
            [
              -121.1444148,
              37.7203465
            ],
            [
              -121.1428699,
              37.7202107
            ],
            [
              -121.1429557,
              37.7211612
            ],
            [
              -121.143299,
              37.721908
            ],
            [
              -121.1426124,
              37.7227906
            ],
            [
              -121.1414108,
              37.7232658
            ],
            [
              -121.1391792,
              37.7223153
            ],
            [
              -121.1384067,
              37.7228585
            ],
            [
              -121.1380634,
              37.7235374
            ],
            [
              -121.1371192,
              37.7246915
            ],
            [
              -121.1372909,
              37.7275428
            ],
            [
              -121.1374625,
              37.7288326
            ],
            [
              -121.1415824,
              37.7288326
            ],
            [
              -121.1438998,
              37.7286289
            ],
            [
              -121.1457023,
              37.7284253
            ],
            [
              -121.1474189,
              37.7278822
            ],
            [
              -121.1476764,
              37.7265923
            ],
            [
              -121.1496505,
              37.7253025
            ],
            [
              -121.150938,
              37.724963
            ],
            [
              -121.1512813,
              37.7394897
            ],
            [
              -121.1650142,
              37.7396934
            ],
            [
              -121.1646709,
              37.7253025
            ],
            [
              -121.16613,
              37.7250988
            ],
            [
              -121.1660442,
              37.7179023
            ]
          ]
        ],
        "type": "Polygon"
      },
      "id": "1oEgpLITp0VUE0PJXiU-CQJmEfZnhPqc",
      "properties": {
        "area_sq_km": 3.8386,
        "doc_description": "> North to West Ripon Rd., > South to Moncure Rd & Stanislaus River, > East to S. Mohler Rd. and Robert Ave., >West to S. Frederick Ave.",
        "doc_name": "R13-Rural South Ripon including Jack Tone Golf",
        "fetched_at": "2026-07-27T10:54:28Z",
        "mid": "1oEgpLITp0VUE0PJXiU-CQJmEfZnhPqc",
        "zone_code": "R13"
      },
      "type": "Feature"
    },
    {
      "geometry": {
        "coordinates": [
          [
            [
              -121.2801771,
              37.8556335
            ],
            [
              -121.2825804,
              37.8521773
            ],
            [
              -121.2868719,
              37.8329276
            ],
            [
              -121.2884169,
              37.8298092
            ],
            [
              -121.2879877,
              37.8289279
            ],
            [
              -121.2884169,
              37.8284534
            ],
            [
              -121.2884169,
              37.8264195
            ],
            [
              -121.2750273,
              37.8267585
            ],
            [
              -121.2745981,
              37.8555658
            ],
            [
              -121.2801771,
              37.8556335
            ]
          ]
        ],
        "type": "Polygon"
      },
      "id": "1oS5VWC6089D6LAjPWKJLoUFkzWHFNco",
      "properties": {
        "area_sq_km": 2.8985,
        "doc_description": ">North to Roth Rd., >South to W. Lathrop Rd., >East  to RR Tracks, > West to S. Harlan Rd.",
        "doc_name": "M29-North Lathrop",
        "fetched_at": "2026-07-27T10:54:28Z",
        "mid": "1oS5VWC6089D6LAjPWKJLoUFkzWHFNco",
        "zone_code": "M29"
      },
      "type": "Feature"
    },
    {
      "geometry": {
        "coordinates": [
          [
            [
              -120.9614832,
              37.8350983
            ],
            [
              -120.9608823,
              37.8151662
            ],
            [
              -120.9235889,
              37.8151323
            ],
            [
              -120.9244473,
              37.8351661
            ],
            [
              -120.9614832,
              37.8350983
            ]
          ]
        ],
        "type": "Polygon"
      },
      "id": "1o_I-CFVNFnW7smIBeOOLXLE5Y64cPCo",
      "properties": {
        "area_sq_km": 7.2532,
        "doc_description": ">North to Grooms Rd., >South to Thalheim Colony Rd., >East to Victory Ave., >West to Steinegul Rd.",
        "doc_name": "E53- Rural Northeast Escalon",
        "fetched_at": "2026-07-27T10:54:29Z",
        "mid": "1o_I-CFVNFnW7smIBeOOLXLE5Y64cPCo",
        "zone_code": "E53"
      },
      "type": "Feature"
    },
    {
      "geometry": {
        "coordinates": [
          [
            [
              -121.1239713,
              38.0804615
            ],
            [
              -121.1054746,
              38.1332081
            ],
            [
              -121.1348075,
              38.1325366
            ],
            [
              -121.1644836,
              38.1328705
            ],
            [
              -121.1691186,
              38.1253086
            ],
            [
              -121.1722943,
              38.1178135
            ],
            [
              -121.1753842,
              38.1104527
            ],
            [
              -121.1776158,
              38.1020105
            ],
            [
              -121.1850831,
              38.0790427
            ],
            [
              -121.1239713,
              38.0804615
            ]
          ]
        ],
        "type": "Polygon"
      },
      "id": "1p07lI8hIpY-Fz5cptz93OBTH9OeufUvx",
      "properties": {
        "area_sq_km": 31.4825,
        "doc_description": ">North to Sargent Rd., >South to Live Oak Rd., >East to 3.25 miles east of Hwy 88, >West to Hwy. 88",
        "doc_name": "L19- Rural East Lodi",
        "fetched_at": "2026-07-27T10:54:30Z",
        "mid": "1p07lI8hIpY-Fz5cptz93OBTH9OeufUvx",
        "zone_code": "L19"
      },
      "type": "Feature"
    },
    {
      "geometry": {
        "coordinates": [
          [
            [
              -121.4583748,
              38.0791593
            ],
            [
              -121.4589756,
              38.0432749
            ],
            [
              -121.4332264,
              38.0371234
            ],
            [
              -121.4339131,
              38.0890903
            ],
            [
              -121.4583748,
              38.0791593
            ]
          ]
        ],
        "type": "Polygon"
      },
      "id": "1p9upXXxF-MnxnW-7AVn3XwltAfBt-Ag",
      "properties": {
        "area_sq_km": 10.7362,
        "doc_description": null,
        "doc_name": "D37- Delta Area: Portion of King Island",
        "fetched_at": "2026-07-27T10:54:30Z",
        "mid": "1p9upXXxF-MnxnW-7AVn3XwltAfBt-Ag",
        "zone_code": "D37"
      },
      "type": "Feature"
    },
    {
      "geometry": {
        "coordinates": [
          [
            [
              -120.9706923,
              37.8495833
            ],
            [
              -120.9988019,
              37.849651
            ],
            [
              -120.9978577,
              37.8274857
            ],
            [
              -120.960736,
              37.8272145
            ],
            [
              -120.9609935,
              37.842365
            ],
            [
              -120.961401,
              37.8439451
            ],
            [
              -120.9641261,
              37.8447119
            ],
            [
              -120.9688038,
              37.8474653
            ],
            [
              -120.9706923,
              37.8495833
            ]
          ]
        ],
        "type": "Polygon"
      },
      "id": "1pzrd8Hynh63FfYfcz3qOD73R8FLkBC5G",
      "properties": {
        "area_sq_km": 7.7882,
        "doc_description": ">North to Dove Rd., >South to Lone Tree Rd., >East to Steinegul Rd., >West to Escalon Bellota Rd.",
        "doc_name": "E32b- A Portion of Rural North Escalon",
        "fetched_at": "2026-07-27T10:54:31Z",
        "mid": "1pzrd8Hynh63FfYfcz3qOD73R8FLkBC5G",
        "zone_code": "E32b"
      },
      "type": "Feature"
    },
    {
      "geometry": {
        "coordinates": [
          [
            [
              -121.4601699,
              38.1417051
            ],
            [
              -121.4333908,
              38.1390049
            ],
            [
              -121.4268676,
              38.1777437
            ],
            [
              -121.4582817,
              38.1736953
            ],
            [
              -121.4601699,
              38.1417051
            ]
          ]
        ],
        "type": "Polygon"
      },
      "id": "1q3UOlCS7KtOFsLYlJKcDbKaI-J3jsvbr",
      "properties": {
        "area_sq_km": 9.9765,
        "doc_description": "Portion of Brack Tract",
        "doc_name": "D32A-Portion of Brack Tract",
        "fetched_at": "2026-07-27T10:54:31Z",
        "mid": "1q3UOlCS7KtOFsLYlJKcDbKaI-J3jsvbr",
        "zone_code": "D32A"
      },
      "type": "Feature"
    },
    {
      "geometry": {
        "coordinates": [
          [
            [
              -121.3919459,
              38.0729287
            ],
            [
              -121.4124595,
              38.1152817
            ],
            [
              -121.4314281,
              38.1150116
            ],
            [
              -121.4146911,
              38.0729287
            ],
            [
              -121.3919459,
              38.0729287
            ]
          ]
        ],
        "type": "Polygon"
      },
      "id": "1qpzU3n2VsSwyyJX2HjS9jFjzIumgN_TY",
      "properties": {
        "area_sq_km": 8.5927,
        "doc_description": "North to HWY 12, South to Telephone Cut, East to White Slough, Two Miles West of I-5",
        "doc_name": "L-16 Rural West Lodi",
        "fetched_at": "2026-07-27T10:54:32Z",
        "mid": "1qpzU3n2VsSwyyJX2HjS9jFjzIumgN_TY",
        "zone_code": "L-16"
      },
      "type": "Feature"
    },
    {
      "geometry": {
        "coordinates": [
          [
            [
              -121.3497602,
              38.1008968
            ],
            [
              -121.3499748,
              38.101302
            ],
            [
              -121.3709174,
              38.101606
            ],
            [
              -121.3707458,
              38.0867791
            ],
            [
              -121.3414775,
              38.0864751
            ],
            [
              -121.3497602,
              38.1008968
            ]
          ]
        ],
        "type": "Polygon"
      },
      "id": "1qyqINJ64VL6CFMAUQXpiVPuMDgwqIWnd",
      "properties": {
        "area_sq_km": 3.608,
        "doc_description": ">North to W. Harney Ln., >South to Armstrong Rd., >East to UPRR, >West to Ray Rd.",
        "doc_name": "L2 Rural West Lodi",
        "fetched_at": "2026-07-27T10:54:33Z",
        "mid": "1qyqINJ64VL6CFMAUQXpiVPuMDgwqIWnd",
        "zone_code": "L2"
      },
      "type": "Feature"
    },
    {
      "geometry": {
        "coordinates": [
          [
            [
              -121.4820674,
              38.1858517
            ],
            [
              -121.4935687,
              38.1384092
            ],
            [
              -121.4392379,
              38.1335485
            ],
            [
              -121.4301398,
              38.1801845
            ],
            [
              -121.4820674,
              38.1858517
            ]
          ]
        ],
        "type": "Polygon"
      },
      "id": "1r4icuJ4XB88zAAqj4zKdthWbi7z6vuTs",
      "properties": {
        "area_sq_km": 24.8239,
        "doc_description": "Portions of Brack Tract, Canal Ranch, and Terminous Tract",
        "doc_name": "D5-Brack-CanalRanch-Terminous",
        "fetched_at": "2026-07-27T10:54:33Z",
        "mid": "1r4icuJ4XB88zAAqj4zKdthWbi7z6vuTs",
        "zone_code": "D5"
      },
      "type": "Feature"
    },
    {
      "geometry": {
        "coordinates": [
          [
            [
              -121.312334,
              37.9067199
            ],
            [
              -121.3185996,
              37.8971706
            ],
            [
              -121.2912196,
              37.8971367
            ],
            [
              -121.2914342,
              37.906957
            ],
            [
              -121.2943095,
              37.9063475
            ],
            [
              -121.2984294,
              37.9065506
            ],
            [
              -121.3069266,
              37.9048576
            ],
            [
              -121.3093299,
              37.9053655
            ],
            [
              -121.312334,
              37.9067199
            ]
          ]
        ],
        "type": "Polygon"
      },
      "id": "1rlWOsjJO0Tl1tG6IzhjOoEbiGQTC2a8",
      "properties": {
        "area_sq_km": 2.0992,
        "doc_description": ">North to William Moss Blvd., >South to French Camp Rd., >East to Manthey Rd., Blake Cir., >West to Moraga Ln., Erickson Cir., Pisa Cir.",
        "doc_name": "S55c-  Southwest Stockton- Weston Ranch area: East block",
        "fetched_at": "2026-07-27T10:54:34Z",
        "mid": "1rlWOsjJO0Tl1tG6IzhjOoEbiGQTC2a8",
        "zone_code": "S55c"
      },
      "type": "Feature"
    },
    {
      "geometry": {
        "coordinates": [
          [
            [
              -120.9973124,
              37.8178503
            ],
            [
              -120.9976128,
              37.8177825
            ],
            [
              -120.9971837,
              37.8005246
            ],
            [
              -120.9788588,
              37.8002872
            ],
            [
              -120.9791593,
              37.8110358
            ],
            [
              -120.979288,
              37.8131039
            ],
            [
              -120.9784726,
              37.8140871
            ],
            [
              -120.9786014,
              37.8177825
            ],
            [
              -120.9973124,
              37.8178503
            ]
          ]
        ],
        "type": "Polygon"
      },
      "id": "1s3fX65ZOxRZ_mImydC4gy6mkjO_BKNIq",
      "properties": {
        "area_sq_km": 3.1413,
        "doc_description": ">North to Magnolia Rd., >South to Miller Ave., >East to Campbell Ave., >West to Escalon-Bellota Rd.",
        "doc_name": "E33- North Escalon",
        "fetched_at": "2026-07-27T10:54:35Z",
        "mid": "1s3fX65ZOxRZ_mImydC4gy6mkjO_BKNIq",
        "zone_code": "E33"
      },
      "type": "Feature"
    },
    {
      "geometry": {
        "coordinates": [
          [
            [
              -120.9787046,
              37.8141569
            ],
            [
              -120.978737,
              37.8177932
            ],
            [
              -120.9973358,
              37.8177467
            ],
            [
              -120.9973942,
              37.8101731
            ],
            [
              -120.9969222,
              37.797305
            ],
            [
              -120.9954845,
              37.7965759
            ],
            [
              -120.9928023,
              37.7964742
            ],
            [
              -120.9923946,
              37.7963216
            ],
            [
              -120.9893477,
              37.7940155
            ],
            [
              -120.9870517,
              37.7940156
            ],
            [
              -120.9834682,
              37.7939816
            ],
            [
              -120.9781039,
              37.7940494
            ],
            [
              -120.9782219,
              37.7988394
            ],
            [
              -120.9790694,
              37.8002552
            ],
            [
              -120.9793055,
              37.8132075
            ],
            [
              -120.9787046,
              37.8141569
            ]
          ]
        ],
        "type": "Polygon"
      },
      "id": "1sRtzCJ_TU1A3kb8LcsgjtFHn-MbkzZ0",
      "properties": {
        "area_sq_km": 4.1019,
        "doc_description": ">North to Magnolia Rd., >South to Hwy 120 & California St., > East to Campbell Ave., >West to Escalon-Bellota Rd.",
        "doc_name": "E18D- Portion of North Escalon Area",
        "fetched_at": "2026-07-27T10:54:35Z",
        "mid": "1sRtzCJ_TU1A3kb8LcsgjtFHn-MbkzZ0",
        "zone_code": "E18D"
      },
      "type": "Feature"
    },
    {
      "geometry": {
        "coordinates": [
          [
            [
              -121.3905451,
              38.0867969
            ],
            [
              -121.4018748,
              38.1080063
            ],
            [
              -121.4039347,
              38.1119233
            ],
            [
              -121.4060805,
              38.1157725
            ],
            [
              -121.4268515,
              38.1162452
            ],
            [
              -121.4290831,
              38.1156374
            ],
            [
              -121.4338038,
              38.1154349
            ],
            [
              -121.4345763,
              38.086797
            ],
            [
              -121.3905451,
              38.0867969
            ]
          ]
        ],
        "type": "Polygon"
      },
      "id": "1sYH5f6uQ2kZKy3FfeC0zkGhtJW60FURz",
      "properties": {
        "area_sq_km": 10.1623,
        "doc_description": ">North to Hwy 12, >South to White Sough, >East to 1/2 mile west of I5, >West to 2 & 1/3 miles west of I-5",
        "doc_name": "L14- Rural West Lodi",
        "fetched_at": "2026-07-27T10:54:36Z",
        "mid": "1sYH5f6uQ2kZKy3FfeC0zkGhtJW60FURz",
        "zone_code": "L14"
      },
      "type": "Feature"
    },
    {
      "geometry": {
        "coordinates": [
          [
            [
              -121.3169808,
              38.0426232
            ],
            [
              -121.3172383,
              38.0430626
            ],
            [
              -121.332087,
              38.0432316
            ],
            [
              -121.3320012,
              38.02819
            ],
            [
              -121.3086981,
              38.0281224
            ],
            [
              -121.3169808,
              38.0426232
            ]
          ]
        ],
        "type": "Polygon"
      },
      "id": "1sZnLEPpoTHA8Ozf7av0y3rqw14qghnKC",
      "properties": {
        "area_sq_km": 2.7804,
        "doc_description": ">North to Bear Creek, > South to Mosher Slough, > East to Union Pacific RxR, >West to Davis Rd.",
        "doc_name": "S9- Portion of North Stockton",
        "fetched_at": "2026-07-27T10:54:36Z",
        "mid": "1sZnLEPpoTHA8Ozf7av0y3rqw14qghnKC",
        "zone_code": "S9"
      },
      "type": "Feature"
    },
    {
      "geometry": {
        "coordinates": [
          [
            [
              -120.9789231,
              37.8178102
            ],
            [
              -120.9976771,
              37.8177763
            ],
            [
              -120.9969905,
              37.798382
            ],
            [
              -120.9929994,
              37.7983481
            ],
            [
              -120.992656,
              37.7981446
            ],
            [
              -120.9869912,
              37.7979412
            ],
            [
              -120.9850171,
              37.7985176
            ],
            [
              -120.9782365,
              37.7985176
            ],
            [
              -120.9790948,
              37.8005183
            ],
            [
              -120.9792235,
              37.8132333
            ],
            [
              -120.9784511,
              37.8138436
            ],
            [
              -120.9785798,
              37.817878
            ],
            [
              -120.9789231,
              37.8178102
            ]
          ]
        ],
        "type": "Polygon"
      },
      "id": "1skIsWDdoEa6yXcq2Gcut_h38PctgtP8X",
      "properties": {
        "area_sq_km": 3.4981,
        "doc_description": ">North to Magnolia Rd., >South to Yosemite Ave., >East to Campbell Ave., >West to Escalon-Bellota Rd.",
        "doc_name": "E44- Portion of North Escalon",
        "fetched_at": "2026-07-27T10:54:37Z",
        "mid": "1skIsWDdoEa6yXcq2Gcut_h38PctgtP8X",
        "zone_code": "E44"
      },
      "type": "Feature"
    },
    {
      "geometry": {
        "coordinates": [
          [
            [
              -121.0143317,
              37.7624303
            ],
            [
              -121.0142244,
              37.7565098
            ],
            [
              -121.0130443,
              37.756442
            ],
            [
              -121.0122718,
              37.7562384
            ],
            [
              -121.0111131,
              37.7557294
            ],
            [
              -121.010405,
              37.7551865
            ],
            [
              -121.0109414,
              37.7542026
            ],
            [
              -121.0110273,
              37.7537784
            ],
            [
              -121.0105981,
              37.7523872
            ],
            [
              -121.0100402,
              37.7518952
            ],
            [
              -121.0100188,
              37.7514541
            ],
            [
              -121.0103192,
              37.7511657
            ],
            [
              -121.0076155,
              37.750487
            ],
            [
              -121.007358,
              37.7506737
            ],
            [
              -121.0068645,
              37.7511148
            ],
            [
              -121.006328,
              37.751522
            ],
            [
              -121.0058345,
              37.7516407
            ],
            [
              -121.0053625,
              37.7520818
            ],
            [
              -121.0048904,
              37.7522176
            ],
            [
              -121.0045471,
              37.7524212
            ],
            [
              -121.004311,
              37.752506
            ],
            [
              -121.0033669,
              37.7517256
            ],
            [
              -121.0029807,
              37.7516577
            ],
            [
              -121.0025086,
              37.7517595
            ],
            [
              -121.0022082,
              37.7520818
            ],
            [
              -121.0017361,
              37.7525739
            ],
            [
              -121.0010924,
              37.7531846
            ],
            [
              -121.0006847,
              37.753507
            ],
            [
              -121.0004916,
              37.7533373
            ],
            [
              -121.0001697,
              37.7533543
            ],
            [
              -120.9998049,
              37.7534052
            ],
            [
              -120.9995903,
              37.7536257
            ],
            [
              -120.9989895,
              37.7537784
            ],
            [
              -120.9977021,
              37.7550847
            ],
            [
              -120.9978523,
              37.7554071
            ],
            [
              -120.9981741,
              37.7557803
            ],
            [
              -120.9981741,
              37.75595
            ],
            [
              -120.9985604,
              37.7562553
            ],
            [
              -120.9988179,
              37.7569509
            ],
            [
              -120.9985175,
              37.7576465
            ],
            [
              -120.9977664,
              37.7584607
            ],
            [
              -120.9976591,
              37.7587322
            ],
            [
              -120.9974231,
              37.7589188
            ],
            [
              -120.9961571,
              37.7601402
            ],
            [
              -120.9956421,
              37.7603947
            ],
            [
              -120.9958137,
              37.7610733
            ],
            [
              -120.9967686,
              37.760505
            ],
            [
              -120.9978952,
              37.7599706
            ],
            [
              -120.999011,
              37.7602081
            ],
            [
              -121.000985,
              37.761209
            ],
            [
              -121.0028948,
              37.7623964
            ],
            [
              -121.0086347,
              37.7624135
            ],
            [
              -121.0143317,
              37.7624303
            ]
          ]
        ],
        "type": "Polygon"
      },
      "id": "1t0mLpgcO74l4M4QIge2qBuA2QAQsmvP0",
      "properties": {
        "area_sq_km": 1.4408,
        "doc_description": ">North to Greenleaf Rd., >South to Stanislaus River, >East to Stanislaus River, >West to Brennan Rd",
        "doc_name": "E6-Rural South Escalon",
        "fetched_at": "2026-07-27T10:54:38Z",
        "mid": "1t0mLpgcO74l4M4QIge2qBuA2QAQsmvP0",
        "zone_code": "E6"
      },
      "type": "Feature"
    },
    {
      "geometry": {
        "coordinates": [
          [
            [
              -120.9985051,
              37.8563788
            ],
            [
              -120.9991704,
              37.8793146
            ],
            [
              -121.0413562,
              37.8793993
            ],
            [
              -121.0405622,
              37.8563449
            ],
            [
              -120.9985051,
              37.8563788
            ]
          ]
        ],
        "type": "Polygon"
      },
      "id": "1t9LByRp8iBHLhcVB86ZztvNca5bJ7OI",
      "properties": {
        "area_sq_km": 9.454,
        "doc_description": ">North1/2 mile north of Skiff Rd., >South to Dodds Rd., >East to Escalon Bellota Rd., >West to Temple Creek",
        "doc_name": "E21B- Rural North Escalon- Expanded",
        "fetched_at": "2026-07-27T10:54:38Z",
        "mid": "1t9LByRp8iBHLhcVB86ZztvNca5bJ7OI",
        "zone_code": "E21B"
      },
      "type": "Feature"
    },
    {
      "geometry": {
        "coordinates": [
          [
            [
              -121.4405564,
              37.9943462
            ],
            [
              -121.4439038,
              37.9959696
            ],
            [
              -121.4454058,
              37.9960711
            ],
            [
              -121.446822,
              37.9948874
            ],
            [
              -121.4486674,
              37.9932978
            ],
            [
              -121.4497403,
              37.9929596
            ],
            [
              -121.4511136,
              37.9927228
            ],
            [
              -121.4518002,
              37.9930949
            ],
            [
              -121.4521865,
              37.9930611
            ],
            [
              -121.4533023,
              37.9921479
            ],
            [
              -121.4550618,
              37.9911671
            ],
            [
              -121.4558343,
              37.9905921
            ],
            [
              -121.4569501,
              37.9896112
            ],
            [
              -121.45798,
              37.9891039
            ],
            [
              -121.4592246,
              37.9895774
            ],
            [
              -121.4601687,
              37.9894421
            ],
            [
              -121.4608124,
              37.9892392
            ],
            [
              -121.462057,
              37.9879877
            ],
            [
              -121.4631299,
              37.9873789
            ],
            [
              -121.4650182,
              37.987176
            ],
            [
              -121.4657477,
              37.987176
            ],
            [
              -121.4677647,
              37.9849774
            ],
            [
              -121.4688376,
              37.9839965
            ],
            [
              -121.4699963,
              37.9839288
            ],
            [
              -121.4720134,
              37.9832185
            ],
            [
              -121.4730433,
              37.9825758
            ],
            [
              -121.4731721,
              37.9823052
            ],
            [
              -121.4729146,
              37.9814257
            ],
            [
              -121.4730862,
              37.9808169
            ],
            [
              -121.4739445,
              37.9803095
            ],
            [
              -121.4745024,
              37.9799035
            ],
            [
              -121.4741162,
              37.9792946
            ],
            [
              -121.4738158,
              37.9786857
            ],
            [
              -121.4741162,
              37.9767914
            ],
            [
              -121.474202,
              37.9760133
            ],
            [
              -121.4730862,
              37.9745587
            ],
            [
              -121.4728073,
              37.9723935
            ],
            [
              -121.4730648,
              37.9706343
            ],
            [
              -121.4747814,
              37.9697547
            ],
            [
              -121.4757255,
              37.9693487
            ],
            [
              -121.4763263,
              37.9671158
            ],
            [
              -121.4750389,
              37.9668451
            ],
            [
              -121.4739231,
              37.9659655
            ],
            [
              -121.4700607,
              37.9633941
            ],
            [
              -121.4681724,
              37.9638001
            ],
            [
              -121.4681724,
              37.9648151
            ],
            [
              -121.4657692,
              37.9669128
            ],
            [
              -121.4645675,
              37.9665068
            ],
            [
              -121.4635376,
              37.9658301
            ],
            [
              -121.4640526,
              37.9647475
            ],
            [
              -121.4649109,
              37.9633264
            ],
            [
              -121.4647392,
              37.962379
            ],
            [
              -121.4639667,
              37.961973
            ],
            [
              -121.4626793,
              37.9620407
            ],
            [
              -121.4595035,
              37.9614993
            ],
            [
              -121.4584736,
              37.9608903
            ],
            [
              -121.4583019,
              37.9602812
            ],
            [
              -121.4578727,
              37.9594015
            ],
            [
              -121.4567569,
              37.9583187
            ],
            [
              -121.4555553,
              37.9577096
            ],
            [
              -121.454182,
              37.9566268
            ],
            [
              -121.4519504,
              37.9543258
            ],
            [
              -121.4516929,
              37.953446
            ],
            [
              -121.4508346,
              37.9520925
            ],
            [
              -121.4493755,
              37.9509419
            ],
            [
              -121.4483455,
              37.9508065
            ],
            [
              -121.4474872,
              37.951348
            ],
            [
              -121.4456848,
              37.9508742
            ],
            [
              -121.4452556,
              37.9504004
            ],
            [
              -121.4451698,
              37.9495206
            ],
            [
              -121.4443115,
              37.9494191
            ],
            [
              -121.4440111,
              37.9491483
            ],
            [
              -121.4436249,
              37.9483023
            ],
            [
              -121.4381746,
              37.94837
            ],
            [
              -121.4381317,
              37.9558147
            ],
            [
              -121.4400629,
              37.9558486
            ],
            [
              -121.4405564,
              37.9943462
            ]
          ]
        ],
        "type": "Polygon"
      },
      "id": "1tLFNWvooLxCsWS6xo4g5JBUGQ0y8XUtW",
      "properties": {
        "area_sq_km": 10.682,
        "doc_description": null,
        "doc_name": "D6- West Roberts Island",
        "fetched_at": "2026-07-27T10:54:39Z",
        "mid": "1tLFNWvooLxCsWS6xo4g5JBUGQ0y8XUtW",
        "zone_code": "D6"
      },
      "type": "Feature"
    },
    {
      "geometry": {
        "coordinates": [
          [
            [
              -121.2954133,
              38.0369956
            ],
            [
              -121.2954562,
              38.0318915
            ],
            [
              -121.28668,
              38.0320605
            ],
            [
              -121.2867444,
              38.0283421
            ],
            [
              -121.2842553,
              38.028359
            ],
            [
              -121.2826245,
              38.0284097
            ],
            [
              -121.2791913,
              38.0295253
            ],
            [
              -121.2785261,
              38.0370125
            ],
            [
              -121.2954133,
              38.0369956
            ]
          ]
        ],
        "type": "Polygon"
      },
      "id": "1tSvmBHWIbzHYwEYH0_aZKBAnTyMNQOE",
      "properties": {
        "area_sq_km": 1.064,
        "doc_description": ">North to E. Morada Ln., >South to Sandlewood Dr. & Fox Creek Dr., >East to West Lane and Ledgewood Ave., >West to R&R",
        "doc_name": "S46- Portion of North Stockton",
        "fetched_at": "2026-07-27T10:54:39Z",
        "mid": "1tSvmBHWIbzHYwEYH0_aZKBAnTyMNQOE",
        "zone_code": "S46"
      },
      "type": "Feature"
    },
    {
      "geometry": {
        "coordinates": [
          [
            [
              -121.2582616,
              38.0428864
            ],
            [
              -121.2580041,
              38.024836
            ],
            [
              -121.2576608,
              38.0240923
            ],
            [
              -121.244357,
              38.0242951
            ],
            [
              -121.2416104,
              38.0235514
            ],
            [
              -121.2422112,
              38.0428864
            ],
            [
              -121.2582616,
              38.0428864
            ]
          ]
        ],
        "type": "Polygon"
      },
      "id": "1tXDjVk2vSZyjdRpEXtGXbzXF10_uW8o",
      "properties": {
        "area_sq_km": 2.9568,
        "doc_description": ">North to E Ashley Ln., >South to E. Fopiano Ln., >East to RxR and Alhambra Ave., >West to 99",
        "doc_name": "S59- Portion of Stockton - Morada area",
        "fetched_at": "2026-07-27T10:54:40Z",
        "mid": "1tXDjVk2vSZyjdRpEXtGXbzXF10_uW8o",
        "zone_code": "S59"
      },
      "type": "Feature"
    },
    {
      "geometry": {
        "coordinates": [
          [
            [
              -120.965197,
              37.7805347
            ],
            [
              -120.9649395,
              37.7538019
            ],
            [
              -120.9406065,
              37.7540734
            ],
            [
              -120.9409498,
              37.7616396
            ],
            [
              -120.9406065,
              37.7656768
            ],
            [
              -120.9415078,
              37.7806365
            ],
            [
              -120.965197,
              37.7805347
            ]
          ]
        ],
        "type": "Polygon"
      },
      "id": "1tmqGHtMHIxZZsZ_j8q0fboJHtL-zei2v",
      "properties": {
        "area_sq_km": 6.2866,
        "doc_description": ">North to Lemon Ave., >South to 1/2 mile south of River Rd., >East to Henry Ln., >West to Burwood Rd.",
        "doc_name": "E46- Portion of Rural Southeast Escalon",
        "fetched_at": "2026-07-27T10:54:40Z",
        "mid": "1tmqGHtMHIxZZsZ_j8q0fboJHtL-zei2v",
        "zone_code": "E46"
      },
      "type": "Feature"
    },
    {
      "geometry": {
        "coordinates": [
          [
            [
              -121.2747805,
              37.7462889
            ],
            [
              -121.2751238,
              37.7463567
            ],
            [
              -121.2751238,
              37.7288106
            ],
            [
              -121.2744372,
              37.7278602
            ],
            [
              -121.2729781,
              37.7271813
            ],
            [
              -121.2713044,
              37.7247374
            ],
            [
              -121.2519925,
              37.7246695
            ],
            [
              -121.2521212,
              37.7463907
            ],
            [
              -121.2747805,
              37.7462889
            ]
          ]
        ],
        "type": "Polygon"
      },
      "id": "1u3iEurWbGkJp61wQVGP_YS7BBluM-i-Z",
      "properties": {
        "area_sq_km": 4.795,
        "doc_description": "> North to one mile north of E. McMullin Rd. > South to Perrin Rd., > East to Airport Way, > West to S. Hays Rd.",
        "doc_name": "SC2- Portion of Rural South County- S. of Manteca",
        "fetched_at": "2026-07-27T10:54:41Z",
        "mid": "1u3iEurWbGkJp61wQVGP_YS7BBluM-i-Z",
        "zone_code": "SC2"
      },
      "type": "Feature"
    },
    {
      "geometry": {
        "coordinates": [
          [
            [
              -120.9452483,
              37.7548887
            ],
            [
              -120.9444759,
              37.7533279
            ],
            [
              -120.9429739,
              37.7503758
            ],
            [
              -120.9427593,
              37.7501043
            ],
            [
              -120.9273742,
              37.7501376
            ],
            [
              -120.92762,
              37.7554817
            ],
            [
              -120.9302746,
              37.7567487
            ],
            [
              -120.9306119,
              37.7582192
            ],
            [
              -120.9305997,
              37.7621103
            ],
            [
              -120.9309619,
              37.7693496
            ],
            [
              -120.9407422,
              37.7692398
            ],
            [
              -120.9403989,
              37.7691041
            ],
            [
              -120.94763,
              37.7692909
            ],
            [
              -120.9543034,
              37.7692399
            ],
            [
              -120.956535,
              37.7693756
            ],
            [
              -120.9578225,
              37.7692398
            ],
            [
              -120.9599254,
              37.7693417
            ],
            [
              -120.9567496,
              37.7668991
            ],
            [
              -120.9552476,
              37.7657796
            ],
            [
              -120.9526726,
              37.7636422
            ],
            [
              -120.9506127,
              37.761912
            ],
            [
              -120.9471795,
              37.7582477
            ],
            [
              -120.9452483,
              37.7548887
            ]
          ]
        ],
        "type": "Polygon"
      },
      "id": "1u5vs7fU0PBhKMKQn3oYJW0pYRKWSjBc",
      "properties": {
        "area_sq_km": 3.7301,
        "doc_description": ">North to River Rd., > South to Lee Ave., > East McBride Rd., >West to Santa Fe Rd.",
        "doc_name": "E57C-Rural Southeast Escalon",
        "fetched_at": "2026-07-27T10:54:42Z",
        "mid": "1u5vs7fU0PBhKMKQn3oYJW0pYRKWSjBc",
        "zone_code": "E57C"
      },
      "type": "Feature"
    },
    {
      "geometry": {
        "coordinates": [
          [
            [
              -121.4745049,
              38.1000871
            ],
            [
              -121.473432,
              38.1014886
            ],
            [
              -121.4732818,
              38.1100321
            ],
            [
              -121.4733676,
              38.1154346
            ],
            [
              -121.468089,
              38.1155359
            ],
            [
              -121.4682178,
              38.135623
            ],
            [
              -121.4786033,
              38.1354542
            ],
            [
              -121.4837531,
              38.1327875
            ],
            [
              -121.506112,
              38.1329225
            ],
            [
              -121.5048675,
              38.1320111
            ],
            [
              -121.5032367,
              38.1311672
            ],
            [
              -121.5021209,
              38.1304582
            ],
            [
              -121.5009193,
              38.1301207
            ],
            [
              -121.4996747,
              38.1300532
            ],
            [
              -121.4978723,
              38.1296818
            ],
            [
              -121.4962415,
              38.1287028
            ],
            [
              -121.4950399,
              38.1270149
            ],
            [
              -121.4952545,
              38.1261034
            ],
            [
              -121.495512,
              38.1254957
            ],
            [
              -121.4997606,
              38.1240778
            ],
            [
              -121.5003614,
              38.1227274
            ],
            [
              -121.4994602,
              38.1212081
            ],
            [
              -121.4971856,
              38.1199251
            ],
            [
              -121.4955549,
              38.1186084
            ],
            [
              -121.4963273,
              38.1177981
            ],
            [
              -121.4982156,
              38.1171903
            ],
            [
              -121.5002756,
              38.1168527
            ],
            [
              -121.5050821,
              38.1180007
            ],
            [
              -121.5097169,
              38.1195538
            ],
            [
              -121.5109186,
              38.1182032
            ],
            [
              -121.5123777,
              38.1184733
            ],
            [
              -121.5104036,
              38.1000364
            ],
            [
              -121.4745049,
              38.1000871
            ]
          ]
        ],
        "type": "Polygon"
      },
      "id": "1uxJODTi_UkUv7NO3TzC81aLwUTmWsmU",
      "properties": {
        "area_sq_km": 11.4876,
        "doc_description": null,
        "doc_name": "D53- Portions of Terminous Tract and Bouldin Island",
        "fetched_at": "2026-07-27T10:54:42Z",
        "mid": "1uxJODTi_UkUv7NO3TzC81aLwUTmWsmU",
        "zone_code": "D53"
      },
      "type": "Feature"
    },
    {
      "geometry": {
        "coordinates": [
          [
            [
              -121.1086277,
              37.8419171
            ],
            [
              -121.1454491,
              37.8414426
            ],
            [
              -121.1448483,
              37.8265292
            ],
            [
              -121.1074261,
              37.8268004
            ],
            [
              -121.1079411,
              37.8420527
            ],
            [
              -121.1086277,
              37.8419171
            ]
          ]
        ],
        "type": "Polygon"
      },
      "id": "1uzwkU8J4lDGgRi2hAP4GNawGg-FwtGE",
      "properties": {
        "area_sq_km": 5.4978,
        "doc_description": ">North to one mile north of Lone Tree Rd., >South to   E. Lone Tree Rd., >East to Murphy Rd., >West to Jack Tone Rd.",
        "doc_name": "M34- Rural East Manteca",
        "fetched_at": "2026-07-27T10:54:43Z",
        "mid": "1uzwkU8J4lDGgRi2hAP4GNawGg-FwtGE",
        "zone_code": "M34"
      },
      "type": "Feature"
    },
    {
      "geometry": {
        "coordinates": [
          [
            [
              -121.4775257,
              38.0449832
            ],
            [
              -121.4564114,
              38.0451183
            ],
            [
              -121.4557247,
              38.0968769
            ],
            [
              -121.5033607,
              38.0968094
            ],
            [
              -121.5034466,
              38.0618797
            ],
            [
              -121.4850788,
              38.0617446
            ],
            [
              -121.4850788,
              38.0451183
            ],
            [
              -121.4775257,
              38.0449832
            ]
          ]
        ],
        "type": "Polygon"
      },
      "id": "1v8I_0G7tVX3Z0HWaPlWO6T8-CGsPhzeQ",
      "properties": {
        "area_sq_km": 20.8729,
        "doc_description": null,
        "doc_name": "D23- Delta Area: Portions of Empire Tract and Terminous Tract",
        "fetched_at": "2026-07-27T10:54:43Z",
        "mid": "1v8I_0G7tVX3Z0HWaPlWO6T8-CGsPhzeQ",
        "zone_code": "D23"
      },
      "type": "Feature"
    },
    {
      "geometry": {
        "coordinates": [
          [
            [
              -121.0153209,
              37.798763
            ],
            [
              -121.0149347,
              37.787453
            ],
            [
              -121.006695,
              37.7873682
            ],
            [
              -121.0071241,
              37.7917602
            ],
            [
              -121.0037338,
              37.7917771
            ],
            [
              -121.0038625,
              37.798763
            ],
            [
              -121.0153209,
              37.798763
            ]
          ]
        ],
        "type": "Polygon"
      },
      "id": "1vHXne028-g1KutnOW9aTPpsToG8y1Og",
      "properties": {
        "area_sq_km": 1.124,
        "doc_description": ">North to Yosemite Ave., >South to Ullrey Ave., >East to Irwin Ave., >West to Brennan Rd.",
        "doc_name": "E61a- Portion of West Escalon",
        "fetched_at": "2026-07-27T10:54:44Z",
        "mid": "1vHXne028-g1KutnOW9aTPpsToG8y1Og",
        "zone_code": "E61a"
      },
      "type": "Feature"
    },
    {
      "geometry": {
        "coordinates": [
          [
            [
              -121.2342068,
              37.7896731
            ],
            [
              -121.2341853,
              37.7898426
            ],
            [
              -121.2354084,
              37.7897918
            ],
            [
              -121.2362882,
              37.7899274
            ],
            [
              -121.2377902,
              37.7898935
            ],
            [
              -121.23867,
              37.7899953
            ],
            [
              -121.2410518,
              37.7899613
            ],
            [
              -121.2437554,
              37.7902835
            ],
            [
              -121.2524029,
              37.7904531
            ],
            [
              -121.2524672,
              37.7831273
            ],
            [
              -121.233842,
              37.783229
            ],
            [
              -121.2342068,
              37.7896731
            ]
          ]
        ],
        "type": "Polygon"
      },
      "id": "1vJPXrGdeZDKi648eJfgEEa0EeonEwzc3",
      "properties": {
        "area_sq_km": 1.2556,
        "doc_description": ">North to Wawona St., >South to Hwy 120, >East to S. Union Rd., > West to Airport Way",
        "doc_name": "M4- Portion of South Manteca area",
        "fetched_at": "2026-07-27T10:54:45Z",
        "mid": "1vJPXrGdeZDKi648eJfgEEa0EeonEwzc3",
        "zone_code": "M4"
      },
      "type": "Feature"
    },
    {
      "geometry": {
        "coordinates": [
          [
            [
              -121.4773434,
              38.2458993
            ],
            [
              -121.4781159,
              38.2460004
            ],
            [
              -121.4787596,
              38.2455622
            ],
            [
              -121.4808195,
              38.2445511
            ],
            [
              -121.482107,
              38.2438433
            ],
            [
              -121.482107,
              38.2431355
            ],
            [
              -121.482622,
              38.2424277
            ],
            [
              -121.4836949,
              38.2418209
            ],
            [
              -121.4857548,
              38.2406749
            ],
            [
              -121.4870852,
              38.2398323
            ],
            [
              -121.4872568,
              38.2390233
            ],
            [
              -121.4867419,
              38.237911
            ],
            [
              -121.486141,
              38.2373379
            ],
            [
              -121.4862269,
              38.2362255
            ],
            [
              -121.4870852,
              38.2349783
            ],
            [
              -121.4890593,
              38.2341019
            ],
            [
              -121.4902609,
              38.233158
            ],
            [
              -121.4903038,
              38.2324164
            ],
            [
              -121.4902609,
              38.2301915
            ],
            [
              -121.4909046,
              38.2289779
            ],
            [
              -121.4912909,
              38.2278654
            ],
            [
              -121.4911621,
              38.2256066
            ],
            [
              -121.4771717,
              38.2251009
            ],
            [
              -121.4773434,
              38.2458993
            ]
          ]
        ],
        "type": "Polygon"
      },
      "id": "1vJjHtppgYDKIrbMzxP9ijfeA0NT0a-I",
      "properties": {
        "area_sq_km": 1.9922,
        "doc_description": ">North to +- 1.5 miles north of W. Walnut Grove Rd., >South to W. Walnut Grove Rd., >East to Sacramento County Line, >West to +- .5 mile west of Sacramento County Line",
        "doc_name": "D48- North Delta",
        "fetched_at": "2026-07-27T10:54:45Z",
        "mid": "1vJjHtppgYDKIrbMzxP9ijfeA0NT0a-I",
        "zone_code": "D48"
      },
      "type": "Feature"
    },
    {
      "geometry": {
        "coordinates": [
          [
            [
              -121.2061588,
              37.7056405
            ],
            [
              -121.248446,
              37.6827718
            ],
            [
              -121.2482921,
              37.6813176
            ],
            [
              -121.2478808,
              37.6802711
            ],
            [
              -121.2475198,
              37.6789371
            ],
            [
              -121.2469675,
              37.6776939
            ],
            [
              -121.2464516,
              37.6764712
            ],
            [
              -121.2456365,
              37.67569
            ],
            [
              -121.244994,
              37.6747733
            ],
            [
              -121.2443078,
              37.674094
            ],
            [
              -121.2443508,
              37.6733467
            ],
            [
              -121.2436858,
              37.672158
            ],
            [
              -121.2432246,
              37.6712919
            ],
            [
              -121.242865,
              37.6704851
            ],
            [
              -121.2421703,
              37.6697759
            ],
            [
              -121.2414601,
              37.6689871
            ],
            [
              -121.2410933,
              37.6681982
            ],
            [
              -121.2406838,
              37.6668321
            ],
            [
              -121.2392445,
              37.6656699
            ],
            [
              -121.2376141,
              37.6649223
            ],
            [
              -121.2357264,
              37.6641749
            ],
            [
              -121.2334515,
              37.6634274
            ],
            [
              -121.2312841,
              37.6631895
            ],
            [
              -121.2293421,
              37.663682
            ],
            [
              -121.2297173,
              37.6678434
            ],
            [
              -121.2288161,
              37.6696776
            ],
            [
              -121.2273355,
              37.6698474
            ],
            [
              -121.2250825,
              37.6701532
            ],
            [
              -121.2235804,
              37.6706286
            ],
            [
              -121.2217994,
              37.6715458
            ],
            [
              -121.2227971,
              37.6748577
            ],
            [
              -121.2231084,
              37.6772184
            ],
            [
              -121.2231942,
              37.6791202
            ],
            [
              -121.2233659,
              37.6802071
            ],
            [
              -121.2234089,
              37.6825845
            ],
            [
              -121.2237738,
              37.6844524
            ],
            [
              -121.2215637,
              37.6841467
            ],
            [
              -121.2193322,
              37.6861845
            ],
            [
              -121.2180449,
              37.6873392
            ],
            [
              -121.2165,
              37.688426
            ],
            [
              -121.2145689,
              37.6872372
            ],
            [
              -121.2110928,
              37.6867956
            ],
            [
              -121.2092045,
              37.6870332
            ],
            [
              -121.2080887,
              37.6888331
            ],
            [
              -121.2069732,
              37.6908028
            ],
            [
              -121.2057716,
              37.6926365
            ],
            [
              -121.2073168,
              37.6946402
            ],
            [
              -121.2030252,
              37.6960495
            ],
            [
              -121.2004503,
              37.6968899
            ],
            [
              -121.1985622,
              37.6969153
            ],
            [
              -121.1980257,
              37.6972549
            ],
            [
              -121.1973498,
              37.6970851
            ],
            [
              -121.1957298,
              37.6963041
            ],
            [
              -121.1949146,
              37.6960326
            ],
            [
              -121.1945928,
              37.695625
            ],
            [
              -121.1903229,
              37.6951496
            ],
            [
              -121.1884346,
              37.6967792
            ],
            [
              -121.1841432,
              37.6996314
            ],
            [
              -121.1818035,
              37.7027037
            ],
            [
              -121.1776296,
              37.7069563
            ],
            [
              -121.173354,
              37.7047365
            ],
            [
              -121.1677828,
              37.7066145
            ],
            [
              -121.1646538,
              37.7091833
            ],
            [
              -121.1654928,
              37.7135232
            ],
            [
              -121.1669424,
              37.7158289
            ],
            [
              -121.1695556,
              37.71542
            ],
            [
              -121.1740378,
              37.7140612
            ],
            [
              -121.1753347,
              37.7139929
            ],
            [
              -121.1796356,
              37.7129739
            ],
            [
              -121.1820501,
              37.7127008
            ],
            [
              -121.1912716,
              37.7098143
            ],
            [
              -121.2061588,
              37.7056405
            ]
          ]
        ],
        "type": "Polygon"
      },
      "id": "1vQh5GvLtdaJPHTTtk6J_cjGKFwxMn48",
      "properties": {
        "area_sq_km": 11.7836,
        "doc_description": "Rural South County- South of Manteca to San Joaquin and Stanislaus Rivers and East to ~1 mile East of Austin Rd.",
        "doc_name": "SC10a- Portion of Rural South County",
        "fetched_at": "2026-07-27T10:54:46Z",
        "mid": "1vQh5GvLtdaJPHTTtk6J_cjGKFwxMn48",
        "zone_code": "SC10a"
      },
      "type": "Feature"
    },
    {
      "geometry": {
        "coordinates": [
          [
            [
              -120.9736952,
              37.7941503
            ],
            [
              -120.959855,
              37.7940655
            ],
            [
              -120.9601339,
              37.8037808
            ],
            [
              -120.9736308,
              37.8038147
            ],
            [
              -120.9736952,
              37.7941503
            ]
          ]
        ],
        "type": "Polygon"
      },
      "id": "1vTids3zFJAcli1TPALxYLYVqZZNuwGc",
      "properties": {
        "area_sq_km": 1.2939,
        "doc_description": ">North to Owens Rd. > South to Hwy 120 >East to Steinegul Rd. > West to Yosemite Ave.",
        "doc_name": "E54-Rural East Escalon",
        "fetched_at": "2026-07-27T10:54:46Z",
        "mid": "1vTids3zFJAcli1TPALxYLYVqZZNuwGc",
        "zone_code": "E54"
      },
      "type": "Feature"
    },
    {
      "geometry": {
        "coordinates": [
          [
            [
              -121.493912,
              38.1749218
            ],
            [
              -121.493912,
              38.1373291
            ],
            [
              -121.436663,
              38.1380042
            ],
            [
              -121.4368346,
              38.1746518
            ],
            [
              -121.493912,
              38.1749218
            ]
          ]
        ],
        "type": "Polygon"
      },
      "id": "1vvayjDPp0Qr4mnJcXNipm413z_uf41Bs",
      "properties": {
        "area_sq_km": 20.6303,
        "doc_description": "Portions of Brack Tract & Canal Ranch Tract",
        "doc_name": "D19-A Portion of Brack Tract & Canal Ranch Tract",
        "fetched_at": "2026-07-27T10:54:47Z",
        "mid": "1vvayjDPp0Qr4mnJcXNipm413z_uf41Bs",
        "zone_code": "D19"
      },
      "type": "Feature"
    },
    {
      "geometry": {
        "coordinates": [
          [
            [
              -121.4890197,
              38.1685789
            ],
            [
              -121.4962294,
              38.1342236
            ],
            [
              -121.4390662,
              38.136114
            ],
            [
              -121.4347747,
              38.1701309
            ],
            [
              -121.4890197,
              38.1685789
            ]
          ]
        ],
        "type": "Polygon"
      },
      "id": "1w4m0HR6_JrxOswRP87KSFQ6pt7llvfG7",
      "properties": {
        "area_sq_km": 18.4193,
        "doc_description": "Portions of Brack Tract, Canal Ranch, and Terminous Tract",
        "doc_name": "D4(b)- Brack-Canal Ranch-Terminous",
        "fetched_at": "2026-07-27T10:54:48Z",
        "mid": "1w4m0HR6_JrxOswRP87KSFQ6pt7llvfG7",
        "zone_code": "D4(b)"
      },
      "type": "Feature"
    },
    {
      "geometry": {
        "coordinates": [
          [
            [
              -120.9687802,
              37.7805218
            ],
            [
              -120.9687158,
              37.7759257
            ],
            [
              -120.9644886,
              37.7728219
            ],
            [
              -120.9642097,
              37.7729746
            ],
            [
              -120.9366795,
              37.7729576
            ],
            [
              -120.9367868,
              37.7806066
            ],
            [
              -120.9687802,
              37.7805218
            ]
          ]
        ],
        "type": "Polygon"
      },
      "id": "1wRyuUw34O2SERhvCpVG_LdLiQ6Zn7UQ",
      "properties": {
        "area_sq_km": 2.3184,
        "doc_description": ">North to Lemon Ave. >South to Orange Ave. >East to Sutliff Rd. > West to Harrold Ave. and Santa Fe Rd.",
        "doc_name": "E53a-Rural South Escalon",
        "fetched_at": "2026-07-27T10:54:48Z",
        "mid": "1wRyuUw34O2SERhvCpVG_LdLiQ6Zn7UQ",
        "zone_code": "E53a"
      },
      "type": "Feature"
    },
    {
      "geometry": {
        "coordinates": [
          [
            [
              -121.1184317,
              37.8953931
            ],
            [
              -121.1186892,
              37.8951899
            ],
            [
              -121.0987979,
              37.8847415
            ],
            [
              -121.0733491,
              37.8850633
            ],
            [
              -121.0744211,
              37.9113762
            ],
            [
              -121.0759193,
              37.9110384
            ],
            [
              -121.0779325,
              37.9111745
            ],
            [
              -121.0790405,
              37.9106343
            ],
            [
              -121.0797974,
              37.9093506
            ],
            [
              -121.0811395,
              37.9089502
            ],
            [
              -121.0818497,
              37.9079463
            ],
            [
              -121.0829264,
              37.9066156
            ],
            [
              -121.0839642,
              37.9065275
            ],
            [
              -121.0850954,
              37.9068254
            ],
            [
              -121.0869288,
              37.9067439
            ],
            [
              -121.0875055,
              37.9061067
            ],
            [
              -121.0878864,
              37.9051711
            ],
            [
              -121.0872749,
              37.9045188
            ],
            [
              -121.0878541,
              37.9038237
            ],
            [
              -121.088841,
              37.9037203
            ],
            [
              -121.090042,
              37.9036489
            ],
            [
              -121.0908133,
              37.9026255
            ],
            [
              -121.0912398,
              37.9017302
            ],
            [
              -121.0912345,
              37.9008201
            ],
            [
              -121.0909662,
              37.8998803
            ],
            [
              -121.0919744,
              37.898949
            ],
            [
              -121.0922319,
              37.8988474
            ],
            [
              -121.0925323,
              37.898678
            ],
            [
              -121.0927683,
              37.8984749
            ],
            [
              -121.0931116,
              37.8980685
            ],
            [
              -121.0933262,
              37.8978653
            ],
            [
              -121.093691,
              37.8976452
            ],
            [
              -121.0940987,
              37.897442
            ],
            [
              -121.0945278,
              37.8972557
            ],
            [
              -121.0949784,
              37.8971203
            ],
            [
              -121.0953003,
              37.8970525
            ],
            [
              -121.0956651,
              37.8971033
            ],
            [
              -121.0959011,
              37.897188
            ],
            [
              -121.0960513,
              37.8973742
            ],
            [
              -121.0961157,
              37.8978484
            ],
            [
              -121.0960942,
              37.8980515
            ],
            [
              -121.0963947,
              37.8982886
            ],
            [
              -121.0966521,
              37.8983733
            ],
            [
              -121.0969526,
              37.8983055
            ],
            [
              -121.0974246,
              37.8980685
            ],
            [
              -121.0980254,
              37.8977129
            ],
            [
              -121.0985619,
              37.8971203
            ],
            [
              -121.0990339,
              37.8968493
            ],
            [
              -121.0994631,
              37.8967816
            ],
            [
              -121.0999566,
              37.8967816
            ],
            [
              -121.1004287,
              37.8968324
            ],
            [
              -121.1008149,
              37.896934
            ],
            [
              -121.1012226,
              37.896934
            ],
            [
              -121.1014801,
              37.8968832
            ],
            [
              -121.1017376,
              37.8969509
            ],
            [
              -121.1022741,
              37.8971033
            ],
            [
              -121.1028534,
              37.8972557
            ],
            [
              -121.1035186,
              37.8972896
            ],
            [
              -121.1039478,
              37.8971711
            ],
            [
              -121.1045915,
              37.8969001
            ],
            [
              -121.1055356,
              37.8964091
            ],
            [
              -121.1059433,
              37.8960535
            ],
            [
              -121.106351,
              37.895918
            ],
            [
              -121.1066729,
              37.8957487
            ],
            [
              -121.1071449,
              37.8956471
            ],
            [
              -121.107381,
              37.89541
            ],
            [
              -121.1079603,
              37.8948005
            ],
            [
              -121.1083037,
              37.8949021
            ],
            [
              -121.1085612,
              37.8950883
            ],
            [
              -121.1089688,
              37.89541
            ],
            [
              -121.1095482,
              37.895918
            ],
            [
              -121.1098272,
              37.8961043
            ],
            [
              -121.1105138,
              37.8963244
            ],
            [
              -121.1109859,
              37.8964768
            ],
            [
              -121.1113936,
              37.8967647
            ],
            [
              -121.1117154,
              37.8970525
            ],
            [
              -121.1120588,
              37.8971203
            ],
            [
              -121.1127454,
              37.8971033
            ],
            [
              -121.1136895,
              37.8967308
            ],
            [
              -121.1148912,
              37.8962906
            ],
            [
              -121.1160928,
              37.8963075
            ],
            [
              -121.1169511,
              37.8962906
            ],
            [
              -121.1178523,
              37.8960196
            ],
            [
              -121.1184317,
              37.8953931
            ]
          ]
        ],
        "type": "Polygon"
      },
      "id": "1wfVULwNLV_1eucdgtlfebbeVC6Bd_ks",
      "properties": {
        "area_sq_km": 6.0835,
        "doc_description": ">North to Little John's Creek, >South to 1/2 mile south of Gawne Rd., >East to Country Rd., >West to E. Mariposa Rd.",
        "doc_name": "E63- Portion of Rural Farmington to Country Rd.",
        "fetched_at": "2026-07-27T10:54:49Z",
        "mid": "1wfVULwNLV_1eucdgtlfebbeVC6Bd_ks",
        "zone_code": "E63"
      },
      "type": "Feature"
    },
    {
      "geometry": {
        "coordinates": [
          [
            [
              -121.227175,
              37.8354595
            ],
            [
              -121.2365734,
              37.8354934
            ],
            [
              -121.2362301,
              37.8262738
            ],
            [
              -121.2267458,
              37.826206
            ],
            [
              -121.227175,
              37.8354595
            ]
          ]
        ],
        "type": "Polygon"
      },
      "id": "1wuzueSCOWGq7SnCLvJuGzgEiy1_qCYI",
      "properties": {
        "area_sq_km": 0.8514,
        "doc_description": ">North to Birch Run Way & Freedom Point Way, >South to W. Lathrop Rd., >East to Green Valley Ln & Happy Valley Ln., >West to Union Rd.",
        "doc_name": "M16- North Manteca",
        "fetched_at": "2026-07-27T10:54:49Z",
        "mid": "1wuzueSCOWGq7SnCLvJuGzgEiy1_qCYI",
        "zone_code": "M16"
      },
      "type": "Feature"
    },
    {
      "geometry": {
        "coordinates": [
          [
            [
              -121.0161668,
              37.8349848
            ],
            [
              -121.0156947,
              37.8202735
            ],
            [
              -120.9788304,
              37.8203074
            ],
            [
              -120.9793883,
              37.8348492
            ],
            [
              -121.0161668,
              37.8349848
            ]
          ]
        ],
        "type": "Polygon"
      },
      "id": "1wxv6ufElqpr3thDfeZYs4p10N0inQ0i9",
      "properties": {
        "area_sq_km": 5.2595,
        "doc_description": "> North to one mile north of Lone Tree Rd., > South to one mile south of Lone Tree Rd., > East to Campbell Rd., >West to Brennan Rd.",
        "doc_name": "E8-Rural North Escalon",
        "fetched_at": "2026-07-27T10:54:50Z",
        "mid": "1wxv6ufElqpr3thDfeZYs4p10N0inQ0i9",
        "zone_code": "E8"
      },
      "type": "Feature"
    },
    {
      "geometry": {
        "coordinates": [
          [
            [
              -121.1476371,
              37.7395873
            ],
            [
              -121.215615,
              37.73918
            ],
            [
              -121.2151001,
              37.7072717
            ],
            [
              -121.239476,
              37.7068643
            ],
            [
              -121.2386177,
              37.7030615
            ],
            [
              -121.2387893,
              37.7007526
            ],
            [
              -121.2403343,
              37.6976286
            ],
            [
              -121.2420509,
              37.6955912
            ],
            [
              -121.2439392,
              37.6935537
            ],
            [
              -121.2463424,
              37.6911087
            ],
            [
              -121.248574,
              37.6894786
            ],
            [
              -121.2504623,
              37.6879843
            ],
            [
              -121.2520073,
              37.6858108
            ],
            [
              -121.2532089,
              37.6833654
            ],
            [
              -121.2544105,
              37.6813276
            ],
            [
              -121.2564704,
              37.6798332
            ],
            [
              -121.259217,
              37.6786104
            ],
            [
              -121.2611053,
              37.6782028
            ],
            [
              -121.2638519,
              37.6764366
            ],
            [
              -121.2640235,
              37.6743986
            ],
            [
              -121.261277,
              37.6722247
            ],
            [
              -121.2585304,
              37.6711377
            ],
            [
              -121.2559555,
              37.6693713
            ],
            [
              -121.2538955,
              37.6677407
            ],
            [
              -121.2513206,
              37.6654307
            ],
            [
              -121.250119,
              37.6623052
            ],
            [
              -121.2477157,
              37.6628488
            ],
            [
              -121.2466857,
              37.6643436
            ],
            [
              -121.2465141,
              37.6678766
            ],
            [
              -121.2466857,
              37.6712735
            ],
            [
              -121.2459991,
              37.672904
            ],
            [
              -121.2444541,
              37.672904
            ],
            [
              -121.2430809,
              37.6711377
            ],
            [
              -121.2418792,
              37.6684201
            ],
            [
              -121.2425659,
              37.6670613
            ],
            [
              -121.2413642,
              37.6655666
            ],
            [
              -121.2396476,
              37.6648871
            ],
            [
              -121.2351844,
              37.6638
            ],
            [
              -121.2334678,
              37.6627129
            ],
            [
              -121.2314079,
              37.6628488
            ],
            [
              -121.2300346,
              37.6636641
            ],
            [
              -121.2293479,
              37.6647512
            ],
            [
              -121.2298629,
              37.6659742
            ],
            [
              -121.2293479,
              37.6682842
            ],
            [
              -121.2274597,
              37.669643
            ],
            [
              -121.2248848,
              37.6697789
            ],
            [
              -121.2226532,
              37.6697789
            ],
            [
              -121.2207649,
              37.671817
            ],
            [
              -121.2217948,
              37.6737193
            ],
            [
              -121.2228248,
              37.6757573
            ],
            [
              -121.2226532,
              37.6777953
            ],
            [
              -121.2221382,
              37.679018
            ],
            [
              -121.2224815,
              37.6803766
            ],
            [
              -121.2233398,
              37.6835013
            ],
            [
              -121.2211082,
              37.6826862
            ],
            [
              -121.2195633,
              37.6844523
            ],
            [
              -121.2183616,
              37.6859466
            ],
            [
              -121.2168167,
              37.6875768
            ],
            [
              -121.2151001,
              37.6868975
            ],
            [
              -121.2133834,
              37.6866258
            ],
            [
              -121.2120101,
              37.6854032
            ],
            [
              -121.2084053,
              37.6863541
            ],
            [
              -121.2078903,
              37.6885277
            ],
            [
              -121.2058303,
              37.6909728
            ],
            [
              -121.206517,
              37.693282
            ],
            [
              -121.205487,
              37.6951837
            ],
            [
              -121.2039421,
              37.6951837
            ],
            [
              -121.2023971,
              37.6947762
            ],
            [
              -121.2017105,
              37.696542
            ],
            [
              -121.1994789,
              37.695727
            ],
            [
              -121.1998222,
              37.6938254
            ],
            [
              -121.2015388,
              37.6926029
            ],
            [
              -121.2010238,
              37.690837
            ],
            [
              -121.1989639,
              37.6900219
            ],
            [
              -121.1972473,
              37.6915162
            ],
            [
              -121.1962173,
              37.6927387
            ],
            [
              -121.1960456,
              37.6946404
            ],
            [
              -121.1934707,
              37.6950479
            ],
            [
              -121.1931274,
              37.693282
            ],
            [
              -121.1927841,
              37.6915162
            ],
            [
              -121.1915824,
              37.6900219
            ],
            [
              -121.1895225,
              37.6896144
            ],
            [
              -121.1876342,
              37.6883918
            ],
            [
              -121.1829994,
              37.6877126
            ],
            [
              -121.1811111,
              37.6879843
            ],
            [
              -121.1790512,
              37.6915162
            ],
            [
              -121.1788795,
              37.6934179
            ],
            [
              -121.1802528,
              37.6947762
            ],
            [
              -121.1816261,
              37.6966778
            ],
            [
              -121.1821411,
              37.6987152
            ],
            [
              -121.1756179,
              37.6984436
            ],
            [
              -121.1764762,
              37.7006168
            ],
            [
              -121.1769912,
              37.7021108
            ],
            [
              -121.1785362,
              37.7025182
            ],
            [
              -121.1802528,
              37.7029257
            ],
            [
              -121.1804245,
              37.7044197
            ],
            [
              -121.1781929,
              37.7060494
            ],
            [
              -121.1761329,
              37.705642
            ],
            [
              -121.1763046,
              37.704148
            ],
            [
              -121.1687515,
              37.6993944
            ],
            [
              -121.163945,
              37.7003451
            ],
            [
              -121.1670349,
              37.7022466
            ],
            [
              -121.1654899,
              37.7042839
            ],
            [
              -121.162915,
              37.7040122
            ],
            [
              -121.1596534,
              37.704148
            ],
            [
              -121.1586235,
              37.706321
            ],
            [
              -121.1615417,
              37.7068643
            ],
            [
              -121.1620567,
              37.7083582
            ],
            [
              -121.1591384,
              37.7083582
            ],
            [
              -121.1606834,
              37.7109385
            ],
            [
              -121.1586235,
              37.7118891
            ],
            [
              -121.1569068,
              37.7135187
            ],
            [
              -121.1582801,
              37.7151482
            ],
            [
              -121.1589668,
              37.7173209
            ],
            [
              -121.1563919,
              37.7165062
            ],
            [
              -121.1555336,
              37.7177283
            ],
            [
              -121.1562202,
              37.7189504
            ],
            [
              -121.1548469,
              37.720444
            ],
            [
              -121.153302,
              37.719222
            ],
            [
              -121.1505554,
              37.7194935
            ],
            [
              -121.1464355,
              37.7170493
            ],
            [
              -121.1476371,
              37.7395873
            ]
          ]
        ],
        "type": "Polygon"
      },
      "id": "1xY_NM7SqMbV4LJ85R4eZoBPh4MgjshC2",
      "properties": {
        "area_sq_km": 39.5365,
        "doc_description": null,
        "doc_name": "SC12-West Ripon and South Manteca",
        "fetched_at": "2026-07-27T10:54:51Z",
        "mid": "1xY_NM7SqMbV4LJ85R4eZoBPh4MgjshC2",
        "zone_code": "SC12"
      },
      "type": "Feature"
    },
    {
      "geometry": {
        "coordinates": [
          [
            [
              -121.1305477,
              37.7463618
            ],
            [
              -121.1301748,
              37.7454137
            ],
            [
              -121.1273987,
              37.7435155
            ],
            [
              -121.1240783,
              37.741755
            ],
            [
              -121.1240942,
              37.7486437
            ],
            [
              -121.1241343,
              37.7495429
            ],
            [
              -121.124325,
              37.7576356
            ],
            [
              -121.124529,
              37.7611514
            ],
            [
              -121.1300168,
              37.7611789
            ],
            [
              -121.1299779,
              37.7586835
            ],
            [
              -121.1335223,
              37.7587074
            ],
            [
              -121.133404,
              37.7575089
            ],
            [
              -121.1330281,
              37.7564121
            ],
            [
              -121.1324587,
              37.7549057
            ],
            [
              -121.1313845,
              37.7512651
            ],
            [
              -121.1312987,
              37.7506628
            ],
            [
              -121.1311914,
              37.7503065
            ],
            [
              -121.1311914,
              37.7500266
            ],
            [
              -121.1312021,
              37.7497212
            ],
            [
              -121.1314274,
              37.7491019
            ],
            [
              -121.1317708,
              37.748542
            ],
            [
              -121.1321892,
              37.74805
            ],
            [
              -121.1317815,
              37.7477615
            ],
            [
              -121.1312665,
              37.747507
            ],
            [
              -121.131009,
              37.7473034
            ],
            [
              -121.1309446,
              37.7470659
            ],
            [
              -121.1308588,
              37.7467266
            ],
            [
              -121.130773,
              37.7463533
            ],
            [
              -121.1305477,
              37.7463618
            ]
          ]
        ],
        "type": "Polygon"
      },
      "id": "1y1mS4buUHyjA-Argsco7uayDNj_Bdxo",
      "properties": {
        "area_sq_km": 1.2548,
        "doc_description": ">North to E. River Rd. and Cindy Dr., >South to SR 99, >East to Ripon Rd. >West to Fulton Ave. and Arc Way",
        "doc_name": "R10A- Portion of North Ripon",
        "fetched_at": "2026-07-27T10:54:51Z",
        "mid": "1y1mS4buUHyjA-Argsco7uayDNj_Bdxo",
        "zone_code": "R10A"
      },
      "type": "Feature"
    },
    {
      "geometry": {
        "coordinates": [
          [
            [
              -121.4967073,
              38.0279292
            ],
            [
              -121.5013421,
              37.9502721
            ],
            [
              -121.4404023,
              37.9558218
            ],
            [
              -121.4393724,
              38.0003393
            ],
            [
              -121.4967073,
              38.0279292
            ]
          ]
        ],
        "type": "Polygon"
      },
      "id": "1y5Os-D-OO2hnmBl-y-MGDVtuP-MCWEU",
      "properties": {
        "area_sq_km": 35.509,
        "doc_description": null,
        "doc_name": "D55 - Portions of McDonald Island, Lower Jones Tract and Roberts Island",
        "fetched_at": "2026-07-27T10:54:52Z",
        "mid": "1y5Os-D-OO2hnmBl-y-MGDVtuP-MCWEU",
        "zone_code": "D55"
      },
      "type": "Feature"
    },
    {
      "geometry": {
        "coordinates": [
          [
            [
              -121.2453551,
              38.2188012
            ],
            [
              -121.2446685,
              38.1885849
            ],
            [
              -121.2250133,
              38.1887198
            ],
            [
              -121.2262149,
              38.2189361
            ],
            [
              -121.2453551,
              38.2188012
            ]
          ]
        ],
        "type": "Polygon"
      },
      "id": "1yIBjM8IXS_RghUnZViR_OVnHVOJ0bmg",
      "properties": {
        "area_sq_km": 5.6961,
        "doc_description": ">North to E. Collier Rd., >South to Pelter Rd., >East to Dustin Rd., >West to N. Kennefick Rd.",
        "doc_name": "L30- Rural Acampo",
        "fetched_at": "2026-07-27T10:54:52Z",
        "mid": "1yIBjM8IXS_RghUnZViR_OVnHVOJ0bmg",
        "zone_code": "L30"
      },
      "type": "Feature"
    },
    {
      "geometry": {
        "coordinates": [
          [
            [
              -121.3482677,
              38.0432033
            ],
            [
              -121.3391053,
              38.0355476
            ],
            [
              -121.331874,
              38.0355138
            ],
            [
              -121.3319599,
              38.0430343
            ],
            [
              -121.3482677,
              38.0432033
            ]
          ]
        ],
        "type": "Polygon"
      },
      "id": "1yWr0UtpGfKSuq_ManqHwchd6xMpUoa4",
      "properties": {
        "area_sq_km": 0.8651,
        "doc_description": ">North to Bear Creek, >South to Wagner Heights, >East to Davis Rd., > West to Thornton Rd.",
        "doc_name": "S49-Portion of North Stockton",
        "fetched_at": "2026-07-27T10:54:53Z",
        "mid": "1yWr0UtpGfKSuq_ManqHwchd6xMpUoa4",
        "zone_code": "S49"
      },
      "type": "Feature"
    },
    {
      "geometry": {
        "coordinates": [
          [
            [
              -121.262507,
              37.7019284
            ],
            [
              -121.2982126,
              37.7021321
            ],
            [
              -121.2987276,
              37.6570266
            ],
            [
              -121.2624711,
              37.6568598
            ],
            [
              -121.262507,
              37.7019284
            ]
          ]
        ],
        "type": "Polygon"
      },
      "id": "1yY5svGFRaMdWcO523sc4O-NWVhheKp_3",
      "properties": {
        "area_sq_km": 15.8755,
        "doc_description": null,
        "doc_name": "SC4- Rural South County including San Joaquin River Club",
        "fetched_at": "2026-07-27T10:54:54Z",
        "mid": "1yY5svGFRaMdWcO523sc4O-NWVhheKp_3",
        "zone_code": "SC4"
      },
      "type": "Feature"
    },
    {
      "geometry": {
        "coordinates": [
          [
            [
              -121.2545466,
              37.8338932
            ],
            [
              -121.2526935,
              37.7832707
            ],
            [
              -121.266083,
              37.7836777
            ],
            [
              -121.2667697,
              37.7684812
            ],
            [
              -121.2253993,
              37.7688883
            ],
            [
              -121.2257426,
              37.7604747
            ],
            [
              -121.2063449,
              37.7602033
            ],
            [
              -121.2066882,
              37.7629174
            ],
            [
              -121.1886638,
              37.7627817
            ],
            [
              -121.1895221,
              37.7912748
            ],
            [
              -121.1793941,
              37.7916818
            ],
            [
              -121.1807673,
              37.8194857
            ],
            [
              -121.2082332,
              37.8194179
            ],
            [
              -121.2086623,
              37.8356885
            ],
            [
              -121.2275529,
              37.8354523
            ],
            [
              -121.2362218,
              37.8351811
            ],
            [
              -121.2365222,
              37.8414173
            ],
            [
              -121.2457919,
              37.8414173
            ],
            [
              -121.2456203,
              37.8339609
            ],
            [
              -121.2545466,
              37.8338932
            ]
          ]
        ],
        "type": "Polygon"
      },
      "id": "1ybbg3Kev8Y8DWotjgP2srTyo2u-Zz4E",
      "properties": {
        "area_sq_km": 46.3666,
        "doc_description": null,
        "doc_name": "City of Manteca",
        "fetched_at": "2026-07-27T10:54:54Z",
        "mid": "1ybbg3Kev8Y8DWotjgP2srTyo2u-Zz4E",
        "zone_code": null
      },
      "type": "Feature"
    },
    {
      "geometry": {
        "coordinates": [
          [
            [
              -121.3334961,
              38.0575191
            ],
            [
              -121.3519497,
              38.0576205
            ],
            [
              -121.3509626,
              38.0484625
            ],
            [
              -121.3505764,
              38.0457588
            ],
            [
              -121.3499327,
              38.0445083
            ],
            [
              -121.3485165,
              38.0431902
            ],
            [
              -121.332037,
              38.043224
            ],
            [
              -121.3334961,
              38.0575191
            ]
          ]
        ],
        "type": "Polygon"
      },
      "id": "1z3jUXUMvixSVEvsQxUfPt8nOH-imwds",
      "properties": {
        "area_sq_km": 2.5523,
        "doc_description": ">North to Eight Mile Rd., >South to White Slough, >East to Davis Rd., >West to Thornton Rd.",
        "doc_name": "S59b- Portion of NW Stockton",
        "fetched_at": "2026-07-27T10:54:55Z",
        "mid": "1z3jUXUMvixSVEvsQxUfPt8nOH-imwds",
        "zone_code": "S59b"
      },
      "type": "Feature"
    },
    {
      "geometry": {
        "coordinates": [
          [
            [
              -121.0152209,
              37.9154609
            ],
            [
              -120.9796012,
              37.9157317
            ],
            [
              -120.9802449,
              37.9446395
            ],
            [
              -121.016165,
              37.9444026
            ],
            [
              -121.0152209,
              37.9154609
            ]
          ]
        ],
        "type": "Polygon"
      },
      "id": "1zDW-f0OOPngjsPgBrDDq67vgWi5bX6T6",
      "properties": {
        "area_sq_km": 10.0923,
        "doc_description": null,
        "doc_name": "E35- Farmington Area",
        "fetched_at": "2026-07-27T10:54:55Z",
        "mid": "1zDW-f0OOPngjsPgBrDDq67vgWi5bX6T6",
        "zone_code": "E35"
      },
      "type": "Feature"
    },
    {
      "geometry": {
        "coordinates": [
          [
            [
              -121.3721199,
              38.057857
            ],
            [
              -121.3679571,
              38.0434944
            ],
            [
              -121.3485165,
              38.0431902
            ],
            [
              -121.3499327,
              38.0445083
            ],
            [
              -121.3505764,
              38.0457588
            ],
            [
              -121.3509626,
              38.0484625
            ],
            [
              -121.3519497,
              38.0576205
            ],
            [
              -121.3721199,
              38.057857
            ]
          ]
        ],
        "type": "Polygon"
      },
      "id": "1zIB11Dje98Jnk5FnLLGlhbaO6WAnqPU",
      "properties": {
        "area_sq_km": 2.6557,
        "doc_description": ">North to Eight Mile Rd., >South to White Slough, >East to Thornton Rd., >West to I-5",
        "doc_name": "S59a- Portion of NW Stockton",
        "fetched_at": "2026-07-27T10:54:56Z",
        "mid": "1zIB11Dje98Jnk5FnLLGlhbaO6WAnqPU",
        "zone_code": "S59a"
      },
      "type": "Feature"
    },
    {
      "geometry": {
        "coordinates": [
          [
            [
              -121.5098871,
              38.0343437
            ],
            [
              -121.5128053,
              37.9673853
            ],
            [
              -121.4568437,
              37.9668439
            ],
            [
              -121.457187,
              38.0346141
            ],
            [
              -121.5098871,
              38.0343437
            ]
          ]
        ],
        "type": "Polygon"
      },
      "id": "1zMORm1rymHuKDjgQoeGgjdBYTjH5U5gY",
      "properties": {
        "area_sq_km": 35.6612,
        "doc_description": "Delta area: Portions of McDonald Island, Rindge Tract, Medford Island, Lower Roberts Island, and Lower Jones Tract",
        "doc_name": "D28- Portions of McDonald Island, Rindge Tract, Medford Island, Lower Roberts Island, and Lower Jones Tract",
        "fetched_at": "2026-07-27T10:54:57Z",
        "mid": "1zMORm1rymHuKDjgQoeGgjdBYTjH5U5gY",
        "zone_code": "D28"
      },
      "type": "Feature"
    },
    {
      "geometry": {
        "coordinates": [
          [
            [
              -120.9470412,
              37.8349091
            ],
            [
              -120.9467408,
              37.8129427
            ],
            [
              -120.923824,
              37.8130105
            ],
            [
              -120.9245535,
              37.8350447
            ],
            [
              -120.9470412,
              37.8349091
            ]
          ]
        ],
        "type": "Polygon"
      },
      "id": "1zQ9TEcue0-uNogLWe35z6Vpu5Yw38C0",
      "properties": {
        "area_sq_km": 4.8785,
        "doc_description": ">North to Grooms Rd. > South to OID Canal, >East to Victory Ave. > West to Rufus Ave.",
        "doc_name": "E56-Rural North East Escalon",
        "fetched_at": "2026-07-27T10:54:57Z",
        "mid": "1zQ9TEcue0-uNogLWe35z6Vpu5Yw38C0",
        "zone_code": "E56"
      },
      "type": "Feature"
    },
    {
      "geometry": {
        "coordinates": [
          [
            [
              -121.2422647,
              37.6707894
            ],
            [
              -121.2419214,
              37.6682077
            ],
            [
              -121.2424364,
              37.6671886
            ],
            [
              -121.2418356,
              37.6663733
            ],
            [
              -121.2408485,
              37.6653542
            ],
            [
              -121.2393465,
              37.6650484
            ],
            [
              -121.2344971,
              37.6639273
            ],
            [
              -121.2341967,
              37.663146
            ],
            [
              -121.2327805,
              37.6627043
            ],
            [
              -121.2308063,
              37.6629761
            ],
            [
              -121.2302055,
              37.6633498
            ],
            [
              -121.2291756,
              37.664369
            ],
            [
              -121.2297335,
              37.665558
            ],
            [
              -121.2300768,
              37.6663733
            ],
            [
              -121.2298622,
              37.6681058
            ],
            [
              -121.2290897,
              37.6692608
            ],
            [
              -121.2230387,
              37.6704157
            ],
            [
              -121.2220516,
              37.6705856
            ],
            [
              -121.2214079,
              37.6716726
            ],
            [
              -121.2214937,
              37.6725558
            ],
            [
              -121.2224379,
              37.6737107
            ],
            [
              -121.2231674,
              37.6773112
            ],
            [
              -121.2224808,
              37.6783301
            ],
            [
              -121.2225237,
              37.6789415
            ],
            [
              -121.2229099,
              37.6795189
            ],
            [
              -121.2227812,
              37.680402
            ],
            [
              -121.2231245,
              37.6807077
            ],
            [
              -121.2230816,
              37.6814549
            ],
            [
              -121.2237253,
              37.6830852
            ],
            [
              -121.2238111,
              37.6837984
            ],
            [
              -121.2229958,
              37.6840022
            ],
            [
              -121.2225666,
              37.6835946
            ],
            [
              -121.22188,
              37.6830512
            ],
            [
              -121.2210216,
              37.683187
            ],
            [
              -121.2216225,
              37.6835267
            ],
            [
              -121.2207212,
              37.6840701
            ],
            [
              -121.2199917,
              37.6851569
            ],
            [
              -121.2194767,
              37.6860059
            ],
            [
              -121.2183609,
              37.6860059
            ],
            [
              -121.2176313,
              37.6863795
            ],
            [
              -121.2172451,
              37.6870248
            ],
            [
              -121.2168159,
              37.6880776
            ],
            [
              -121.2163439,
              37.6879757
            ],
            [
              -121.2158289,
              37.6873644
            ],
            [
              -121.2155285,
              37.6869569
            ],
            [
              -121.2135544,
              37.6869229
            ],
            [
              -121.2126102,
              37.6866173
            ],
            [
              -121.212224,
              37.6860059
            ],
            [
              -121.2111511,
              37.685972
            ],
            [
              -121.2104645,
              37.6860739
            ],
            [
              -121.208662,
              37.6866852
            ],
            [
              -121.2084045,
              37.6871606
            ],
            [
              -121.2085762,
              37.6876361
            ],
            [
              -121.208147,
              37.6885531
            ],
            [
              -121.2075462,
              37.689504
            ],
            [
              -121.2059154,
              37.6914736
            ],
            [
              -121.205615,
              37.691983
            ],
            [
              -121.2082758,
              37.694462
            ],
            [
              -121.2097349,
              37.6942583
            ],
            [
              -121.2114086,
              37.6931716
            ],
            [
              -121.2120953,
              37.6932056
            ],
            [
              -121.2146273,
              37.6923566
            ],
            [
              -121.2173738,
              37.6914397
            ],
            [
              -121.2191334,
              37.690319
            ],
            [
              -121.2216654,
              37.6879418
            ],
            [
              -121.2230816,
              37.6851229
            ],
            [
              -121.2262573,
              37.6819304
            ],
            [
              -121.2282743,
              37.6806058
            ],
            [
              -121.2295618,
              37.6805718
            ],
            [
              -121.2308063,
              37.6803001
            ],
            [
              -121.23248,
              37.6801303
            ],
            [
              -121.2338963,
              37.680402
            ],
            [
              -121.2351408,
              37.6808435
            ],
            [
              -121.2367716,
              37.6815908
            ],
            [
              -121.238059,
              37.6829153
            ],
            [
              -121.2428226,
              37.6777187
            ],
            [
              -121.2431231,
              37.6733031
            ],
            [
              -121.2422647,
              37.6707894
            ]
          ]
        ],
        "type": "Polygon"
      },
      "id": "1zR43QiilWe_TRZveFZagCaWv3wJJuHY1",
      "properties": {
        "area_sq_km": 3.7968,
        "doc_description": ">North to Division Rd., >South to San Joaquin and Stanislaus Rivers, >East to Stanislaus River, >West to Two Rivers Rd",
        "doc_name": "SC3- Portion of Rural South County - Division Rd. Area",
        "fetched_at": "2026-07-27T10:54:58Z",
        "mid": "1zR43QiilWe_TRZveFZagCaWv3wJJuHY1",
        "zone_code": "SC3"
      },
      "type": "Feature"
    },
    {
      "geometry": {
        "coordinates": [
          [
            [
              -121.434705,
              37.7175356
            ],
            [
              -121.4255156,
              37.7173488
            ],
            [
              -121.4256022,
              37.7204373
            ],
            [
              -121.4163971,
              37.7204711
            ],
            [
              -121.4162674,
              37.730248
            ],
            [
              -121.420366,
              37.7294504
            ],
            [
              -121.4231979,
              37.7292809
            ],
            [
              -121.4244644,
              37.7290601
            ],
            [
              -121.4349357,
              37.7289583
            ],
            [
              -121.434705,
              37.7175356
            ]
          ]
        ],
        "type": "Polygon"
      },
      "id": "1zZ0onfzW7afRFqQMSVmaAtKpZvGcoOM",
      "properties": {
        "area_sq_km": 1.8643,
        "doc_description": ">North to W. Mt. Diablo Ave., >South to W. Deerwood Ln. and Yosemite Dr., >East to MacArthur Dr. >West to S. Tracy Blvd.",
        "doc_name": "T18A- Portion of Central Tracy",
        "fetched_at": "2026-07-27T10:54:58Z",
        "mid": "1zZ0onfzW7afRFqQMSVmaAtKpZvGcoOM",
        "zone_code": "T18A"
      },
      "type": "Feature"
    },
    {
      "geometry": {
        "coordinates": [
          [
            [
              -121.5081555,
              38.0962724
            ],
            [
              -121.5076405,
              38.0251788
            ],
            [
              -121.4636952,
              38.0246379
            ],
            [
              -121.4652402,
              38.092895
            ],
            [
              -121.5081555,
              38.0962724
            ]
          ]
        ],
        "type": "Polygon"
      },
      "id": "1zxFv3f8h8FSjpFMGLyZXit2oRn6c7UI",
      "properties": {
        "area_sq_km": 29.4396,
        "doc_description": null,
        "doc_name": "D44- North Delta: Empire Tract and surrounding areas.",
        "fetched_at": "2026-07-27T10:54:59Z",
        "mid": "1zxFv3f8h8FSjpFMGLyZXit2oRn6c7UI",
        "zone_code": "D44"
      },
      "type": "Feature"
    }
  ],
  "type": "FeatureCollection"
}
