date,method,target,products,period,time_start,time_end,status,status_text,area_name,zone_code,region,boundary_text,area_sq_km,centroid_lat,centroid_lon,map_url,map_id,observed_via,first_seen
2020-05-04,ground,adult,Evergreen 5-25,morning,05:00,07:00,complete,COMPLETE,Rural East Escalon,E37,Escalon,"North to 1/2 mile north of Owens Rd, South to 1/2 mile south of Owens Rd., East to Steinigal Rd., West Campbell Rd.",2.7523,37.803981,-120.969599,https://www.google.com/maps/d/viewer?mid=1JTr-aBsn6z3UNY1ehKfshesRVV5lWRPH,1JTr-aBsn6z3UNY1ehKfshesRVV5lWRPH,wayback:20210511100406,2026-07-27T10:51:20Z
2020-05-04,ground,adult,Evergreen 5-25,morning,05:00,07:00,complete,COMPLETE,Rural North Escalon,E36,Escalon,"Rural North Escalon, North to Edwards Ave., South to Lone Tree, East to Campbell Rd., West to Droge Rd.",3.5894,37.835033,-120.991499,https://www.google.com/maps/d/viewer?mid=1crzTYx-DRX66jxyCy0MuG7e8aCeWl5xK,1crzTYx-DRX66jxyCy0MuG7e8aCeWl5xK,wayback:20210511100406,2026-07-27T10:51:20Z
2020-06-25,aerial,adult,Dibrom,evening,20:30,22:30,complete,COMPLETE,Rural South County- South of Manteca and West of Ripon to San Joaquin County Line: See Map,SC7,South County,,25.5735,37.698811,-121.205986,https://www.google.com/maps/d/viewer?mid=1eT2bb3UMgtKD5jYJ_ufl1laRSlIP__Mg,1eT2bb3UMgtKD5jYJ_ufl1laRSlIP__Mg,wayback:20200814043508,2026-07-27T10:51:15Z
2020-06-30,aerial,adult,Dibrom,evening,20:45,22:30,complete,COMPLETE,Rural Northeast Escalon,E25,Escalon,"North to Carter Rd., South to Lone Tree Rd., East to Victory Ave /County line, West to Steinegul Rd.",23.1396,37.857031,-120.943496,https://www.google.com/maps/d/viewer?mid=11soOcxIzHKP0ENESAyYxwah8W1s94pum,11soOcxIzHKP0ENESAyYxwah8W1s94pum,wayback:20200814043508,2026-07-27T10:51:15Z
2020-07-02,ground,adult,Evergreen 5-25,evening,20:30,22:30,complete,COMPLETE,Ripon Sewer Plant,R2,Ripon,"North to Doak Rd., South to Stanislaus County Line, East to Stockton Ave., West to Robert Ave.",0.7947,37.726509,-121.130382,https://www.google.com/maps/d/viewer?mid=1UVI-M5eTIEkrLZvrJx2Qwxb6K_VYNYkN,1UVI-M5eTIEkrLZvrJx2Qwxb6K_VYNYkN,wayback:20200814043508,2026-07-27T10:51:15Z
2020-07-02,ground,adult,DeltaGard,morning,05:00,07:00,complete,COMPLETE,Rural North Acampo,L9,Lodi,"North to Liberty Rd., South to E. Spiess Rd., East to Hwy 99, West to N. Lower Sacramento Rd.",0.8753,38.23405,-121.292407,https://www.google.com/maps/d/viewer?mid=1XmqP3iQmEg6GmbNjv5mXEzI2qEMvsQp3,1XmqP3iQmEg6GmbNjv5mXEzI2qEMvsQp3,wayback:20200814043508,2026-07-27T10:51:15Z
2020-07-09,ground,adult,Evergreen 5-25; DeltaGard,evening,20:30,22:30,complete,COMPLETE,Rural Northeast Escalon,E26,Escalon,"North to Carter Rd., South to OID canal, East to SJ County Line, West to S. Henry Rd.",9.8713,37.860062,-120.934623,https://www.google.com/maps/d/viewer?mid=1JcVNtMHV44iDt3_z1H_diKh1dKCSlp5S,1JcVNtMHV44iDt3_z1H_diKh1dKCSlp5S,wayback:20200814043508,2026-07-27T10:51:15Z
2020-07-12,aerial,adult,Dibrom,evening,20:30,23:30,complete,COMPLETE,"Portion of the following Tracts: Brack, Canal Ranch and New Hope",D1,Delta,,31.9591,38.171959,-121.461131,https://www.google.com/maps/d/viewer?mid=1AK7AxtKyqOIUHDQG_gL2iy_a0oIq7gOZ,1AK7AxtKyqOIUHDQG_gL2iy_a0oIq7gOZ,wayback:20200814043508,2026-07-27T10:51:15Z
2020-07-12,aerial,adult,Dibrom,evening,20:30,23:30,complete,COMPLETE,"Portions of the following Tracts: Wright, Shima, Rindge & Lower Roberts Island",D7B,Delta,,20.4011,38.003259,-121.391291,https://www.google.com/maps/d/viewer?mid=1ccSX4vBCCMFm_6LL1T7DlGTAKgUdQuHR,1ccSX4vBCCMFm_6LL1T7DlGTAKgUdQuHR,wayback:20200814043508,2026-07-27T10:51:15Z
2020-07-14,ground,larval,VectoBac WDG,morning,04:00,05:00,complete,COMPLETE,Portion of Southwest Stockton Brookside area,S14,Stockton,"North to Greenbelt area, South to Brookside Rd., West to Brookside Rd., East to Feather River Dr.",0.3284,37.978098,-121.347681,https://www.google.com/maps/d/viewer?mid=1HHSdt7nEi2msZJtKClNUO3eCmHZAk4Vn,1HHSdt7nEi2msZJtKClNUO3eCmHZAk4Vn,wayback:20200814043508,2026-07-27T10:51:15Z
2020-07-16,ground,adult,Evergreen 5-25,evening,20:30,22:30,complete,COMPLETE,Rural East Ripon,R5b,Ripon,"North to East River Rd., South to Stanislaus River, East to Sexton Rd., West to Murphy Rd.",14.5451,37.749809,-121.079451,https://www.google.com/maps/d/viewer?mid=1a_FqzNZDHOF58m_Vj9wSa4lSmnXmQCQ8,1a_FqzNZDHOF58m_Vj9wSa4lSmnXmQCQ8,wayback:20200814043508,2026-07-27T10:51:15Z
2020-07-16,aerial,adult,Dibrom,evening,20:30,22:30,complete,COMPLETE,Rural Northeast Escalon,E27,Escalon,"North to Dodds Rd., South to Hwy 120, East to Victory Ave., West to Steinegul Rd.",23.4443,37.82539,-120.942471,https://www.google.com/maps/d/viewer?mid=12hTw4KyKA0PkHL7yzuLrDvteJSF5rLED,12hTw4KyKA0PkHL7yzuLrDvteJSF5rLED,wayback:20200814043508,2026-07-27T10:51:15Z
2020-07-16,ground,adult,Evergreen 5-25,evening,20:30,22:30,complete,COMPLETE,Rural West Ripon,R4,Ripon,"North to W. Ripon Rd., South to E. Moncure Rd., East to Mohler Rd., West to S. Frederick Ave.",2.7187,37.729826,-121.158765,https://www.google.com/maps/d/viewer?mid=1Y4haE-Hzh0zbo0vuMQcp_IZNEo6LF-xU,1Y4haE-Hzh0zbo0vuMQcp_IZNEo6LF-xU,wayback:20200814043508,2026-07-27T10:51:15Z
2020-07-17,ground,adult,DeltaGard,morning,04:30,06:00,complete,COMPLETE,Eastern Portion of the City of Escalon,E2,Escalon,"North to California St., South to Vine Ave., East to Brook St., West to Main St.",0.722,37.793479,-120.986348,https://www.google.com/maps/d/viewer?mid=1dAECfkRz_7jwCBY8gbsz0rdNKdXfvz0b,1dAECfkRz_7jwCBY8gbsz0rdNKdXfvz0b,wayback:20200814043508,2026-07-27T10:51:15Z
2020-07-17,ground,adult,DeltaGard,morning,04:30,06:00,complete,COMPLETE,Portion of Southwest Manteca,M8,Manteca,"North to W. Woodward Rd., South to 1/2 mile south of Woodward Rd, East to 1/4 mile East of McKinley Rd., West to Mc Kinley Rd. (ADDED 7/16/2020)",0.3343,37.771996,-121.268173,https://www.google.com/maps/d/viewer?mid=12dKcaGWPj5H45k7PDdQ5Gj2TnHhzingg,12dKcaGWPj5H45k7PDdQ5Gj2TnHhzingg,wayback:20200814043508,2026-07-27T10:51:15Z
2020-07-23,ground,adult,Evergreen 5-25; DeltaGard,evening,20:30,22:30,complete,COMPLETE,A Portion of Rural South County,SC1,South County,"North to one mile north of E. McMullin Rd., South to Perrin Rd., East to Airport Way, West to S. Hays Rd.",4.7947,37.735918,-121.263435,https://www.google.com/maps/d/viewer?mid=1dcvrXM7RFuFpl8saR2Bwl08cXfA3CU-C,1dcvrXM7RFuFpl8saR2Bwl08cXfA3CU-C,wayback:20200814043508,2026-07-27T10:51:15Z
2020-07-23,ground,adult,Evergreen 5-25; DeltaGard,evening,20:30,22:30,complete,COMPLETE,Delta - West Portion of Brack Tract,D13,Delta,,18.5103,38.155635,-121.463993,https://www.google.com/maps/d/viewer?mid=1oAMKT4KEYM7ymgN0HY955SXABt5Iy6eu,1oAMKT4KEYM7ymgN0HY955SXABt5Iy6eu,wayback:20200814043508,2026-07-27T10:51:15Z
2020-07-23,ground,adult,Evergreen 5-25; DeltaGard,evening,20:30,22:30,complete,COMPLETE,DeltaWright / Elmwood Tract,D12,Delta,-,8.6345,37.9957,-121.384856,https://www.google.com/maps/d/viewer?mid=11vvIxM7pP2tdGwJBH9n2sT4_KB-vzi7G,11vvIxM7pP2tdGwJBH9n2sT4_KB-vzi7G,wayback:20200814043508,2026-07-27T10:51:15Z
2020-07-23,aerial,adult,Dibrom,evening,20:30,22:30,cancelled,COMPLETED - CANCELED,Portion of Rural South County,SC7,South County,South of Manteca and West Of Ripon to San Joaquin County Line,25.5735,37.698811,-121.205986,https://www.google.com/maps/d/viewer?mid=1eT2bb3UMgtKD5jYJ_ufl1laRSlIP__Mg,1eT2bb3UMgtKD5jYJ_ufl1laRSlIP__Mg,wayback:20200814043508,2026-07-27T10:51:15Z
2020-07-23,aerial,adult,Dibrom,evening,20:30,22:30,cancelled,CANCELED,Rural Northeast Escalon,E27,Escalon,"North to Dodds Rd., South to Hwy 120, East to Victory Ave., West to Steinegul Rd.",23.4443,37.82539,-120.942471,https://www.google.com/maps/d/viewer?mid=12hTw4KyKA0PkHL7yzuLrDvteJSF5rLED,12hTw4KyKA0PkHL7yzuLrDvteJSF5rLED,wayback:20200814043508,2026-07-27T10:51:15Z
2020-07-27,ground,adult,Evergreen 5-25,evening,20:15,22:00,complete,COMPLETE,A Portion of Rural Northeast Escalon,E28,Escalon,"North to Dodds Rd., South to Lone Tree Rd., East to Cometa Rd. & Victory Ave., West to Steinegul Rd.",9.2955,37.840431,-120.945817,https://www.google.com/maps/d/viewer?mid=1nDhGBwsH_MYTdpCfV129HsPT2uvItk7b,1nDhGBwsH_MYTdpCfV129HsPT2uvItk7b,wayback:20200814043508,2026-07-27T10:51:15Z
2020-07-27,ground,adult,Evergreen 5-25,evening,20:15,22:00,complete,COMPLETE,Rural West Ripon,R4,Ripon,"North to W. Ripon Rd., South to E. Moncure Rd., East to Mohler Rd., West to S. Frederick Ave.",2.7187,37.729826,-121.158765,https://www.google.com/maps/d/viewer?mid=1Y4haE-Hzh0zbo0vuMQcp_IZNEo6LF-xU,1Y4haE-Hzh0zbo0vuMQcp_IZNEo6LF-xU,wayback:20200814043508,2026-07-27T10:51:15Z
2020-07-30,ground,adult,Evergreen 5-25,evening,20:15,22:00,complete,COMPLETE,A Portion of Rural East Escalon,E29,Escalon,"North to OID Canal, South to Hwy 120, East to Victory Ave., West to Henry Rd.",3.7529,37.803345,-120.932621,https://www.google.com/maps/d/viewer?mid=1YdE4wGmIItr1fDrb1unsnlFVmpL_Tx5f,1YdE4wGmIItr1fDrb1unsnlFVmpL_Tx5f,wayback:20200814043508,2026-07-27T10:51:15Z
2020-07-30,ground,adult,DeltaGard,morning,05:00,07:00,complete,COMPLETE,A portion of Rural North Tracy,T19,Tracy,"North to Bethany Rd., South to Larch Rd., East to Corral Hollow Rd., West to Lammers Rd.",3.698,37.773089,-121.465235,https://www.google.com/maps/d/viewer?mid=1PPsU-zU4E7o38jewej01KJENgcDijqOW,1PPsU-zU4E7o38jewej01KJENgcDijqOW,wayback:20200814043508,2026-07-27T10:51:15Z
2020-07-30,aerial,adult,Dibrom,evening,20:15,22:30,complete,COMPLETE,Delta Islands,D14,Delta,"Portions of Brack Tract, Terminous Tract, and Empire Tract",42.3253,38.114859,-121.466947,https://www.google.com/maps/d/viewer?mid=1CM0QIkUKKvykwZ_rnzU3pVb_JJ8EqPJo,1CM0QIkUKKvykwZ_rnzU3pVb_JJ8EqPJo,wayback:20200814043508,2026-07-27T10:51:15Z
2020-07-30,aerial,adult,Dibrom,evening,20:15,22:30,complete,COMPLETE,Delta Islands,D2,Delta,"Portions of Shima Tract, Rindge Tract, Wright Tract, Lower Roberts Island",18.0124,38.001048,-121.394973,https://www.google.com/maps/d/viewer?mid=1heJJ35n0Ncl7mExjNCOLOt_OdLoFKLgy,1heJJ35n0Ncl7mExjNCOLOt_OdLoFKLgy,wayback:20200814043508,2026-07-27T10:51:15Z
2020-07-30,ground,adult,Evergreen 5-25,evening,20:15,22:00,complete,COMPLETE,Portion Of Rural East South County,SC3,South County,"North to Division Rd., South to San Joaquin and Stanislaus Rivers, East to Stanislaus River, West to Two Rivers Rd",3.7968,37.677092,-121.228648,https://www.google.com/maps/d/viewer?mid=1zR43QiilWe_TRZveFZagCaWv3wJJuHY1,1zR43QiilWe_TRZveFZagCaWv3wJJuHY1,wayback:20200814043508,2026-07-27T10:51:15Z
2020-07-30,ground,adult,Evergreen 5-25,evening,20:15,22:00,complete,COMPLETE,Portion of Rural North Escalon,E30,Escalon,"North to Dove Rd., South to Lone Tree Rd., East to Campbell Rd., West to Escalon Bellota Rd.",4.1599,37.83841,-120.988868,https://www.google.com/maps/d/viewer?mid=12rjOlHFtjMkuictI7DSJzQio0uk6nz5w,12rjOlHFtjMkuictI7DSJzQio0uk6nz5w,wayback:20200814043508,2026-07-27T10:51:15Z
2020-08-06,ground,adult,Evergreen 5-25; DeltaGard,evening,20:10,22:00,complete,COMPLETE,A Portion of Rural East Ripon,R6,Ripon,"North to East River Rd., South to Stanislaus River, East to Sexton Rd., West to Wagner Rd.",8.2511,37.749998,-121.062134,https://www.google.com/maps/d/viewer?mid=1YL9H_Hvsk8cDWeuU1zLV1nZCaWJG3bh-,1YL9H_Hvsk8cDWeuU1zLV1nZCaWJG3bh-,wayback:20200814043508,2026-07-27T10:51:15Z
2020-08-06,ground,adult,Evergreen 5-25; DeltaGard,evening,20:10,22:00,complete,COMPLETE,Portion of Rural North Escalon,E5,Escalon,"North to one mile north of Lone Tree Rd., South to one mile south of Lone Tree Rd., East to Campbell Rd., West to Brennan Rd.",5.4748,37.827268,-120.997575,https://www.google.com/maps/d/viewer?mid=1XVnBm2Y8vjApBUoMFBHcxv1Y7wKvZZ46,1XVnBm2Y8vjApBUoMFBHcxv1Y7wKvZZ46,wayback:20200814043508,2026-07-27T10:51:15Z
2020-08-06,ground,adult,Evergreen 5-25; DeltaGard,evening,20:10,22:00,complete,COMPLETE,Portion of Rural South Escalon,E9,Escalon,"North to Jones Rd., South to Stanislaus River, East to McHenry Ave., West to Brennan Rd.",3.5805,37.762971,-121.005503,https://www.google.com/maps/d/viewer?mid=1GyYAz3A_1FoOvpTInNSL_E0tBwsWQ2_2,1GyYAz3A_1FoOvpTInNSL_E0tBwsWQ2_2,wayback:20200814043508,2026-07-27T10:51:15Z
2020-08-08,aerial,adult,Dibrom,evening,20:15,23:00,complete,COMPLETE,"Delta Islands- portion of the following tracts: Brack, Canal Ranch and Terminous",D4(b),Delta,,18.4193,38.152114,-121.464831,https://www.google.com/maps/d/viewer?mid=1w4m0HR6_JrxOswRP87KSFQ6pt7llvfG7,1w4m0HR6_JrxOswRP87KSFQ6pt7llvfG7,wayback:20200814043508,2026-07-27T10:51:15Z
2020-08-13,aerial,adult,Dibrom,evening,20:15,23:00,complete,COMPLETE,A Portion of Rural West Ripon,R1B,Ripon,,18.9907,37.6978,-121.202335,https://www.google.com/maps/d/viewer?mid=10QTPiLg-VmCpFCLW34UsEjV9K_6zsibf,10QTPiLg-VmCpFCLW34UsEjV9K_6zsibf,wayback:20200814043508,2026-07-27T10:51:15Z
2020-08-13,aerial,adult,Dibrom,evening,20:15,23:00,complete,COMPLETE,"Delta Islands- portion of the following tracts: Brack, Canal Ranch and Terminous",D4(b),Delta,,18.4193,38.152114,-121.464831,https://www.google.com/maps/d/viewer?mid=1w4m0HR6_JrxOswRP87KSFQ6pt7llvfG7,1w4m0HR6_JrxOswRP87KSFQ6pt7llvfG7,wayback:20200814043508,2026-07-27T10:51:15Z
2020-08-13,aerial,adult,Dibrom,evening,20:15,23:00,complete,COMPLETE,Rural South Escalon,E31,Escalon,"North to Greenleaf Rd. and East River Rd., South to Stanislaus River, East to Henry Rd., West to Sexton Rd.",9.8994,37.756472,-120.97982,https://www.google.com/maps/d/viewer?mid=1g3_UCd6tLmdXxw2_cYkmELfRSbwqM9t8,1g3_UCd6tLmdXxw2_cYkmELfRSbwqM9t8,wayback:20200814043508,2026-07-27T10:51:15Z
2020-08-14,ground,adult,Evergreen 5-25; DeltaGard,morning,04:00,07:00,complete,COMPLETE,A Portion of Rural North Escalon,E5,Escalon,"North to one mile north of Lone Tree Rd., South to one mile south of Lone Tree Rd., East to Campbell Rd., West to Brennan Rd.",5.4748,37.827268,-120.997575,https://www.google.com/maps/d/viewer?mid=1XVnBm2Y8vjApBUoMFBHcxv1Y7wKvZZ46,1XVnBm2Y8vjApBUoMFBHcxv1Y7wKvZZ46,wayback:20200814043508,2026-07-27T10:51:15Z
2020-08-14,ground,adult,Evergreen 5-25; DeltaGard,morning,04:00,07:00,complete,COMPLETE,A Portion of Rural Northeast Escalon,E28,Escalon,"North to Dodds Rd., South to Lone Tree Rd., East to Cometa Rd. & Victory Ave., West to Steinegul Rd.",9.2955,37.840431,-120.945817,https://www.google.com/maps/d/viewer?mid=1nDhGBwsH_MYTdpCfV129HsPT2uvItk7b,1nDhGBwsH_MYTdpCfV129HsPT2uvItk7b,wayback:20200814043508,2026-07-27T10:51:15Z
2020-08-14,ground,adult,Evergreen 5-25; DeltaGard,morning,04:00,07:00,complete,COMPLETE,A Portion of Rural South Farmington,E17,Escalon,"North to Little John Creek, South to 1/2 mile south of Skiff Rd., East to Biederman Way, West to Van Allen Rd.",4.8014,37.872198,-121.041213,https://www.google.com/maps/d/viewer?mid=172FaIzWOcywpL8lfe7mjJ8vcPlNupL9U,172FaIzWOcywpL8lfe7mjJ8vcPlNupL9U,wayback:20200814043508,2026-07-27T10:51:15Z
2020-08-14,ground,adult,Evergreen 5-25; DeltaGard,morning,04:00,07:00,complete,COMPLETE,Delta IslandsWright / Elmwood Tract,D12,Delta,-,8.6345,37.9957,-121.384856,https://www.google.com/maps/d/viewer?mid=11vvIxM7pP2tdGwJBH9n2sT4_KB-vzi7G,11vvIxM7pP2tdGwJBH9n2sT4_KB-vzi7G,wayback:20200814043508,2026-07-27T10:51:15Z
2020-08-14,ground,adult,Evergreen 5-25; DeltaGard,morning,04:00,07:00,complete,COMPLETE,Rural East Lodi,L3,Lodi,"North to E. Sargent Rd., South to E. Harney Ln., East to one mile east of Tully Rd., West to Tully Rd.",5.6911,38.117387,-121.123846,https://www.google.com/maps/d/viewer?mid=1CcmBWbKNLi71Ywn0Ll8_JToDyRF1e86i,1CcmBWbKNLi71Ywn0Ll8_JToDyRF1e86i,wayback:20200814043508,2026-07-27T10:51:15Z
2020-08-19,ground,adult,DeltaGard,morning,05:00,07:00,complete,COMPLETE,A Portion of Rural North Escalon,E32,Escalon,"North to Edwards Ave., South to Lone Tree Rd., East to Steinegul Rd., West to Campbell Rd.",2.8222,37.834832,-120.970382,https://www.google.com/maps/d/viewer?mid=1jcTfl6WPUGgh0g7_rX17F2kWKbC2oEuU,1jcTfl6WPUGgh0g7_rX17F2kWKbC2oEuU,wayback:20201106144111,2026-07-27T10:51:16Z
2020-08-20,ground,adult,Evergreen 5-25; DeltaGard,morning,04:30,06:30,complete,COMPLETE,A Portion of Rural North Escalon,E32,Escalon,"North to Edwards Ave., South to Lone Tree Rd., East to Steinegul Rd., West to Campbell Rd.",2.8222,37.834832,-120.970382,https://www.google.com/maps/d/viewer?mid=1jcTfl6WPUGgh0g7_rX17F2kWKbC2oEuU,1jcTfl6WPUGgh0g7_rX17F2kWKbC2oEuU,wayback:20201106144111,2026-07-27T10:51:16Z
2020-08-20,ground,adult,Evergreen 5-25; DeltaGard,evening,20:00,23:00,cancelled,CANCELED DUE TO SMOKE,A Portion of Rural Northeast Tracy,T20,Tracy,"North to Paradise Cut, South to Canal Blvd., East to Alder Ave., West to Paradise Rd.",3.7714,37.78403,-121.369466,https://www.google.com/maps/d/viewer?mid=1cRxP1kZj9lQL46QaJc2CZ4bsm6maq1zL,1cRxP1kZj9lQL46QaJc2CZ4bsm6maq1zL,wayback:20201106144111,2026-07-27T10:51:16Z
2020-08-20,ground,adult,Evergreen 5-25; DeltaGard,evening,20:00,23:00,cancelled,CANCELED DUE TO SMOKE,A Portion of Rural South County,SC1,South County,"North to one mile north of E. McMullin Rd., South to Perrin Rd., East to Airport Way, West to S. Hays Rd.",4.7947,37.735918,-121.263435,https://www.google.com/maps/d/viewer?mid=1dcvrXM7RFuFpl8saR2Bwl08cXfA3CU-C,1dcvrXM7RFuFpl8saR2Bwl08cXfA3CU-C,wayback:20201106144111,2026-07-27T10:51:16Z
2020-08-20,ground,adult,Evergreen 5-25; DeltaGard,evening,20:00,23:00,cancelled,CANCELED DUE TO SMOKE,A Portion of Rural West Lodi,L10,Lodi,Guard Rd. & White Slough area west of I-5 and south of Hwy 12,2.1605,38.109527,-121.416541,https://www.google.com/maps/d/viewer?mid=1kCjmYdRJwDWlsYgUhVuNHvrtYMq441vu,1kCjmYdRJwDWlsYgUhVuNHvrtYMq441vu,wayback:20201106144111,2026-07-27T10:51:16Z
2020-08-20,ground,adult,Evergreen 5-25; DeltaGard,evening,20:00,23:00,cancelled,CANCELED DUE TO SMOKE,Delta Area: Tracy Blvd. & Middle River,D15,Delta,"North to Hwy 4, South one mile south of Middle River, East to one mile east of Tracy Blvd, West to one mile west of Tracy Blvd.",12.8803,37.886191,-121.453454,https://www.google.com/maps/d/viewer?mid=1P25t-QNvHCVcOXCieQF8buIwituYH59d,1P25t-QNvHCVcOXCieQF8buIwituYH59d,wayback:20201106144111,2026-07-27T10:51:16Z
2020-08-20,ground,adult,Evergreen 5-25; DeltaGard,morning,04:30,06:30,complete,COMPLETE,North Escalon,E33,Escalon,"North to Magnolia Rd., South to Miller Ave., East to Campbell Ave., West to Escalon-Bellota Rd.",3.1413,37.809171,-120.988147,https://www.google.com/maps/d/viewer?mid=1s3fX65ZOxRZ_mImydC4gy6mkjO_BKNIq,1s3fX65ZOxRZ_mImydC4gy6mkjO_BKNIq,wayback:20201106144111,2026-07-27T10:51:16Z
2020-08-20,ground,adult,Evergreen 5-25; DeltaGard,morning,04:30,06:30,complete,COMPLETE,Portion of Rural South County - Division Rd. Area,SC3,South County,"North to Division Rd., South to San Joaquin and Stanislaus Rivers, East to Stanislaus River, West to Two Rivers Rd",3.7968,37.677092,-121.228648,https://www.google.com/maps/d/viewer?mid=1zR43QiilWe_TRZveFZagCaWv3wJJuHY1,1zR43QiilWe_TRZveFZagCaWv3wJJuHY1,wayback:20201106144111,2026-07-27T10:51:16Z
2020-08-20,ground,adult,Evergreen 5-25; DeltaGard,morning,04:30,06:30,complete,COMPLETE,Rural South Escalon,E9,Escalon,"North to Jones Rd., South to Stanislaus River, East to McHenry Ave., West to Brennan Rd.",3.5805,37.762971,-121.005503,https://www.google.com/maps/d/viewer?mid=1GyYAz3A_1FoOvpTInNSL_E0tBwsWQ2_2,1GyYAz3A_1FoOvpTInNSL_E0tBwsWQ2_2,wayback:20201106144111,2026-07-27T10:51:16Z
2020-08-20,ground,adult,Evergreen 5-25; DeltaGard,evening,20:00,23:00,cancelled,CANCELED DUE TO SMOKE,Rural West Ripon,R4,Ripon,"North to W. Ripon Rd., South to E. Moncure Rd., East to Mohler Rd., West to S. Frederick Ave.",2.7187,37.729826,-121.158765,https://www.google.com/maps/d/viewer?mid=1Y4haE-Hzh0zbo0vuMQcp_IZNEo6LF-xU,1Y4haE-Hzh0zbo0vuMQcp_IZNEo6LF-xU,wayback:20201106144111,2026-07-27T10:51:16Z
2020-08-20,ground,adult,Evergreen 5-25; DeltaGard,evening,20:00,23:00,cancelled,CANCELED DUE TO SMOKE,South Side of Staten Island,D9,Delta,,23.5031,38.144262,-121.525597,https://www.google.com/maps/d/viewer?mid=1RIDoVB69vJ0RSN2FNgGRihqKYHPsImv_,1RIDoVB69vJ0RSN2FNgGRihqKYHPsImv_,wayback:20201106144111,2026-07-27T10:51:16Z
2020-08-27,ground,adult,Evergreen 5-25; DeltaGard,evening,19:45,22:00,complete,COMPLETE,A Portion of Rural North Escalon,E5,Escalon,"North to 1/2 mile north of Lone Tree Rd., South to 1/2 mile south of Lone Tree Rd., East to 1/2 mile east of Brennan Rd., West to 1/2 mile west of Brennan Rd.",5.4748,37.827268,-120.997575,https://www.google.com/maps/d/viewer?mid=1XVnBm2Y8vjApBUoMFBHcxv1Y7wKvZZ46,1XVnBm2Y8vjApBUoMFBHcxv1Y7wKvZZ46,wayback:20201106144111,2026-07-27T10:51:16Z
2020-08-27,ground,adult,Evergreen 5-25; DeltaGard,evening,19:45,22:00,complete,COMPLETE,A Portion of Rural Northeast Tracy,T20,Tracy,"North to Paradise Cut, South to Canal Blvd., East to Alder Ave., West to Paradise Rd.",3.7714,37.78403,-121.369466,https://www.google.com/maps/d/viewer?mid=1cRxP1kZj9lQL46QaJc2CZ4bsm6maq1zL,1cRxP1kZj9lQL46QaJc2CZ4bsm6maq1zL,wayback:20201106144111,2026-07-27T10:51:16Z
2020-08-27,ground,adult,Evergreen 5-25; DeltaGard,evening,19:45,22:00,complete,COMPLETE,A Portion of Rural South Manteca,M5,Manteca,"North to W. Ripon Rd., South to Melton Rd., East to Brown Rd., West to S. Union Rd.",6.3933,37.730164,-121.217225,https://www.google.com/maps/d/viewer?mid=15K9q3nAGaeY5piAMGFdsn9jSOTM6aTmC,15K9q3nAGaeY5piAMGFdsn9jSOTM6aTmC,wayback:20201106144111,2026-07-27T10:51:16Z
2020-08-27,ground,adult,Evergreen 5-25; DeltaGard,morning,04:30,07:00,complete,COMPLETE,A Portion of Rural Southeast Escalon,E34,Escalon,"North to Lemon Ave., South to S.S.J.I.D. canal, East to Sutliff Rd., West to Santa Fe Rd. and Harrold Rd.",3.2843,37.77503,-120.951379,https://www.google.com/maps/d/viewer?mid=1PrhNb2mT6Ka8yJVJCtEVTRN1BM9DAixw,1PrhNb2mT6Ka8yJVJCtEVTRN1BM9DAixw,wayback:20201106144111,2026-07-27T10:51:16Z
2020-08-27,ground,adult,Evergreen 5-25; DeltaGard,evening,19:45,22:00,complete,COMPLETE,A Portion of Rural Southwest Lodi,L8,Lodi,"North to W. Kingdom Rd., South to Armstrong Rd., East to I-5 & Thornton Rd., West to UPRR",7.5859,38.097588,-121.365433,https://www.google.com/maps/d/viewer?mid=1SEPCnj_MFGP36mFHmoWEgeT7J_VvCzTB,1SEPCnj_MFGP36mFHmoWEgeT7J_VvCzTB,wayback:20201106144111,2026-07-27T10:51:16Z
2020-08-27,ground,adult,Evergreen 5-25; DeltaGard,evening,19:45,22:00,complete,COMPLETE,Delta Area,D6,Delta,West Roberts Island,10.682,37.97315,-121.45385,https://www.google.com/maps/d/viewer?mid=1tLFNWvooLxCsWS6xo4g5JBUGQ0y8XUtW,1tLFNWvooLxCsWS6xo4g5JBUGQ0y8XUtW,wayback:20201106144111,2026-07-27T10:51:16Z
2020-08-27,aerial,adult,Dibrom,evening,19:45,22:00,complete,COMPLETE,Delta Area West of Lodi,D16,Delta,"Portions of Brack Tract, Terminous Tract including Tower Park, Bouldin Island, and Staten Island",31.9725,38.144971,-121.464694,https://www.google.com/maps/d/viewer?mid=1Z59hWMTgE8agGyd1Lz3EeDve4RNr9E-G,1Z59hWMTgE8agGyd1Lz3EeDve4RNr9E-G,wayback:20201106144111,2026-07-27T10:51:16Z
2020-08-27,ground,adult,Evergreen 5-25; DeltaGard,evening,19:45,22:00,complete,COMPLETE|,Delta Area-,D12,Delta,Wright/Elmwood Tract,8.6345,37.9957,-121.384856,https://www.google.com/maps/d/viewer?mid=11vvIxM7pP2tdGwJBH9n2sT4_KB-vzi7G,11vvIxM7pP2tdGwJBH9n2sT4_KB-vzi7G,wayback:20201106144111,2026-07-27T10:51:16Z
2020-08-27,ground,adult,Evergreen 5-25; DeltaGard,evening,19:45,22:00,complete,COMPLETE,Delta Area: Tracy Blvd. & Middle River,D10,Delta,"North to Hwy 4, South one mile south of Middle River, East to one mile east of Tracy Blvd, West to one mile west of Tracy Blvd.",16.1173,37.890732,-121.454458,https://www.google.com/maps/d/viewer?mid=1mDM-jGSk3NVxcNKjjqgjziorWUGf6i--,1mDM-jGSk3NVxcNKjjqgjziorWUGf6i--,wayback:20201106144111,2026-07-27T10:51:16Z
2020-08-27,ground,adult,Evergreen 5-25; DeltaGard,morning,04:30,07:00,complete,COMPLETE,North Escalon,E33,Escalon,"North to Magnolia Rd., South to Miller Ave., East to Campbell Ave., West to Escalon-Bellota Rd.",3.1413,37.809171,-120.988147,https://www.google.com/maps/d/viewer?mid=1s3fX65ZOxRZ_mImydC4gy6mkjO_BKNIq,1s3fX65ZOxRZ_mImydC4gy6mkjO_BKNIq,wayback:20201106144111,2026-07-27T10:51:16Z
2020-08-27,ground,adult,Evergreen 5-25; DeltaGard,evening,19:45,22:00,complete,COMPLETE,Rural West Ripon,R4,Ripon,"North to W. Ripon Rd., South to E. Moncure Rd., East to Mohler Rd., West to S. Frederick Ave.",2.7187,37.729826,-121.158765,https://www.google.com/maps/d/viewer?mid=1Y4haE-Hzh0zbo0vuMQcp_IZNEo6LF-xU,1Y4haE-Hzh0zbo0vuMQcp_IZNEo6LF-xU,wayback:20201106144111,2026-07-27T10:51:16Z
2020-08-29,ground,adult,Evergreen 5-25,morning,05:00,07:00,complete,COMPLETE,A Portion of Rural Northwest Tracy Area,T21,Tracy,"North to Bethany Rd., South to HWY 205 and W. Grant Line Rd., East to N. Tracy Blvd., West to San Jose Rd.",13.4599,37.769363,-121.464051,https://www.google.com/maps/d/viewer?mid=13Mq_i6MzHtjRMN6hco5Yv2bWqc2hDrSr,13Mq_i6MzHtjRMN6hco5Yv2bWqc2hDrSr,wayback:20201106144111,2026-07-27T10:51:16Z
2020-09-01,ground,adult,Evergreen 5-25; DeltaGard,morning,05:00,07:00,complete,COMPLETE,A Portion of Rural Northwest Tracy Area,T21,Tracy,"North to Bethany Rd., South to HWY 205 and W. Grant Line Rd., East to N. Tracy Blvd., West to San Jose Rd.",13.4599,37.769363,-121.464051,https://www.google.com/maps/d/viewer?mid=13Mq_i6MzHtjRMN6hco5Yv2bWqc2hDrSr,13Mq_i6MzHtjRMN6hco5Yv2bWqc2hDrSr,wayback:20201106144111,2026-07-27T10:51:16Z
2020-09-03,ground,adult,Evergreen 5-25; DeltaGard,evening,19:30,22:00,complete,COMPLETE,A Portion of Rural East Escalon,E29,Escalon,"North to OID Canal, South to Hwy 120, East to Victory Ave., West to Henry Rd.",3.7529,37.803345,-120.932621,https://www.google.com/maps/d/viewer?mid=1YdE4wGmIItr1fDrb1unsnlFVmpL_Tx5f,1YdE4wGmIItr1fDrb1unsnlFVmpL_Tx5f,wayback:20201106144111,2026-07-27T10:51:16Z
2020-09-03,ground,adult,Evergreen 5-25; DeltaGard,evening,19:30,22:00,complete,COMPLETE,A Portion of Rural East Ripon,R6,Ripon,"North to East River Rd., South to Stanislaus River, East to Sexton Rd., West to Wagner Rd.",8.2511,37.749998,-121.062134,https://www.google.com/maps/d/viewer?mid=1YL9H_Hvsk8cDWeuU1zLV1nZCaWJG3bh-,1YL9H_Hvsk8cDWeuU1zLV1nZCaWJG3bh-,wayback:20201106144111,2026-07-27T10:51:16Z
2020-09-03,ground,adult,DeltaGard,morning,05:00,07:00,complete,COMPLETE,A Portion of Rural North Escalon,E30,Escalon,"North to Dove Rd., South to Lone Tree Rd., East to Campbell Rd., West to Escalon Bellota Rd.",4.1599,37.83841,-120.988868,https://www.google.com/maps/d/viewer?mid=12rjOlHFtjMkuictI7DSJzQio0uk6nz5w,12rjOlHFtjMkuictI7DSJzQio0uk6nz5w,wayback:20201106144111,2026-07-27T10:51:16Z
2020-09-03,ground,adult,Evergreen 5-25; DeltaGard,evening,19:30,22:00,complete,COMPLETE,A Portion of Rural Southwest Lodi,L8,Lodi,"North to W. Kingdom Rd., South to Armstrong Rd., West to I-5 & Thornton Rd., East to UPRR",7.5859,38.097588,-121.365433,https://www.google.com/maps/d/viewer?mid=1SEPCnj_MFGP36mFHmoWEgeT7J_VvCzTB,1SEPCnj_MFGP36mFHmoWEgeT7J_VvCzTB,wayback:20201106144111,2026-07-27T10:51:16Z
2020-09-03,aerial,adult,Dibrom,evening,19:30,22:00,complete,COMPLETE,A Portion of Rural West Ripon,R1B,Ripon,,18.9907,37.6978,-121.202335,https://www.google.com/maps/d/viewer?mid=10QTPiLg-VmCpFCLW34UsEjV9K_6zsibf,10QTPiLg-VmCpFCLW34UsEjV9K_6zsibf,wayback:20201106144111,2026-07-27T10:51:16Z
2020-09-03,aerial,adult,Dibrom,evening,19:30,22:00,complete,COMPLETE,Delta Area West Of Lodi,D17,Delta,"Portions of Brack Tract, Terminous Tract including Tower Park, Bouldin Island, and Staten Island",61.1567,38.155578,-121.479914,https://www.google.com/maps/d/viewer?mid=1LQZcE94-rLhxU1paWW1atApDz3ImdiAh,1LQZcE94-rLhxU1paWW1atApDz3ImdiAh,wayback:20201106144111,2026-07-27T10:51:16Z
2020-09-03,aerial,adult,Dibrom,evening,19:30,22:00,complete,COMPLETE,Delta Area West of Stockton,D2,Delta,"Portions of Shima Tract, Rindge Tract, Wright Tract, Lower Roberts Island",18.0124,38.001048,-121.394973,https://www.google.com/maps/d/viewer?mid=1heJJ35n0Ncl7mExjNCOLOt_OdLoFKLgy,1heJJ35n0Ncl7mExjNCOLOt_OdLoFKLgy,wayback:20201106144111,2026-07-27T10:51:16Z
2020-09-03,ground,adult,Evergreen 5-25; DeltaGard,evening,19:30,22:00,complete,COMPLETE,Delta Area: Tracy Blvd. & Middle River,D10,Delta,"North to Hwy 4, South one mile south of Middle River, East to one mile east of Tracy Blvd, West to one mile west of Tracy Blvd.",16.1173,37.890732,-121.454458,https://www.google.com/maps/d/viewer?mid=1mDM-jGSk3NVxcNKjjqgjziorWUGf6i--,1mDM-jGSk3NVxcNKjjqgjziorWUGf6i--,wayback:20201106144111,2026-07-27T10:51:16Z
2020-09-10,ground,adult,Evergreen 5-25; DeltaGard,evening,19:25,22:00,complete,COMPLETE,A Portion of Rural East Escalon,E3,Escalon,"North to Dutra Ln., South to Hwy 120, East to Victory Ave., West to Henry Rd. Added 9/10/2020",5.4976,37.807851,-120.932812,https://www.google.com/maps/d/viewer?mid=19r5y1HrE-5wDMUVUYma-rZ71_6Kn8ymQ,19r5y1HrE-5wDMUVUYma-rZ71_6Kn8ymQ,wayback:20201106144111,2026-07-27T10:51:16Z
2020-09-10,ground,adult,Evergreen 5-25; DeltaGard,evening,19:25,22:00,complete,COMPLETE,A Portion of Rural North Escalon,E22,Escalon,"North to Edwards Ave., South to Magnolia Rd., East to Campbell Rd., West to Brennan Rd.",9.2607,37.829902,-120.997785,https://www.google.com/maps/d/viewer?mid=1kOrmmFJrPoNt8y7YkdZGORIxkcBAe4do,1kOrmmFJrPoNt8y7YkdZGORIxkcBAe4do,wayback:20201106144111,2026-07-27T10:51:16Z
2020-09-10,ground,adult,Evergreen 5-25; DeltaGard,evening,19:25,22:00,complete,COMPLETE,A Portion of Rural Northeast Escalon,E28,Escalon,"North to Dodds Rd., South to Lone Tree Rd., East to Cometa Rd. & Victory Ave., West to Steinegul Rd.",9.2955,37.840431,-120.945817,https://www.google.com/maps/d/viewer?mid=1nDhGBwsH_MYTdpCfV129HsPT2uvItk7b,1nDhGBwsH_MYTdpCfV129HsPT2uvItk7b,wayback:20201106144111,2026-07-27T10:51:16Z
2020-09-10,ground,adult,Evergreen 5-25; DeltaGard,evening,19:25,22:00,complete,COMPLETE,A Portion of Rural South County - Division Rd. Area,SC8B,South County,"North to Avenue D & Division Rd., South to San Joaquin and Stanislaus Rivers, East to Stanislaus River, West to Two Rivers Rd. Added 9/10/2020",7.575,37.683736,-121.23097,https://www.google.com/maps/d/viewer?mid=12pIzSEWaFB7oKf8CyTs4Ubweu52hngAB,12pIzSEWaFB7oKf8CyTs4Ubweu52hngAB,wayback:20201106144111,2026-07-27T10:51:16Z
2020-09-10,ground,adult,Evergreen 5-25; DeltaGard,evening,19:25,22:00,complete,COMPLETE,A Portion of Rural South Manteca,M5,Manteca,"North to W. Ripon Rd., South to Melton Rd., East to Brown Rd., West to S. Union Rd. Added 9/10/2020",6.3933,37.730164,-121.217225,https://www.google.com/maps/d/viewer?mid=15K9q3nAGaeY5piAMGFdsn9jSOTM6aTmC,15K9q3nAGaeY5piAMGFdsn9jSOTM6aTmC,wayback:20201106144111,2026-07-27T10:51:16Z
2020-09-10,ground,adult,Evergreen 5-25; DeltaGard,evening,19:25,22:00,complete,COMPLETE,A Portion of Rural Southwest Lodi,L12,Lodi,"North to Hwy 12, South to Rio Blanco Rd., East to I-5, West to White Slough Added 9/10/2020",7.9862,38.09486,-121.396267,https://www.google.com/maps/d/viewer?mid=1CfNrIfcvBoBkSHD4tRI4RVY-ck9AMw_A,1CfNrIfcvBoBkSHD4tRI4RVY-ck9AMw_A,wayback:20201106144111,2026-07-27T10:51:16Z
2020-09-10,ground,adult,Evergreen 5-25; DeltaGard,evening,19:25,22:00,complete,COMPLETE,Delta Area- A Portion of Terminous Tract including Tower Park Marina,D18,Delta,"North to Hwy 12, South to N. Peatland Rd., East to N. Peatland Rd., West to Potato Rd. Added 9/10/2020",5.6916,38.108359,-121.474897,https://www.google.com/maps/d/viewer?mid=1LyQTi41capDJlbp2poiBLJkV_Mb-HdDX,1LyQTi41capDJlbp2poiBLJkV_Mb-HdDX,wayback:20201106144111,2026-07-27T10:51:16Z
2020-09-10,ground,adult,Evergreen 5-25; DeltaGard,evening,19:25,22:00,complete,COMPLETE,Delta Area- West Portion of Brack Tract,D13,Delta,Added 9/10/2020,18.5103,38.155635,-121.463993,https://www.google.com/maps/d/viewer?mid=1oAMKT4KEYM7ymgN0HY955SXABt5Iy6eu,1oAMKT4KEYM7ymgN0HY955SXABt5Iy6eu,wayback:20201106144111,2026-07-27T10:51:16Z
2020-09-11,ground,adult,Evergreen 5-25; DeltaGard,morning,04:00,06:00,complete,COMPLETE,A Portion of Southeast Tracy,T8,Tracy,"North to RXR, South to W. Schulte Rd. & Yosemite Dr., East to S. MacArthur Dr., West to Tracy Blvd. Added 9/10/2020",2.076,37.728246,-121.423693,https://www.google.com/maps/d/viewer?mid=1Bihkxw0tVodvVbemZ4mI_OmNUXVDqLvF,1Bihkxw0tVodvVbemZ4mI_OmNUXVDqLvF,wayback:20201106144111,2026-07-27T10:51:16Z
2020-09-12,ground,adult,Evergreen 5-25,morning,05:00,07:00,complete,COMPLETE,Portion of Rural South Farmington,E17,Escalon,"North to Little John Creek, South to 1/2 mile south of Skiff Rd., East to Biederman Way, West to Van Allen Rd.",4.8014,37.872198,-121.041213,https://www.google.com/maps/d/viewer?mid=172FaIzWOcywpL8lfe7mjJ8vcPlNupL9U,172FaIzWOcywpL8lfe7mjJ8vcPlNupL9U,wayback:20201106144111,2026-07-27T10:51:16Z
2020-09-15,ground,adult,Evergreen 5-25; DeltaGard,evening,19:15,22:00,complete,COMPLETE,Rural East Lodi,L3,Lodi,"North to E. Sargent Rd., South to E. Harney Ln., East to one mile east of Tully Rd., West to Tully Rd.",5.6911,38.117387,-121.123846,https://www.google.com/maps/d/viewer?mid=1CcmBWbKNLi71Ywn0Ll8_JToDyRF1e86i,1CcmBWbKNLi71Ywn0Ll8_JToDyRF1e86i,wayback:20201106144111,2026-07-27T10:51:16Z
2020-09-15,ground,adult,Evergreen 5-25; DeltaGard,morning,06:00,08:00,complete,COMPLETE,Rural Southeast Escalon,E34,Escalon,"North to Lemon Ave., South to S.S.J.I.D canal, East to Sutliff Rd., West to Santa Fe Rd. and Harrold Rd.",3.2843,37.77503,-120.951379,https://www.google.com/maps/d/viewer?mid=1PrhNb2mT6Ka8yJVJCtEVTRN1BM9DAixw,1PrhNb2mT6Ka8yJVJCtEVTRN1BM9DAixw,wayback:20201106144111,2026-07-27T10:51:16Z
2020-09-15,ground,adult,Evergreen 5-25; DeltaGard,evening,19:15,22:00,complete,COMPLETE,Rural Southeast Lodi,L7,Lodi,"North to South Paddy Creek, South to Tokay Colony Rd., East to Jack Tone Rd., West to Hibbard Rd.",1.703,38.089184,-121.158941,https://www.google.com/maps/d/viewer?mid=1btUEfkrhCAKZRDKnXausmTmGRoLjDm77,1btUEfkrhCAKZRDKnXausmTmGRoLjDm77,wayback:20201106144111,2026-07-27T10:51:16Z
2020-09-16,ground,adult,Evergreen 5-25; DeltaGard,morning,06:00,07:30,complete,COMPLETE,A Portion of Rural West Lodi,L10,Lodi,Guard Rd. & White Slough area west of I-5 and south of Hwy 12.,2.1605,38.109527,-121.416541,https://www.google.com/maps/d/viewer?mid=1kCjmYdRJwDWlsYgUhVuNHvrtYMq441vu,1kCjmYdRJwDWlsYgUhVuNHvrtYMq441vu,wayback:20201106144111,2026-07-27T10:51:16Z
2020-09-16,aerial,adult,Dibrom,evening,19:00,22:00,complete,COMPLETE,Delta Area- Portions of Brack Tract & Canal Ranch,D19,Delta,,20.6303,38.156217,-121.465452,https://www.google.com/maps/d/viewer?mid=1vvayjDPp0Qr4mnJcXNipm413z_uf41Bs,1vvayjDPp0Qr4mnJcXNipm413z_uf41Bs,wayback:20201106144111,2026-07-27T10:51:16Z
2020-09-16,ground,larval,VectoBac WDG,morning,04:00,06:00,complete,COMPLETE,Portion of Southwest Stockton Brookside area,S14,Stockton,"North to Greenbelt area, South to Brookside Rd., West to Brookside Rd., East to Feather River Dr.",0.3284,37.978098,-121.347681,https://www.google.com/maps/d/viewer?mid=1HHSdt7nEi2msZJtKClNUO3eCmHZAk4Vn,1HHSdt7nEi2msZJtKClNUO3eCmHZAk4Vn,wayback:20201106144111,2026-07-27T10:51:16Z
2020-09-17,aerial,adult,Dibrom,evening,19:00,22:00,complete,COMPLETE,A Portion of Rural South County,SC6,South County,,9.4377,37.731836,-121.264245,https://www.google.com/maps/d/viewer?mid=1f0-bFLjD5HOZiYHtBvIRbEUokEX27sXW,1f0-bFLjD5HOZiYHtBvIRbEUokEX27sXW,wayback:20201106144111,2026-07-27T10:51:16Z
2020-09-17,aerial,adult,Dibrom,evening,19:00,22:00,complete,COMPLETE,Rural Northeast Escalon,E27,Escalon,"North to Dodds Rd., South to Hwy 120, East to Victory Ave., West to Steinegul Rd.",23.4443,37.82539,-120.942471,https://www.google.com/maps/d/viewer?mid=12hTw4KyKA0PkHL7yzuLrDvteJSF5rLED,12hTw4KyKA0PkHL7yzuLrDvteJSF5rLED,wayback:20201106144111,2026-07-27T10:51:16Z
2020-09-18,ground,adult,DeltaGard,morning,04:00,05:00,complete,COMPLETE,Portion of Southwest Stockton Brookside area,S14,Stockton,"North to Greenbelt area, South to Brookside Rd., West to Brookside Rd., East to Feather River Dr. Added 9-17-2020",0.3284,37.978098,-121.347681,https://www.google.com/maps/d/viewer?mid=1HHSdt7nEi2msZJtKClNUO3eCmHZAk4Vn,1HHSdt7nEi2msZJtKClNUO3eCmHZAk4Vn,wayback:20201106144111,2026-07-27T10:51:16Z
2020-09-19,ground,adult,Evergreen 5-25; DeltaGard,morning,06:00,08:00,complete,COMPLETE,Rural Southeast Escalon,E34,Escalon,"North to Lemon Ave., South to S.S.J.I.D canal, East to Sutliff Rd., West to Santa Fe Rd. and Harrold Rd.",3.2843,37.77503,-120.951379,https://www.google.com/maps/d/viewer?mid=1PrhNb2mT6Ka8yJVJCtEVTRN1BM9DAixw,1PrhNb2mT6Ka8yJVJCtEVTRN1BM9DAixw,wayback:20201106144111,2026-07-27T10:51:16Z
2020-09-21,aerial,adult,Dibrom,evening,19:00,22:00,complete,COMPLETE,Farmington Area,E35,Escalon,,10.0923,37.930079,-120.997812,https://www.google.com/maps/d/viewer?mid=1zDW-f0OOPngjsPgBrDDq67vgWi5bX6T6,1zDW-f0OOPngjsPgBrDDq67vgWi5bX6T6,wayback:20201106144111,2026-07-27T10:51:16Z
2020-09-21,ground,adult,Evergreen 5-25; DeltaGard,evening,19:00,22:00,complete,COMPLETE,Rural East Lodi,L3,Lodi,"North to E. Sargent Rd., South to E. Harney Ln., East to one mile east of Tully Rd., West to Tully Rd.",5.6911,38.117387,-121.123846,https://www.google.com/maps/d/viewer?mid=1CcmBWbKNLi71Ywn0Ll8_JToDyRF1e86i,1CcmBWbKNLi71Ywn0Ll8_JToDyRF1e86i,wayback:20201106144111,2026-07-27T10:51:16Z
2020-09-21,ground,adult,Evergreen 5-25; DeltaGard,evening,19:00,22:00,complete,COMPLETE,Rural North Victor,L13,Lodi,"North to Schmeidt Rd., South to .25 miles south of Kirschenman Rd., East to Mokelumne River, West to Bruella Rd.",0.8643,38.14948,-121.200429,https://www.google.com/maps/d/viewer?mid=1V7P5x_TBOE9iyAM4Qso7iysno1I4HtNl,1V7P5x_TBOE9iyAM4Qso7iysno1I4HtNl,wayback:20201106144111,2026-07-27T10:51:16Z
2020-09-21,aerial,adult,Dibrom,evening,19:00,22:00,complete,COMPLETE,Rural South County West of San Joaquin River,SC9,South County,,11.3678,37.669591,-121.295186,https://www.google.com/maps/d/viewer?mid=1-ZJkElzd12Qnb4MTm1q3Tkz-q0pEf2kH,1-ZJkElzd12Qnb4MTm1q3Tkz-q0pEf2kH,wayback:20201106144111,2026-07-27T10:51:16Z
2020-09-22,aerial,adult,Dibrom,evening,19:00,22:00,complete,COMPLETE,Delta Area- Portions of,D20,Delta,"Delta Area- Portions of: Brack Tract, Terminous Tract, Canal Ranch Tract, and Staten Island: Spray block expanded from original post on 9/21/2020",48.6023,38.154063,-121.484051,https://www.google.com/maps/d/viewer?mid=1eerPYLmEgQBgeRIY0FgZiZMwshAK5ABd,1eerPYLmEgQBgeRIY0FgZiZMwshAK5ABd,wayback:20201106144111,2026-07-27T10:51:16Z
2020-09-24,ground,adult,Evergreen 5-25; DeltaGard,evening,19:00,22:00,complete,COMPLETE,A Portion Rural East Escalon,E3,Escalon,"North to Dutra Ln., South to Hwy 120, East to Victory Ave., West to Henry Rd.",5.4976,37.807851,-120.932812,https://www.google.com/maps/d/viewer?mid=19r5y1HrE-5wDMUVUYma-rZ71_6Kn8ymQ,19r5y1HrE-5wDMUVUYma-rZ71_6Kn8ymQ,wayback:20201106144111,2026-07-27T10:51:16Z
2020-09-24,ground,adult,Evergreen 5-25; DeltaGard,evening,19:00,22:00,complete,COMPLETE,A Portion of Rural Northeast Escalon,E28,Escalon,"North to Dodds Rd., South to Lone Tree Rd., East to Cometa Rd. & Victory Ave., West to Steinegul Rd.",9.2955,37.840431,-120.945817,https://www.google.com/maps/d/viewer?mid=1nDhGBwsH_MYTdpCfV129HsPT2uvItk7b,1nDhGBwsH_MYTdpCfV129HsPT2uvItk7b,wayback:20201106144111,2026-07-27T10:51:16Z
2020-09-24,ground,adult,Evergreen 5-25; DeltaGard,evening,19:00,22:00,complete,COMPLETE,Rural North Escalon,E5,Escalon,"North to one mile north of Lone Tree Rd., South to one mile south of Lone Tree Rd., East to Campbell Rd., West to Brennan Rd.",5.4748,37.827268,-120.997575,https://www.google.com/maps/d/viewer?mid=1XVnBm2Y8vjApBUoMFBHcxv1Y7wKvZZ46,1XVnBm2Y8vjApBUoMFBHcxv1Y7wKvZZ46,wayback:20201106144111,2026-07-27T10:51:16Z
2020-09-24,ground,adult,Evergreen 5-25; DeltaGard,evening,19:00,22:00,complete,COMPLETE,Thornton Area-,TH-1,Thornton,"North to N. New Hope Rd., South to W. Kile Rd., East to Kile Rd., West to 1/2 mile East of Blossom Rd.",5.504,38.21644,-121.422553,https://www.google.com/maps/d/viewer?mid=14kuLQkUBpE4Cc5VUL8qn4sgI_ap6t6zg,14kuLQkUBpE4Cc5VUL8qn4sgI_ap6t6zg,wayback:20201106144111,2026-07-27T10:51:16Z
2020-09-25,aerial,adult,Dibrom,evening,19:00,22:00,complete,COMPLETE,A Portion Of Rural South County,SC6,South County,,9.4377,37.731836,-121.264245,https://www.google.com/maps/d/viewer?mid=1f0-bFLjD5HOZiYHtBvIRbEUokEX27sXW,1f0-bFLjD5HOZiYHtBvIRbEUokEX27sXW,wayback:20201106144111,2026-07-27T10:51:16Z
2020-09-25,aerial,adult,Dibrom,evening,19:00,22:00,complete,COMPLETE,Delta Area,D21,Delta,- Portions of: Roberts Island and Jones Tract,17.2152,37.962345,-121.458349,https://www.google.com/maps/d/viewer?mid=1Il586Mwk__gaOLBiVcEwxfD0jd3DWoWI,1Il586Mwk__gaOLBiVcEwxfD0jd3DWoWI,wayback:20201106144111,2026-07-27T10:51:16Z
2020-09-25,aerial,adult,Dibrom,evening,19:00,22:00,complete,COMPLETE,Delta Area West of Lodi,D20,Delta,"Portions of: Brack Tract, Terminous Tract, Canal Ranch Tract, and Staten Island",48.6023,38.154063,-121.484051,https://www.google.com/maps/d/viewer?mid=1eerPYLmEgQBgeRIY0FgZiZMwshAK5ABd,1eerPYLmEgQBgeRIY0FgZiZMwshAK5ABd,wayback:20201106144111,2026-07-27T10:51:16Z
2020-09-25,ground,adult,Evergreen 5-25,morning,04:00,06:00,complete,COMPLETE,North Stockton,S2,Stockton,"North to Meadow Ave., South to W. Lincoln Rd., East to Pershing Ave., West to Alexandria Place",0.2477,38.014823,-121.334916,https://www.google.com/maps/d/viewer?mid=1UQwW_oOGjT5eFXgphjooM-w62D0o2Dnr,1UQwW_oOGjT5eFXgphjooM-w62D0o2Dnr,wayback:20201106144111,2026-07-27T10:51:16Z
2020-09-25,aerial,adult,Dibrom,evening,19:00,22:00,complete,COMPLETE,Rural West Lodi,L14,Lodi,"North to Hwy 12, South to White Sough, East to 1/2 mile west of I5, West to 2.5 miles west of I-5",10.1623,38.100254,-121.415963,https://www.google.com/maps/d/viewer?mid=1sYH5f6uQ2kZKy3FfeC0zkGhtJW60FURz,1sYH5f6uQ2kZKy3FfeC0zkGhtJW60FURz,wayback:20201106144111,2026-07-27T10:51:16Z
2020-09-28,ground,adult,Evergreen 5-25; DeltaGard,morning,04:00,06:00,complete,COMPLETE,A Portion of Farmington area,E16,Escalon,"North to Hwy 4, South to one mile south of Hwy 4, East to 1/2 mile east of Escalon-Bellota Rd., West to 1/2 mile west of Escalon-Bellota Rd.",2.6174,37.92281,-120.999966,https://www.google.com/maps/d/viewer?mid=1e98hdgpLKPuy7BvLzie6nhCtZBZGbwD1,1e98hdgpLKPuy7BvLzie6nhCtZBZGbwD1,wayback:20201106144111,2026-07-27T10:51:16Z
2020-09-28,ground,adult,Evergreen 5-25; DeltaGard,morning,04:00,06:00,complete,COMPLETE,A Portion of Northwest Weston Ranch,S22,Stockton,"North to Watercourse St., South to Abruzzi Cir., East to Carolyn Weston Blvd. & Waterview Ln., West to San Joaquin River",0.758,37.909564,-121.320725,https://www.google.com/maps/d/viewer?mid=1Yzi30e57gp6kS7Rp8wPZF_J-t0eYFqHS,1Yzi30e57gp6kS7Rp8wPZF_J-t0eYFqHS,wayback:20201106144111,2026-07-27T10:51:16Z
2020-09-30,ground,larval,VectoBac WDG,morning,04:00,06:00,complete,COMPLETE,Portion of Northwest Stockton Brookside area,S23,Stockton,"North to W. March Ln., South to Brookside Rd., East to Feather River Dr., West to Brookside Rd",0.7464,37.980025,-121.349699,https://www.google.com/maps/d/viewer?mid=1JNoCNnTgawK0dNM7YpxQIOZZHDmI6jVQ,1JNoCNnTgawK0dNM7YpxQIOZZHDmI6jVQ,wayback:20201106144111,2026-07-27T10:51:16Z
2020-10-01,ground,adult,Evergreen 5-25; DeltaGard,evening,18:50,22:00,complete,COMPLETE,Delta Islands West of Stockton,D2,Delta,"- Portions of: Shima Tract, Rindge Tract, Wright Tract, Lower Roberts Island (Updated to ground from canceled aerial)",18.0124,38.001048,-121.394973,https://www.google.com/maps/d/viewer?mid=1heJJ35n0Ncl7mExjNCOLOt_OdLoFKLgy,1heJJ35n0Ncl7mExjNCOLOt_OdLoFKLgy,wayback:20201106144111,2026-07-27T10:51:16Z
2020-10-01,ground,adult,Evergreen 5-25; DeltaGard,evening,18:50,22:00,complete,COMPLETE,Portion of Rural South County - Division Rd. Area,SC8B,South County,"North to Avenue D & Division Rd., South to San Joaquin and Stanislaus Rivers, East to Stanislaus River, West to Two Rivers Rd.",7.575,37.683736,-121.23097,https://www.google.com/maps/d/viewer?mid=12pIzSEWaFB7oKf8CyTs4Ubweu52hngAB,12pIzSEWaFB7oKf8CyTs4Ubweu52hngAB,wayback:20201106144111,2026-07-27T10:51:16Z
2020-10-01,ground,adult,Evergreen 5-25; DeltaGard,evening,18:50,22:00,complete,COMPLETE,Ripon Sewer,R2,Ripon,"North to Doak Rd., South to Stanislaus County Line, East to Stockton Ave., West to Robert Ave.",0.7947,37.726509,-121.130382,https://www.google.com/maps/d/viewer?mid=1UVI-M5eTIEkrLZvrJx2Qwxb6K_VYNYkN,1UVI-M5eTIEkrLZvrJx2Qwxb6K_VYNYkN,wayback:20201106144111,2026-07-27T10:51:16Z
2020-10-01,ground,adult,Evergreen 5-25; DeltaGard,evening,18:50,22:00,complete,COMPLETE,Rural East Escalon,E3,Escalon,"North to Dutra Ln., South to Hwy 120, East to Victory Ave., West to Henry Rd.",5.4976,37.807851,-120.932812,https://www.google.com/maps/d/viewer?mid=19r5y1HrE-5wDMUVUYma-rZ71_6Kn8ymQ,19r5y1HrE-5wDMUVUYma-rZ71_6Kn8ymQ,wayback:20201106144111,2026-07-27T10:51:16Z
2020-10-01,ground,adult,Evergreen 5-25; DeltaGard,evening,18:50,22:00,complete,COMPLETE,Rural North Manteca,M9,Manteca,"North to Duck Creek, South to Lovelace Rd., East to Hwy 99, West to Union Rd.",4.773,37.860963,-121.228224,https://www.google.com/maps/d/viewer?mid=1diHZlMg6sP-XQp_oOyg6zskjh9wjp3mh,1diHZlMg6sP-XQp_oOyg6zskjh9wjp3mh,wayback:20201106144111,2026-07-27T10:51:16Z
2020-10-02,ground,adult,DeltaGard,morning,04:00,06:00,complete,COMPLETE,Portion of Northwest Stockton Brookside area,SC8B,South County,"North to W. March Ln., South to Brookside Rd., East to Feather River Dr., West to Brookside Rd",7.575,37.683736,-121.23097,https://www.google.com/maps/d/viewer?mid=12pIzSEWaFB7oKf8CyTs4Ubweu52hngAB,12pIzSEWaFB7oKf8CyTs4Ubweu52hngAB,wayback:20201106144111,2026-07-27T10:51:16Z
2020-10-02,ground,adult,DeltaGard,morning,04:00,06:00,complete,COMPLETE,Portion of Rural Southeast Lodi,L15,Lodi,"North to E. Harney Ln., South to Tokay Colony Rd., East to Jack Tone Rd., West to Hibbard Rd. (Added 10/1/2020)",2.8732,38.092869,-121.158849,https://www.google.com/maps/d/viewer?mid=1SAdtNcU3wX2vlzyxtcxd62noTSPCirxB,1SAdtNcU3wX2vlzyxtcxd62noTSPCirxB,wayback:20201106144111,2026-07-27T10:51:16Z
2020-10-05,aerial,adult,Dibrom,evening,18:45,21:00,complete,COMPLETE,Delta Area,D23,Delta,Portions of Empire Tract and Termious Tract,20.8729,38.073523,-121.477652,https://www.google.com/maps/d/viewer?mid=1v8I_0G7tVX3Z0HWaPlWO6T8-CGsPhzeQ,1v8I_0G7tVX3Z0HWaPlWO6T8-CGsPhzeQ,wayback:20201106144111,2026-07-27T10:51:16Z
2020-10-05,aerial,adult,Dibrom,evening,18:45,21:00,complete,COMPLETE,Delta Area West of Lodi,D22,Delta,"Portions of: Staten Island, Brack and Terminous Tracts",23.5672,38.143509,-121.516343,https://www.google.com/maps/d/viewer?mid=1C2YJoiFxKqFaS8zIqzm3yi2k72S1URZ6,1C2YJoiFxKqFaS8zIqzm3yi2k72S1URZ6,wayback:20201106144111,2026-07-27T10:51:16Z
2020-10-08,aerial,adult,Dibrom,evening,18:45,21:00,complete,COMPLETE,Delta Area West of Lodi,D1a,Delta,Portions of Brack Tract & -Canal Ranch Tract,19.2322,38.171558,-121.446383,https://www.google.com/maps/d/viewer?mid=1JQbFFa7bTCPrjjmuPvbtlMfW4oSM-m1F,1JQbFFa7bTCPrjjmuPvbtlMfW4oSM-m1F,wayback:20201106144111,2026-07-27T10:51:16Z
2020-10-08,aerial,adult,Dibrom,evening,18:45,21:00,complete,COMPLETE,Delta Area West of Lodi,D24,Delta,"Portions of Brack Tract, Canal Ranch Tract, Terminous Tract, and Staten Island",20.6698,38.146043,-121.513409,https://www.google.com/maps/d/viewer?mid=1Mu7Z_-wX6WLKRtgA4c0gWL6wphwIzMF1,1Mu7Z_-wX6WLKRtgA4c0gWL6wphwIzMF1,wayback:20201106144111,2026-07-27T10:51:16Z
2020-10-08,aerial,adult,Dibrom,evening,18:45,21:00,complete,COMPLETE,Rural West Lodi,L1,Lodi,"North to Hwy 12, South to Telephone Cut, East to I-5, West to three miles west of I-5",20.1046,38.092664,-121.40989,https://www.google.com/maps/d/viewer?mid=10gIMbuxlqr42DMKl4R2gFASKxx5RV0hS,10gIMbuxlqr42DMKl4R2gFASKxx5RV0hS,wayback:20201106144111,2026-07-27T10:51:16Z
2020-10-15,aerial,adult,Dibrom,evening,18:30,20:30,complete,COMPLETE,Delta Area West of Lodi,D22,Delta,"Portions of Staten Island, Brack, and Terminous Tracts.",23.5672,38.143509,-121.516343,https://www.google.com/maps/d/viewer?mid=1C2YJoiFxKqFaS8zIqzm3yi2k72S1URZ6,1C2YJoiFxKqFaS8zIqzm3yi2k72S1URZ6,wayback:20201106144111,2026-07-27T10:51:16Z
2020-10-15,aerial,adult,Dibrom,evening,18:30,20:30,complete,COMPLETE,Rural West Lodi,L-16,Lodi,"North to HWY 12, South to Telephone Cut, East to White Slough, West to Two Miles West of I-5.",8.5927,38.093423,-121.412348,https://www.google.com/maps/d/viewer?mid=1qpzU3n2VsSwyyJX2HjS9jFjzIumgN_TY,1qpzU3n2VsSwyyJX2HjS9jFjzIumgN_TY,wayback:20201106144111,2026-07-27T10:51:16Z
2020-10-18,aerial,adult,Dibrom,evening,18:30,20:30,complete,COMPLETE,A Portion of Rural West Ripon,R1B,Ripon,,18.9907,37.6978,-121.202335,https://www.google.com/maps/d/viewer?mid=10QTPiLg-VmCpFCLW34UsEjV9K_6zsibf,10QTPiLg-VmCpFCLW34UsEjV9K_6zsibf,wayback:20201106144111,2026-07-27T10:51:16Z
2020-10-21,ground,adult,Evergreen 5-25,morning,05:00,07:00,complete,COMPLETE,Manteca- Weatherbee Lake Area,M10,Manteca,,2.3045,37.76672,-121.297583,https://www.google.com/maps/d/viewer?mid=18NpLACCGJ0kAEKoeFKXTWpsX5zt2yxWI,18NpLACCGJ0kAEKoeFKXTWpsX5zt2yxWI,wayback:20201106144111,2026-07-27T10:51:16Z
2020-10-22,ground,adult,Evergreen 5-25,evening,18:15,20:00,complete,COMPLETE,Portion of Rural Northeast Escalon,E28,Escalon,"North to Dodds Rd., South to Lone Tree Rd., East to Cometa Rd. & Victory Ave., West to Steinegul Rd.",9.2955,37.840431,-120.945817,https://www.google.com/maps/d/viewer?mid=1nDhGBwsH_MYTdpCfV129HsPT2uvItk7b,1nDhGBwsH_MYTdpCfV129HsPT2uvItk7b,wayback:20201106144111,2026-07-27T10:51:16Z
2020-10-22,ground,adult,Evergreen 5-25,evening,18:15,20:00,complete,COMPLETE,"Portion of Rural South County, Division Rd Area",SC11,South County,"North to Airport Way, Division Rd. and Avenue D, South to San Joaquin and Stanislaus Rivers, East to Stanislaus River, West to San Joaquin River Added 10/22/2020",8.5785,37.67901,-121.236429,https://www.google.com/maps/d/viewer?mid=1L-5tpH8NHVyR5mqJ-iiEM4YrLMhcVxeg,1L-5tpH8NHVyR5mqJ-iiEM4YrLMhcVxeg,wayback:20201106144111,2026-07-27T10:51:16Z
2020-10-30,aerial,adult,Dibrom,evening,18:00,20:00,complete,COMPLETE,A Portion of Rural West Ripon,R1C,Ripon,"Modified 10/29/2020 **Due to a mechanical issue, the spray operation was canceled for Thursday, Oct. 29th and is rescheduled above.**",36.6001,37.693899,-121.221668,https://www.google.com/maps/d/viewer?mid=1XHl-QMXhrIhnc-f0XRg9B8HZbx5LjEsI,1XHl-QMXhrIhnc-f0XRg9B8HZbx5LjEsI,wayback:20201106144111,2026-07-27T10:51:16Z
2020-11-02,ground,adult,Evergreen 5-25,evening,18:00,20:00,complete,COMPLETE,West Stockton including the Port and Stockton Sewer: >,S21,Stockton,"North to McCloy Ave., South to Hwy 4, East to San Joaquin River, West to Port of Stockton Expressway",4.7383,37.936085,-121.346549,https://www.google.com/maps/d/viewer?mid=1HRQsVdg2x_rEi-zkCXd26PiQW_Wd9q2M,1HRQsVdg2x_rEi-zkCXd26PiQW_Wd9q2M,wayback:20201106144111,2026-07-27T10:51:16Z
2020-11-04,ground,larval,VectoBac WDG,morning,04:00,06:00,cancelled,CANCELED,Portion of Southwest Stockton Brookside area,S23,Stockton,"North to March Ln., South to Brookside Rd., West to Brookside Rd., East to Feather River Dr.",0.7464,37.980025,-121.349699,https://www.google.com/maps/d/viewer?mid=1JNoCNnTgawK0dNM7YpxQIOZZHDmI6jVQ,1JNoCNnTgawK0dNM7YpxQIOZZHDmI6jVQ,wayback:20201106144111,2026-07-27T10:51:16Z
2021-07-08,aerial,adult,Dibrom,evening,20:30,22:30,complete,COMPLETE,"Delta Area: Portions of McDonald Island, Rindge Tract, and Lower Roberts Island",D27,Delta,,25.833,37.998942,-121.481657,https://www.google.com/maps/d/viewer?mid=15KNjPPXo7DhP5Z9R9_tVZ8eC8h7X3iC8,15KNjPPXo7DhP5Z9R9_tVZ8eC8h7X3iC8,wayback:20210902093910,2026-07-27T10:51:21Z
2021-07-12,ground,adult,DeltaGard; Evergreen 5-25,morning,04:00,06:00,complete,COMPLETE,Portion of North Stockton,S29,Stockton,"North to Mosher Slough, South to Benjamin Holt Dr., East to Pacific Ave./Lower Sacramento Rd., West to N. Pershing Ave.",1.4452,38.018735,-121.326238,https://www.google.com/maps/d/viewer?mid=1DnoOgVip7L7FL6-nRvJZfhjfVyMjovxC,1DnoOgVip7L7FL6-nRvJZfhjfVyMjovxC,wayback:20210902093910,2026-07-27T10:51:21Z
2021-07-12,ground,adult,DeltaGard; Evergreen 5-25,morning,04:00,06:00,complete,COMPLETE,Portion of North Stockton,S28,Stockton,"North to Hammer Ln., South to Cordova Ln./ E. Lincoln Rd., East to the RXR tracks, West to N. El Dorado St.",0.4482,38.018751,-121.308999,https://www.google.com/maps/d/viewer?mid=1WxqgdxiDCa6s08EpdALE1X3g2vGpP6j1,1WxqgdxiDCa6s08EpdALE1X3g2vGpP6j1,wayback:20210902093910,2026-07-27T10:51:21Z
2021-07-12,ground,adult,DeltaGard; Evergreen 5-25,morning,04:00,06:00,complete,COMPLETE,Portion of Rural East Lodi,L3,Lodi,"North to E. Sargent Rd., South to E. Harney Ln., East to one mile east of Tully Rd., West to Tully Rd.",5.6911,38.117387,-121.123846,https://www.google.com/maps/d/viewer?mid=1CcmBWbKNLi71Ywn0Ll8_JToDyRF1e86i,1CcmBWbKNLi71Ywn0Ll8_JToDyRF1e86i,wayback:20210902093910,2026-07-27T10:51:21Z
2021-07-12,ground,adult,DeltaGard; Evergreen 5-25,morning,04:00,06:00,complete,COMPLETE,Portion of Rural East Lodi,L15,Lodi,"North to E. Harney Ln., South to Tokay Colony Rd., East to Jack Tone Rd., West to Hibbard Rd.",2.8732,38.092869,-121.158849,https://www.google.com/maps/d/viewer?mid=1SAdtNcU3wX2vlzyxtcxd62noTSPCirxB,1SAdtNcU3wX2vlzyxtcxd62noTSPCirxB,wayback:20210902093910,2026-07-27T10:51:21Z
2021-07-15,ground,adult,DeltaGard; Evergreen 5-25,morning,04:00,07:00,complete,COMPLETE,Portion of Rural South County - Division Rd. Area,SC3,South County,"North to Division Rd., South to San Joaquin and Stanislaus Rivers, East to Stanislaus River, West to Two Rivers Rd.",3.7968,37.677092,-121.228648,https://www.google.com/maps/d/viewer?mid=1zR43QiilWe_TRZveFZagCaWv3wJJuHY1,1zR43QiilWe_TRZveFZagCaWv3wJJuHY1,wayback:20210902093910,2026-07-27T10:51:21Z
2021-07-15,ground,adult,DeltaGard; Evergreen 5-25,morning,04:00,07:00,complete,COMPLETE,Portion of Rural South Manteca,M11,Manteca,"North to E. Peach Rd., South to Fig Rd., East to S. Union Rd., West to Airport Way",1.3779,37.765917,-121.242942,https://www.google.com/maps/d/viewer?mid=1VhJ0Nwrb6-zsxgmGozPvkbMhOpTAPZqD,1VhJ0Nwrb6-zsxgmGozPvkbMhOpTAPZqD,wayback:20210902093910,2026-07-27T10:51:21Z
2021-07-15,ground,adult,DeltaGard; Evergreen 5-25,morning,04:00,07:00,complete,COMPLETE,Portion of South Central Tracy,T2a,Tracy,"North to R&R, South to Valpico Rd., East to Sycamore Pkwy, West to Corral Hollow Rd.",2.0179,37.717828,-121.446059,https://www.google.com/maps/d/viewer?mid=1EzBVxGtJFQVHL4FBOSNJF2FUZaPXQeLT,1EzBVxGtJFQVHL4FBOSNJF2FUZaPXQeLT,wayback:20210902093910,2026-07-27T10:51:21Z
2021-07-15,ground,adult,DeltaGard; Evergreen 5-25,evening,20:00,23:00,complete,COMPLETE,Wright/Elmwood Tract,D12,Delta,,8.6345,37.9957,-121.384856,https://www.google.com/maps/d/viewer?mid=11vvIxM7pP2tdGwJBH9n2sT4_KB-vzi7G,11vvIxM7pP2tdGwJBH9n2sT4_KB-vzi7G,wayback:20210902093910,2026-07-27T10:51:21Z
2021-07-16,ground,adult,DeltaGard,morning,05:00,07:00,complete,COMPLETE,Portion of Rural Northeast Escalon,E43,Escalon,"North to Edwards Rd., South to Lone Tree Rd., East to Cometa Rd. & Victory Ave., West to Henry Rd.",2.7034,37.834781,-120.933906,https://www.google.com/maps/d/viewer?mid=1cMpzZ_D1u5fcTU3Touk5H3T3nr0aJfIt,1cMpzZ_D1u5fcTU3Touk5H3T3nr0aJfIt,wayback:20210902093910,2026-07-27T10:51:21Z
2021-07-18,aerial,adult,Dibrom,evening,20:00,23:00,complete,COMPLETE,Portion of Rural South County,SC10,South County,South of Manteca to San Joaquin and Stanislaus Rivers and East to Austin Rd.,15.7895,37.691244,-121.218864,https://www.google.com/maps/d/viewer?mid=14yRwQfb4gCxBGLbuPDUtClMvFosdVN6A,14yRwQfb4gCxBGLbuPDUtClMvFosdVN6A,wayback:20210902093910,2026-07-27T10:51:21Z
2021-07-18,aerial,adult,Dibrom,evening,20:00,23:00,complete,COMPLETE,Portions of the following Tracts,D26,Delta,Wright-Shima-Rindge & Lower Roberts Island,16.053,38.001274,-121.391936,https://www.google.com/maps/d/viewer?mid=1dlDyC8yq7L-TnAFt59IFtIL3tyqDFJsH,1dlDyC8yq7L-TnAFt59IFtIL3tyqDFJsH,wayback:20210902093910,2026-07-27T10:51:21Z
2021-07-20,ground,adult,DeltaGard; Evergreen 5-25,morning,04:00,07:00,complete,COMPLETE,Portion of North Escalon,E44,Escalon,"North to Magnolia Rd., South to Yosemite Ave., East to Campbell Ave., West to Escalon-Bellota Rd.",3.4981,37.808134,-120.988167,https://www.google.com/maps/d/viewer?mid=1skIsWDdoEa6yXcq2Gcut_h38PctgtP8X,1skIsWDdoEa6yXcq2Gcut_h38PctgtP8X,wayback:20210902093910,2026-07-27T10:51:21Z
2021-07-20,ground,adult,DeltaGard; Evergreen 5-25,morning,04:00,07:00,complete,COMPLETE,Portion of Rural Northeast Escalon,E43,Escalon,"North to Edwards Rd., South to Lone Tree Rd., East to Cometa Rd. & Victory Ave., West to Henry Rd.",2.7034,37.834781,-120.933906,https://www.google.com/maps/d/viewer?mid=1cMpzZ_D1u5fcTU3Touk5H3T3nr0aJfIt,1cMpzZ_D1u5fcTU3Touk5H3T3nr0aJfIt,wayback:20210902093910,2026-07-27T10:51:21Z
2021-07-21,ground,adult,DeltaGard; Evergreen 5-25,morning,05:00,07:00,complete,COMPLETE,Portion of Rural Farmington,E45,Escalon,"North to Little John's Creek, South to Gawne Rd., East to Stow Ave., West to E. Mariposa Rd.",1.2293,37.894416,-121.103432,https://www.google.com/maps/d/viewer?mid=1apdC-5EGVIlsM7zjTGggGffrcd3MDCXl,1apdC-5EGVIlsM7zjTGggGffrcd3MDCXl,wayback:20210902093910,2026-07-27T10:51:21Z
2021-07-22,aerial,adult,Dibrom,evening,20:30,23:00,complete,COMPLETE,"Delta Area west of Stockton: Portions of McDonald Island, Rindge Tract, Lower Roberts Island, and Lower Jones Tract",D27a,Delta,,26.6154,37.990439,-121.476594,https://www.google.com/maps/d/viewer?mid=1Tqm1NXZakMcSMcENXz3mPkD2RxZTlrxw,1Tqm1NXZakMcSMcENXz3mPkD2RxZTlrxw,wayback:20210902093910,2026-07-27T10:51:21Z
2021-07-22,ground,adult,DeltaGard; Evergreen 5-25,evening,20:30,22:30,complete,COMPLETE,Portion of North Rural Escalon,E22,Escalon,"North to Edwards Ave., South to Magnolia Rd., East to Campbell Rd., West to Brennan Rd.",9.2607,37.829902,-120.997785,https://www.google.com/maps/d/viewer?mid=1kOrmmFJrPoNt8y7YkdZGORIxkcBAe4do,1kOrmmFJrPoNt8y7YkdZGORIxkcBAe4do,wayback:20210902093910,2026-07-27T10:51:21Z
2021-07-22,ground,adult,DeltaGard; Evergreen 5-25,evening,20:30,22:30,complete,COMPLETE,Portion of Rural East Ripon,R6,Ripon,"North to East River Rd., South to Stanislaus River, East to Sexton Rd., West to Wagner Rd.",8.2511,37.749998,-121.062134,https://www.google.com/maps/d/viewer?mid=1YL9H_Hvsk8cDWeuU1zLV1nZCaWJG3bh-,1YL9H_Hvsk8cDWeuU1zLV1nZCaWJG3bh-,wayback:20210902093910,2026-07-27T10:51:21Z
2021-07-22,ground,adult,DeltaGard; Evergreen 5-25,evening,20:30,22:30,complete,COMPLETE,Portion of Rural South County,SC1,South County,"North to one mile north of E. McMullin Rd., South to Perrin Rd., East to Airport Way, West to S. Hays Rd.",4.7947,37.735918,-121.263435,https://www.google.com/maps/d/viewer?mid=1dcvrXM7RFuFpl8saR2Bwl08cXfA3CU-C,1dcvrXM7RFuFpl8saR2Bwl08cXfA3CU-C,wayback:20210902093910,2026-07-27T10:51:21Z
2021-07-22,aerial,adult,Dibrom,evening,20:30,23:00,complete,COMPLETE,"Portions of Brack Tract, Canal Ranch Tract, and Terminous Tract",D4,Delta,,15.3403,38.152839,-121.464268,https://www.google.com/maps/d/viewer?mid=1awwJ-J95YCm6cUH8MKoz1L3dSgIBTcIH,1awwJ-J95YCm6cUH8MKoz1L3dSgIBTcIH,wayback:20210902093910,2026-07-27T10:51:21Z
2021-07-22,aerial,adult,Dibrom,evening,20:30,23:00,complete,COMPLETE,"Portions of the following tracts: Wright, Shima, and Rindge & Lower Roberts Island",D26,Delta,,16.053,38.001274,-121.391936,https://www.google.com/maps/d/viewer?mid=1dlDyC8yq7L-TnAFt59IFtIL3tyqDFJsH,1dlDyC8yq7L-TnAFt59IFtIL3tyqDFJsH,wayback:20210902093910,2026-07-27T10:51:21Z
2021-07-23,ground,adult,DeltaGard; Evergreen 5-25,morning,04:00,06:00,complete,COMPLETE,Portion of East Manteca,M12,Manteca,"North to E. Louise Ave., South to Nehemiah Dr., East to Pestana Ave., West to Cottage Ave. and Button Ave.",0.6664,37.808571,-121.193806,https://www.google.com/maps/d/viewer?mid=1TR6X0YYAV2Mhdm-HUwhERnQZXPT-rJyz,1TR6X0YYAV2Mhdm-HUwhERnQZXPT-rJyz,wayback:20210902093910,2026-07-27T10:51:21Z
2021-07-23,ground,adult,DeltaGard; Evergreen 5-25,morning,04:00,06:00,complete,COMPLETE,Portion of North Escalon,E44a,Escalon,"North to Magnolia Rd., South to Yosemite Ave., East to Campbell Ave., West to Escalon-Bellota Rd. Including Escalon Golf Course. (added 7/22/21)",3.8755,37.807945,-120.989038,https://www.google.com/maps/d/viewer?mid=15mHQtKGVom7346kAgjYQ-pLKF92-EfAa,15mHQtKGVom7346kAgjYQ-pLKF92-EfAa,wayback:20210902093910,2026-07-27T10:51:21Z
2021-07-23,ground,adult,DeltaGard; Evergreen 5-25,morning,04:00,06:00,complete,COMPLETE,Portion of North Stockton,S2,Stockton,"North to Meadow Ave., South to W. Lincoln Rd., East to Pershing Ave., West to Alexandria Place (added 7/22/21)",0.2477,38.014823,-121.334916,https://www.google.com/maps/d/viewer?mid=1UQwW_oOGjT5eFXgphjooM-w62D0o2Dnr,1UQwW_oOGjT5eFXgphjooM-w62D0o2Dnr,wayback:20210902093910,2026-07-27T10:51:21Z
2021-07-23,ground,adult,DeltaGard; Evergreen 5-25,morning,04:00,06:00,complete,COMPLETE,Portion of Northeast Tracy,T22,Tracy,"North to E. Lowell Ave. and Acacia St., South to Eleventh St., East to Franklin Ave., West to Holly Dr.",0.6965,37.743584,-121.421597,https://www.google.com/maps/d/viewer?mid=1E8QTSneZMarSs5Oo32AO5x9wKvj-uNnT,1E8QTSneZMarSs5Oo32AO5x9wKvj-uNnT,wayback:20210902093910,2026-07-27T10:51:21Z
2021-07-23,ground,adult,DeltaGard; Evergreen 5-25,morning,04:00,06:00,complete,COMPLETE,Portion of Rural East Lodi,L3,Lodi,"North to E. Sargent Rd., South to E. Harney Ln., East to one mile east of Tully Rd., West to Tully Rd. (added 7/22/21)",5.6911,38.117387,-121.123846,https://www.google.com/maps/d/viewer?mid=1CcmBWbKNLi71Ywn0Ll8_JToDyRF1e86i,1CcmBWbKNLi71Ywn0Ll8_JToDyRF1e86i,wayback:20210902093910,2026-07-27T10:51:21Z
2021-07-23,ground,adult,DeltaGard; Evergreen 5-25,morning,04:00,06:00,complete,COMPLETE,Tracy Cemetery,T13,Tracy,(added 7/22/21),0.0807,37.726144,-121.418734,https://www.google.com/maps/d/viewer?mid=1dbXkrz4TesSwSjlSBYS0cPts5045atvr,1dbXkrz4TesSwSjlSBYS0cPts5045atvr,wayback:20210902093910,2026-07-27T10:51:21Z
2021-07-27,ground,adult,DeltaGard; Evergreen 5-25,morning,04:00,07:00,complete,COMPLETE,Portion of North Escalon,E44b,Escalon,"North to Buerer Rd., South to California St., East to Campbell Ave., West to Escalon-Bellota Rd. Including Escalon Golf Course.",5.2642,37.810381,-120.988629,https://www.google.com/maps/d/viewer?mid=1MIStxuceg1uzCnsImIpLkuZ9JmwqDxby,1MIStxuceg1uzCnsImIpLkuZ9JmwqDxby,wayback:20210902093910,2026-07-27T10:51:21Z
2021-07-27,ground,adult,DeltaGard; Evergreen 5-25,morning,04:00,07:00,complete,COMPLETE,Portion of Northeast Escalon,E47,Escalon,"North to Lonetree Rd., South to 1/2 mile south of Lonetree Rd., East to Henry Rd., West to Steinegul Rd.",1.4092,37.823956,-120.951557,https://www.google.com/maps/d/viewer?mid=1juOccYb4KKmECrgdrojDmOl5ZR1EWBKt,1juOccYb4KKmECrgdrojDmOl5ZR1EWBKt,wayback:20210902093910,2026-07-27T10:51:21Z
2021-07-27,ground,adult,DeltaGard; Evergreen 5-25,morning,04:00,07:00,complete,COMPLETE,Portion of Rural Southeast Escalon,E46,Escalon,"North to Lemon Ave., South to 1/2 mile south of River Rd., East to Henry Rd., West to Burwood Ln.",6.2866,37.767219,-120.953013,https://www.google.com/maps/d/viewer?mid=1tmqGHtMHIxZZsZ_j8q0fboJHtL-zei2v,1tmqGHtMHIxZZsZ_j8q0fboJHtL-zei2v,wayback:20210902093910,2026-07-27T10:51:21Z
2021-07-29,aerial,adult,Dibrom,evening,20:30,23:00,complete,COMPLETE,Portion of Rural South County,SC10,South County,South of Manteca to San Joaquin and Stanislaus Rivers and East to Austin Rd.,15.7895,37.691244,-121.218864,https://www.google.com/maps/d/viewer?mid=14yRwQfb4gCxBGLbuPDUtClMvFosdVN6A,14yRwQfb4gCxBGLbuPDUtClMvFosdVN6A,wayback:20210902093910,2026-07-27T10:51:21Z
2021-07-29,aerial,adult,Dibrom,evening,20:30,23:00,complete,COMPLETE,Portion of Rural South County,SC6,South County,,9.4377,37.731836,-121.264245,https://www.google.com/maps/d/viewer?mid=1f0-bFLjD5HOZiYHtBvIRbEUokEX27sXW,1f0-bFLjD5HOZiYHtBvIRbEUokEX27sXW,wayback:20210902093910,2026-07-27T10:51:21Z
2021-07-29,aerial,adult,Dibrom,evening,20:30,23:00,postponed,RESCHEDULED,"Portions of Wright, Shima and Rindge Tracts and a portion of Lower Roberts Island",D26,Delta,,16.053,38.001274,-121.391936,https://www.google.com/maps/d/viewer?mid=1dlDyC8yq7L-TnAFt59IFtIL3tyqDFJsH,1dlDyC8yq7L-TnAFt59IFtIL3tyqDFJsH,wayback:20210902093910,2026-07-27T10:51:21Z
2021-07-30,aerial,adult,Dibrom,evening,20:30,23:00,postponed,RESCHEDULED,Delta area: Portions of Empire Tract and Terminous Tract,D29,Delta,,12.7919,38.080455,-121.480218,https://www.google.com/maps/d/viewer?mid=1YxdmeEmftJ1kSIV8yZiuneMI0UHy7d3p,1YxdmeEmftJ1kSIV8yZiuneMI0UHy7d3p,wayback:20210902093910,2026-07-27T10:51:21Z
2021-07-30,aerial,adult,Dibrom,evening,20:30,23:00,postponed,RESCHEDULED,"Delta area: Portions of McDonald Island, Rindge Tract, Medford Island, Lower Roberts Island, and Lower Jones Tract",D28,Delta,,35.6612,38.000458,-121.484133,https://www.google.com/maps/d/viewer?mid=1zMORm1rymHuKDjgQoeGgjdBYTjH5U5gY,1zMORm1rymHuKDjgQoeGgjdBYTjH5U5gY,wayback:20210902093910,2026-07-27T10:51:21Z
2021-07-30,ground,adult,DeltaGard; Evergreen 5-25,morning,04:30,07:00,complete,COMPLETE,Portion of Clements Area,L17,Lodi,"North to Hwy 88, South to E. Stampede Rd., East to Clements Rd., West to Atkins Rd",3.5494,38.181492,-121.086978,https://www.google.com/maps/d/viewer?mid=1a-s99-9JjYhfRdTtYYH9xaMsyuJebPif,1a-s99-9JjYhfRdTtYYH9xaMsyuJebPif,wayback:20210902093910,2026-07-27T10:51:21Z
2021-07-30,ground,adult,DeltaGard; Evergreen 5-25,morning,04:30,07:00,complete,COMPLETE,Portion of North Stockton,S2,Stockton,"North to Meadow Ave., South to W. Lincoln Rd., East to Pershing Ave., West to Alexandria Place",0.2477,38.014823,-121.334916,https://www.google.com/maps/d/viewer?mid=1UQwW_oOGjT5eFXgphjooM-w62D0o2Dnr,1UQwW_oOGjT5eFXgphjooM-w62D0o2Dnr,wayback:20210902093910,2026-07-27T10:51:21Z
2021-07-30,ground,adult,DeltaGard; Evergreen 5-25,morning,04:30,07:00,complete,COMPLETE,Portion of Rural East Lodi,L3,Lodi,"North to E. Sargent Rd., South to E. Harney Ln., East to one mile east of Tully Rd., West to Tully Rd.",5.6911,38.117387,-121.123846,https://www.google.com/maps/d/viewer?mid=1CcmBWbKNLi71Ywn0Ll8_JToDyRF1e86i,1CcmBWbKNLi71Ywn0Ll8_JToDyRF1e86i,wayback:20210902093910,2026-07-27T10:51:21Z
2021-07-30,ground,adult,DeltaGard; Evergreen 5-25,morning,04:30,07:00,complete,COMPLETE,Portion of Rural Southeast Lodi,L16,Lodi,"North to E. Kettleman Ln., South to Tokay Colony Rd., East to Jack Tone Rd., West to Hibbard Rd.",5.4487,38.100392,-121.158371,https://www.google.com/maps/d/viewer?mid=1DUWhMyDnPVNar92IhLuoouhPFlUDXvpK,1DUWhMyDnPVNar92IhLuoouhPFlUDXvpK,wayback:20210902093910,2026-07-27T10:51:21Z
2021-07-31,aerial,adult,Evergreen 5-25,morning,04:00,06:00,complete,COMPLETE,Delta area: Portions of Empire Tract and Terminous Tract,D29,Delta,,12.7919,38.080455,-121.480218,https://www.google.com/maps/d/viewer?mid=1YxdmeEmftJ1kSIV8yZiuneMI0UHy7d3p,1YxdmeEmftJ1kSIV8yZiuneMI0UHy7d3p,wayback:20210902093910,2026-07-27T10:51:21Z
2021-07-31,aerial,adult,Evergreen 5-25,morning,04:00,06:00,complete,COMPLETE,"Delta area: Portions of McDonald Island, Rindge Tract, Medford Island, Lower Roberts Island, and Lower Jones Tract",D28,Delta,,35.6612,38.000458,-121.484133,https://www.google.com/maps/d/viewer?mid=1zMORm1rymHuKDjgQoeGgjdBYTjH5U5gY,1zMORm1rymHuKDjgQoeGgjdBYTjH5U5gY,wayback:20210902093910,2026-07-27T10:51:21Z
2021-07-31,aerial,adult,Evergreen 5-25,morning,04:00,06:00,complete,COMPLETE,"Portions of Wright, Shima and Rindge Tracts and a portion of Lower Roberts Island",D26,Delta,,16.053,38.001274,-121.391936,https://www.google.com/maps/d/viewer?mid=1dlDyC8yq7L-TnAFt59IFtIL3tyqDFJsH,1dlDyC8yq7L-TnAFt59IFtIL3tyqDFJsH,wayback:20210902093910,2026-07-27T10:51:21Z
2021-08-04,ground,adult,Evergreen 5-25,morning,05:00,07:00,complete,COMPLETE,Portion of Rural South Farmington,E52,Escalon,"North to Gawne Rd., South to Skiff Rd., East to Biederman Way, West to Temple Creek Rd.",2.8548,37.879231,-120.935445,https://www.google.com/maps/d/viewer?mid=1JFoWz4Pec-MeAO2ggH2GWY-76_OQy-C3,1JFoWz4Pec-MeAO2ggH2GWY-76_OQy-C3,wayback:20210902093910,2026-07-27T10:51:21Z
2021-08-05,aerial,adult,Dibrom,evening,20:30,23:00,complete,COMPLETE,"Delta area- Portions of the Following Tracts: Brack, Canal Ranch and Terminous",D5,Delta,,24.8239,38.159347,-121.461385,https://www.google.com/maps/d/viewer?mid=1r4icuJ4XB88zAAqj4zKdthWbi7z6vuTs,1r4icuJ4XB88zAAqj4zKdthWbi7z6vuTs,wayback:20210902093910,2026-07-27T10:51:21Z
2021-08-05,aerial,adult,Dibrom,evening,20:30,23:00,complete,COMPLETE,"Delta area- Portions of the Following Tracts: Wright, Shima, Rindge & Lower Roberts Island",D7B,Delta,,20.4011,38.003259,-121.391291,https://www.google.com/maps/d/viewer?mid=1ccSX4vBCCMFm_6LL1T7DlGTAKgUdQuHR,1ccSX4vBCCMFm_6LL1T7DlGTAKgUdQuHR,wayback:20210902093910,2026-07-27T10:51:21Z
2021-08-05,ground,adult,Evergreen 5-25; DeltaGard,evening,20:15,23:00,complete,COMPLETE,Delta area- West Roberts Island,D6,Delta,,10.682,37.97315,-121.45385,https://www.google.com/maps/d/viewer?mid=1tLFNWvooLxCsWS6xo4g5JBUGQ0y8XUtW,1tLFNWvooLxCsWS6xo4g5JBUGQ0y8XUtW,wayback:20210902093910,2026-07-27T10:51:21Z
2021-08-05,ground,adult,Evergreen 5-25; DeltaGard,morning,04:00,07:00,complete,COMPLETE,Portion of East Manteca,M12,Manteca,"North to E. Louise Ave., South to Nehemiah Dr., East to Pestana Ave., West to Cottage Ave. and Button Ave.",0.6664,37.808571,-121.193806,https://www.google.com/maps/d/viewer?mid=1TR6X0YYAV2Mhdm-HUwhERnQZXPT-rJyz,1TR6X0YYAV2Mhdm-HUwhERnQZXPT-rJyz,wayback:20210902093910,2026-07-27T10:51:21Z
2021-08-05,ground,adult,Evergreen 5-25; DeltaGard,evening,20:15,23:00,complete,COMPLETE,Portion of North Escalon,E32b,Escalon,"North to Dove Rd., South to Lone Tree Rd., East to Steinegul Rd., West to Escalon Bellota Rd.",7.7882,37.83812,-120.980255,https://www.google.com/maps/d/viewer?mid=1pzrd8Hynh63FfYfcz3qOD73R8FLkBC5G,1pzrd8Hynh63FfYfcz3qOD73R8FLkBC5G,wayback:20210902093910,2026-07-27T10:51:21Z
2021-08-05,ground,adult,Evergreen 5-25; DeltaGard,morning,04:00,07:00,complete,COMPLETE,Portion of Northeast Tracy,T23,Tracy,"North to W. Lowell Ave., South to Byron Rd., East to S. Corral Hollow Rd., West to Cindy Way",0.3247,37.744831,-121.456273,https://www.google.com/maps/d/viewer?mid=1S9QBI5GWbSkIXl2fUOX86RW9eg6b3T3P,1S9QBI5GWbSkIXl2fUOX86RW9eg6b3T3P,wayback:20210902093910,2026-07-27T10:51:21Z
2021-08-05,ground,adult,Evergreen 5-25; DeltaGard,evening,20:15,23:00,complete,COMPLETE,Portion of Rural South County,SC6,South County,,9.4377,37.731836,-121.264245,https://www.google.com/maps/d/viewer?mid=1f0-bFLjD5HOZiYHtBvIRbEUokEX27sXW,1f0-bFLjD5HOZiYHtBvIRbEUokEX27sXW,wayback:20210902093910,2026-07-27T10:51:21Z
2021-08-05,ground,adult,Evergreen 5-25; DeltaGard,evening,20:15,23:00,complete,COMPLETE,Portion of Rural South County,SC3,South County,"North to Division Rd., South to San Joaquin and Stanislaus Rivers, East to Stanislaus River, West to Two Rivers Rd.",3.7968,37.677092,-121.228648,https://www.google.com/maps/d/viewer?mid=1zR43QiilWe_TRZveFZagCaWv3wJJuHY1,1zR43QiilWe_TRZveFZagCaWv3wJJuHY1,wayback:20210902093910,2026-07-27T10:51:21Z
2021-08-05,ground,adult,Evergreen 5-25; DeltaGard,evening,20:15,23:00,complete,COMPLETE,Portion of Rural South Escalon,E6,Escalon,"North to Greenleaf Rd., South to Stanislaus River, East to Stanislaus River, West to Brennan Rd.",1.4408,37.75737,-121.00603,https://www.google.com/maps/d/viewer?mid=1t0mLpgcO74l4M4QIge2qBuA2QAQsmvP0,1t0mLpgcO74l4M4QIge2qBuA2QAQsmvP0,wayback:20210902093910,2026-07-27T10:51:21Z
2021-08-06,ground,adult,Evergreen 5-25; DeltaGard,morning,04:00,07:00,complete,COMPLETE,Portion of East Stockton,S30,Stockton,"North to Calaveras River, South to Cherokee Rd., East to Homer St., West to Cherryland Ave.",1.0328,38.006562,-121.243531,https://www.google.com/maps/d/viewer?mid=1JSLnt5qYbm7XDFgsGaEk_d_n_jmhHH-n,1JSLnt5qYbm7XDFgsGaEk_d_n_jmhHH-n,wayback:20210902093910,2026-07-27T10:51:21Z
2021-08-06,ground,adult,Evergreen 5-25; DeltaGard,morning,04:00,07:00,complete,COMPLETE,Portion of Northeast Stockton,S31,Stockton,"North to E. Hammer Ln., South to Amaretto St., East to R&R, West to Lorraine Ave.",0.4665,38.015738,-121.282313,https://www.google.com/maps/d/viewer?mid=1ZookZh0u51WlKoYJcTuBd8NJToImqoRt,1ZookZh0u51WlKoYJcTuBd8NJToImqoRt,wayback:20210902093910,2026-07-27T10:51:21Z
2021-08-06,ground,adult,Evergreen 5-25; DeltaGard,morning,04:00,07:00,complete,COMPLETE,Portion of Rural East Lodi,L3,Lodi,"North to E. Sargent Rd., South to E. Harney Ln., East to one mile east of Tully Rd., West to Tully Rd.",5.6911,38.117387,-121.123846,https://www.google.com/maps/d/viewer?mid=1CcmBWbKNLi71Ywn0Ll8_JToDyRF1e86i,1CcmBWbKNLi71Ywn0Ll8_JToDyRF1e86i,wayback:20210902093910,2026-07-27T10:51:21Z
2021-08-06,ground,adult,Evergreen 5-25; DeltaGard,morning,04:00,07:00,complete,COMPLETE,Portion of Rural Southeast Lodi,L16,Lodi,"North to E. Kettleman Ln., South to Tokay Colony Rd., East to Jack Tone Rd., West to Hibbard Rd.",5.4487,38.100392,-121.158371,https://www.google.com/maps/d/viewer?mid=1DUWhMyDnPVNar92IhLuoouhPFlUDXvpK,1DUWhMyDnPVNar92IhLuoouhPFlUDXvpK,wayback:20210902093910,2026-07-27T10:51:21Z
2021-08-11,ground,adult,DeltaGard,morning,05:00,07:00,complete,COMPLETE,Portion of Rural South Farmington,E52,Escalon,"North to Gawne Rd., South to Skiff Rd., East to Biederman Way, West to Temple Creek Rd.",2.8548,37.879231,-120.935445,https://www.google.com/maps/d/viewer?mid=1JFoWz4Pec-MeAO2ggH2GWY-76_OQy-C3,1JFoWz4Pec-MeAO2ggH2GWY-76_OQy-C3,wayback:20210902093910,2026-07-27T10:51:21Z
2021-08-12,aerial,adult,Dibrom,evening,20:30,22:30,complete,COMPLETE,Portion of Rural South County,SC7,South County,South of Manteca and West of Ripon to San Joaquin County Line,25.5735,37.698811,-121.205986,https://www.google.com/maps/d/viewer?mid=1eT2bb3UMgtKD5jYJ_ufl1laRSlIP__Mg,1eT2bb3UMgtKD5jYJ_ufl1laRSlIP__Mg,wayback:20210902093910,2026-07-27T10:51:21Z
2021-08-12,aerial,adult,Dibrom,evening,20:30,22:30,complete,COMPLETE,"Portions of Wright, Shima and Rindge Tracts and a portion of Lower Roberts Island",D26,Delta,,16.053,38.001274,-121.391936,https://www.google.com/maps/d/viewer?mid=1dlDyC8yq7L-TnAFt59IFtIL3tyqDFJsH,1dlDyC8yq7L-TnAFt59IFtIL3tyqDFJsH,wayback:20210902093910,2026-07-27T10:51:21Z
2021-08-13,aerial,adult,Dibrom,evening,20:30,22:30,complete,COMPLETE,"Delta area: Portions of McDonald Island, Rindge Tract, Medford Island, Lower Roberts Island, and Lower Jones Tract",D28,Delta,,35.6612,38.000458,-121.484133,https://www.google.com/maps/d/viewer?mid=1zMORm1rymHuKDjgQoeGgjdBYTjH5U5gY,1zMORm1rymHuKDjgQoeGgjdBYTjH5U5gY,wayback:20210902093910,2026-07-27T10:51:21Z
2021-08-13,ground,adult,Evergreen 5-25; DeltaGard,morning,04:00,07:00,complete,COMPLETE,Portion of Northwest Stockton,S5,Stockton,"North to Stanfield Dr., South to Mosher Slough, East to Thornton Rd., West to Bainbridge Pl. (Added 8/12/21)",1.408,38.032486,-121.346501,https://www.google.com/maps/d/viewer?mid=109q8EoTZrIRPqqWcYaVxLc9JdJ5qGeta,109q8EoTZrIRPqqWcYaVxLc9JdJ5qGeta,wayback:20210902093910,2026-07-27T10:51:21Z
2021-08-13,ground,adult,Evergreen 5-25; DeltaGard,morning,04:00,07:00,complete,COMPLETE,Portion of Rural East Lodi,L3,Lodi,"North to E. Sargent Rd., South to E. Harney Ln., East to one mile east of Tully Rd., West to Tully Rd. (Added 8/12/21)",5.6911,38.117387,-121.123846,https://www.google.com/maps/d/viewer?mid=1CcmBWbKNLi71Ywn0Ll8_JToDyRF1e86i,1CcmBWbKNLi71Ywn0Ll8_JToDyRF1e86i,wayback:20210902093910,2026-07-27T10:51:21Z
2021-08-13,ground,adult,Evergreen 5-25; DeltaGard,morning,04:00,07:00,complete,COMPLETE,Portion of Rural North Escalon,E32c,Escalon,"North to Dove Rd., South to Mahon Rd., East to Steinegul Rd., West to Escalon Bellota Rd. (Added 8/12/21)",14.3217,37.829176,-120.979659,https://www.google.com/maps/d/viewer?mid=1f7t40Gy5LaBvDY3R_hkf_CUW39GiNOuE,1f7t40Gy5LaBvDY3R_hkf_CUW39GiNOuE,wayback:20210902093910,2026-07-27T10:51:21Z
2021-08-13,ground,adult,Evergreen 5-25; DeltaGard,morning,04:00,07:00,complete,COMPLETE,Portion of Rural South County,SC1,South County,"North to one mile north of E. McMullin Rd., South to Perrin Rd., East to Airport Way, West to S. Hays Rd.",4.7947,37.735918,-121.263435,https://www.google.com/maps/d/viewer?mid=1dcvrXM7RFuFpl8saR2Bwl08cXfA3CU-C,1dcvrXM7RFuFpl8saR2Bwl08cXfA3CU-C,wayback:20210902093910,2026-07-27T10:51:21Z
2021-08-13,ground,adult,Evergreen 5-25; DeltaGard,morning,04:00,07:00,complete,COMPLETE,Portion of Rural South Delta Area,D30,Delta,"Portions of: Upper Jones Tract, Union Island and Drexler Tract",16.8895,37.892875,-121.477942,https://www.google.com/maps/d/viewer?mid=1i5uFt65faYfsvGRy9wf93xfhVs3QmKj_,1i5uFt65faYfsvGRy9wf93xfhVs3QmKj_,wayback:20210902093910,2026-07-27T10:51:21Z
2021-08-13,ground,adult,Evergreen 5-25; DeltaGard,morning,04:00,07:00,complete,COMPLETE,Portion of Rural Southeast Lodi,L16,Lodi,"North to E. Kettleman Ln., South to Tokay Colony Rd., East to Jack Tone Rd., West to Hibbard Rd. (Added 8/12/21)",5.4487,38.100392,-121.158371,https://www.google.com/maps/d/viewer?mid=1DUWhMyDnPVNar92IhLuoouhPFlUDXvpK,1DUWhMyDnPVNar92IhLuoouhPFlUDXvpK,wayback:20210902093910,2026-07-27T10:51:21Z
2021-08-13,ground,adult,Evergreen 5-25; DeltaGard,morning,04:00,07:00,complete,COMPLETE,Portion of Thornton Area,TH-2a,Thornton,"North to N. New Hope Rd., South to Beaver Slough, East to Mokelumne River and Kile Rd., West to I-5 (modified map 8/12/21)",4.0936,38.220954,-121.418066,https://www.google.com/maps/d/viewer?mid=1IllxTwsPTM0xmSzgId4MDSp3n94IL_6i,1IllxTwsPTM0xmSzgId4MDSp3n94IL_6i,wayback:20210902093910,2026-07-27T10:51:21Z
2021-08-17,ground,adult,Evergreen 5-25; DeltaGard,morning,04:30,07:00,complete,COMPLETE,Portion North Escalon,E49,Escalon,"North to Magnolia Ave., South to Yosemite Ave., East to Seidner Rd., West to Escalon-Bellota Rd.",9.9719,37.806838,-120.972732,https://www.google.com/maps/d/viewer?mid=1Hq9fyEcpMzvGjIcwQNP3khmRtHTDrEYy,1Hq9fyEcpMzvGjIcwQNP3khmRtHTDrEYy,wayback:20210902093910,2026-07-27T10:51:21Z
2021-08-18,ground,larval,VectoBac WDG,morning,04:00,06:00,complete,COMPLETE,Portion of West Stockton- Brookside area,S23,Stockton,"North to March Ln., South to Brookside Rd., West to Brookside Rd., East to Feather River Dr.",0.7464,37.980025,-121.349699,https://www.google.com/maps/d/viewer?mid=1JNoCNnTgawK0dNM7YpxQIOZZHDmI6jVQ,1JNoCNnTgawK0dNM7YpxQIOZZHDmI6jVQ,wayback:20210902093910,2026-07-27T10:51:21Z
2021-08-19,aerial,adult,Dibrom,evening,20:00,23:00,complete,COMPLETE,Delta Area,D17,Delta,"Portions of Brack Tract, Terminous Tract including Tower Park, Bouldin Island, and Staten Island",61.1567,38.155578,-121.479914,https://www.google.com/maps/d/viewer?mid=1LQZcE94-rLhxU1paWW1atApDz3ImdiAh,1LQZcE94-rLhxU1paWW1atApDz3ImdiAh,wayback:20210902093910,2026-07-27T10:51:21Z
2021-08-19,ground,adult,Evergreen 5-25; DeltaGard,evening,20:00,23:00,complete,COMPLETE,Delta Area,D6,Delta,West Roberts Island,10.682,37.97315,-121.45385,https://www.google.com/maps/d/viewer?mid=1tLFNWvooLxCsWS6xo4g5JBUGQ0y8XUtW,1tLFNWvooLxCsWS6xo4g5JBUGQ0y8XUtW,wayback:20210902093910,2026-07-27T10:51:21Z
2021-08-19,ground,adult,Evergreen 5-25; DeltaGard,evening,20:00,23:00,complete,COMPLETE,Portion of Rural East Lodi,L18,Lodi,"North to E. Sargent Rd., South to Live Oak Rd., East to two miles east of Jack Tone Rd., West to Hibbard Rd.",26.0755,38.105869,-121.140533,https://www.google.com/maps/d/viewer?mid=1noHqDetJPH9IdUhmKzfmMCFgi9S8Dm4b,1noHqDetJPH9IdUhmKzfmMCFgi9S8Dm4b,wayback:20210902093910,2026-07-27T10:51:21Z
2021-08-19,ground,adult,Evergreen 5-25; DeltaGard,evening,20:00,23:00,complete,COMPLETE,Portion of Rural North Escalon,E32b,Escalon,"North to Dove Rd., South to Lone Tree Rd., East to Steinegul Rd., West to Escalon Bellota Rd. (Added 8/19/21)",7.7882,37.83812,-120.980255,https://www.google.com/maps/d/viewer?mid=1pzrd8Hynh63FfYfcz3qOD73R8FLkBC5G,1pzrd8Hynh63FfYfcz3qOD73R8FLkBC5G,wayback:20210902093910,2026-07-27T10:51:21Z
2021-08-19,ground,adult,Dibrom; Evergreen 5-25; DeltaGard,evening,20:00,23:00,complete,COMPLETE,Portion of Rural South County,SC7,South County,Rural South County- South of Manteca and West Of Ripon to San Joaquin County Line,25.5735,37.698811,-121.205986,https://www.google.com/maps/d/viewer?mid=1eT2bb3UMgtKD5jYJ_ufl1laRSlIP__Mg,1eT2bb3UMgtKD5jYJ_ufl1laRSlIP__Mg,wayback:20210902093910,2026-07-27T10:51:21Z
2021-08-19,ground,adult,Evergreen 5-25; DeltaGard,evening,20:00,23:00,complete,COMPLETE,Portion of Rural South County,SC6,South County,,9.4377,37.731836,-121.264245,https://www.google.com/maps/d/viewer?mid=1f0-bFLjD5HOZiYHtBvIRbEUokEX27sXW,1f0-bFLjD5HOZiYHtBvIRbEUokEX27sXW,wayback:20210902093910,2026-07-27T10:51:21Z
2021-08-20,ground,adult,Evergreen 5-25; DeltaGard,morning,04:00,07:00,complete,COMPLETE,Eastern Portion of the City of Escalon,E2,Escalon,"North to California St., South to Vine Ave., East to Brook St., West to Main St. (Added 8/19/21)",0.722,37.793479,-120.986348,https://www.google.com/maps/d/viewer?mid=1dAECfkRz_7jwCBY8gbsz0rdNKdXfvz0b,1dAECfkRz_7jwCBY8gbsz0rdNKdXfvz0b,wayback:20210902093910,2026-07-27T10:51:21Z
2021-08-20,ground,adult,Evergreen 5-25; DeltaGard,morning,04:00,07:00,complete,COMPLETE,Portion of Farmington Area,E16,Escalon,"North to Hwy 4, South to one mile south of Hwy 4, East to 1/2 mile east of Escalon-Bellota Rd., West to 1/2 mile west of Escalon-Bellota Rd. (Added 8/19/21)",2.6174,37.92281,-120.999966,https://www.google.com/maps/d/viewer?mid=1e98hdgpLKPuy7BvLzie6nhCtZBZGbwD1,1e98hdgpLKPuy7BvLzie6nhCtZBZGbwD1,wayback:20210902093910,2026-07-27T10:51:21Z
2021-08-20,ground,adult,Evergreen 5-25; DeltaGard,morning,04:00,07:00,complete,COMPLETE,Portion of North Escalon,E44,Escalon,"North to Magnolia Rd., South to Yosemite Ave., East to Campbell Ave., West to Escalon-Bellota Rd. (Added 8/19/21)",3.4981,37.808134,-120.988167,https://www.google.com/maps/d/viewer?mid=1skIsWDdoEa6yXcq2Gcut_h38PctgtP8X,1skIsWDdoEa6yXcq2Gcut_h38PctgtP8X,wayback:20210902093910,2026-07-27T10:51:21Z
2021-08-20,ground,adult,Evergreen 5-25; DeltaGard,morning,04:00,07:00,complete,COMPLETE,Portion of Northwest Stockton- Brookside area,S23,Stockton,"North to W. March Ln., South to Brookside Rd., East to Feather River Dr., West to Brookside Rd",0.7464,37.980025,-121.349699,https://www.google.com/maps/d/viewer?mid=1JNoCNnTgawK0dNM7YpxQIOZZHDmI6jVQ,1JNoCNnTgawK0dNM7YpxQIOZZHDmI6jVQ,wayback:20210902093910,2026-07-27T10:51:21Z
2021-08-20,ground,adult,Evergreen 5-25; DeltaGard,morning,04:00,07:00,complete,COMPLETE,Portion of Rural West Lodi,L1,Lodi,"North to Hwy 12, South to Telephone Cut, East to I-5, West to three miles west of I-5",20.1046,38.092664,-121.40989,https://www.google.com/maps/d/viewer?mid=10gIMbuxlqr42DMKl4R2gFASKxx5RV0hS,10gIMbuxlqr42DMKl4R2gFASKxx5RV0hS,wayback:20210902093910,2026-07-27T10:51:21Z
2021-08-22,aerial,adult,Evergreen 5-25,evening,20:00,22:00,complete,COMPLETE,Rural East Lodi,L19,Lodi,"North to Sargent Rd., South to Live Oak Rd., East to 3.25 miles east of Hwy 88, West to Hwy. 88.",31.4825,38.10624,-121.145546,https://www.google.com/maps/d/viewer?mid=1p07lI8hIpY-Fz5cptz93OBTH9OeufUvx,1p07lI8hIpY-Fz5cptz93OBTH9OeufUvx,wayback:20210902093910,2026-07-27T10:51:21Z
2021-08-24,ground,adult,Evergreen 5-25; DeltaGard,morning,05:00,07:00,complete,COMPLETE,Portion of Rural Southeast Escalon,E51,Escalon,"North to Vine Ave., South to East River Rd., East to Victory Ave., West to Seidner Rd.",5.3104,37.778339,-120.936755,https://www.google.com/maps/d/viewer?mid=1Dbg4eYovjCjr9FZ21JkIXwzPCs36XrBY,1Dbg4eYovjCjr9FZ21JkIXwzPCs36XrBY,wayback:20210902093910,2026-07-27T10:51:21Z
2021-08-26,aerial,adult,Dibrom,evening,20:00,23:00,complete,COMPLETE,"Delta Area- Portions of Brack Tract, Terminous Tract, Canal Ranch Tract, and Staten Island",D20,Delta,,48.6023,38.154063,-121.484051,https://www.google.com/maps/d/viewer?mid=1eerPYLmEgQBgeRIY0FgZiZMwshAK5ABd,1eerPYLmEgQBgeRIY0FgZiZMwshAK5ABd,wayback:20210902093910,2026-07-27T10:51:21Z
2021-08-26,aerial,adult,Dibrom,evening,20:00,23:00,cancelled,CANCELED DUE TO WIND,"Delta Area- Portions of Shima Tract, Rindge Tract, Wright Tract, Lower Roberts Island",D2,Delta,,18.0124,38.001048,-121.394973,https://www.google.com/maps/d/viewer?mid=1heJJ35n0Ncl7mExjNCOLOt_OdLoFKLgy,1heJJ35n0Ncl7mExjNCOLOt_OdLoFKLgy,wayback:20210902093910,2026-07-27T10:51:21Z
2021-08-26,aerial,adult,Dibrom,evening,20:00,23:00,complete,COMPLETE,Portion of Rural South County,SC7,South County,South of Manteca and West Of Ripon to San Joaquin County Line,25.5735,37.698811,-121.205986,https://www.google.com/maps/d/viewer?mid=1eT2bb3UMgtKD5jYJ_ufl1laRSlIP__Mg,1eT2bb3UMgtKD5jYJ_ufl1laRSlIP__Mg,wayback:20210902093910,2026-07-27T10:51:21Z
2021-08-26,aerial,adult,Dibrom,evening,20:00,23:00,complete,COMPLETE,Portion of Rural South County,SC6,South County,,9.4377,37.731836,-121.264245,https://www.google.com/maps/d/viewer?mid=1f0-bFLjD5HOZiYHtBvIRbEUokEX27sXW,1f0-bFLjD5HOZiYHtBvIRbEUokEX27sXW,wayback:20210902093910,2026-07-27T10:51:21Z
2021-08-27,ground,adult,Evergreen 5-25; DeltaGard,morning,04:00,07:00,complete,COMPLETE,Portion of Clements Area,L17,Lodi,"North to Hwy 88, South to E. Stampede Rd., East to Clements Rd., West to Atkins Rd. (Added 8/26/21)",3.5494,38.181492,-121.086978,https://www.google.com/maps/d/viewer?mid=1a-s99-9JjYhfRdTtYYH9xaMsyuJebPif,1a-s99-9JjYhfRdTtYYH9xaMsyuJebPif,wayback:20210902093910,2026-07-27T10:51:21Z
2021-08-27,ground,adult,Evergreen 5-25; DeltaGard,morning,04:00,07:00,complete,COMPLETE,Portion of Northwest Stockton,S5,Stockton,"North to Stanfield Dr., South to Mosher Slough, East to Thornton Rd., West to Bainbridge Pl.",1.408,38.032486,-121.346501,https://www.google.com/maps/d/viewer?mid=109q8EoTZrIRPqqWcYaVxLc9JdJ5qGeta,109q8EoTZrIRPqqWcYaVxLc9JdJ5qGeta,wayback:20210902093910,2026-07-27T10:51:21Z
2021-08-27,ground,adult,Evergreen 5-25; DeltaGard,morning,04:00,07:00,complete,COMPLETE,Portion of Rural East Escalon,E29,Escalon,"North to OID Canal, South to Hwy 120, East to Victory Ave., West to Henry Rd. (Added 8/26/21)",3.7529,37.803345,-120.932621,https://www.google.com/maps/d/viewer?mid=1YdE4wGmIItr1fDrb1unsnlFVmpL_Tx5f,1YdE4wGmIItr1fDrb1unsnlFVmpL_Tx5f,wayback:20210902093910,2026-07-27T10:51:21Z
2021-08-27,ground,adult,Evergreen 5-25; DeltaGard,morning,04:00,07:00,complete,COMPLETE,Portion of Rural North County,L5,Lodi,"North to San Joaquin / Sacramento County Line, South to E. Collier Rd., East to N. Dustin Rd., West to N. Cherokee Ln. (Added 8/26/21)",11.4144,38.232667,-121.245307,https://www.google.com/maps/d/viewer?mid=1VXvuXqjTEODI-aPYj7fkjVyidzueIgIt,1VXvuXqjTEODI-aPYj7fkjVyidzueIgIt,wayback:20210902093910,2026-07-27T10:51:21Z
2021-08-27,ground,adult,Evergreen 5-25; DeltaGard,morning,04:00,07:00,complete,COMPLETE,Portion of Rural North Escalon,E32b,Escalon,"North to Dove Rd., South to Lone Tree Rd., East to Steinegul Rd., West to Escalon Bellota Rd. (Added 8/26/21)",7.7882,37.83812,-120.980255,https://www.google.com/maps/d/viewer?mid=1pzrd8Hynh63FfYfcz3qOD73R8FLkBC5G,1pzrd8Hynh63FfYfcz3qOD73R8FLkBC5G,wayback:20210902093910,2026-07-27T10:51:21Z
2021-08-27,ground,adult,Evergreen 5-25; DeltaGard,morning,04:00,07:00,complete,COMPLETE,Portion of Rural North San Joaquin County,L11,Lodi,"North to Collier Rd., South to E. Jahant Rd., East to N. Watkinson Rd., West to Elliot Rd. (Added 8/26/21)",4.1447,38.212421,-121.157157,https://www.google.com/maps/d/viewer?mid=1D6UGE2zmEkXy-e-RDCgUbMnbMNDBixKA,1D6UGE2zmEkXy-e-RDCgUbMnbMNDBixKA,wayback:20210902093910,2026-07-27T10:51:21Z
2021-08-27,ground,adult,Evergreen 5-25; DeltaGard,morning,04:00,07:00,complete,COMPLETE,Portion of Rural South Escalon,E9,Escalon,"North to Jones Rd., South to Stanislaus River, East to McHenry Ave., West to Brennan Rd. (Added 8/26/21)",3.5805,37.762971,-121.005503,https://www.google.com/maps/d/viewer?mid=1GyYAz3A_1FoOvpTInNSL_E0tBwsWQ2_2,1GyYAz3A_1FoOvpTInNSL_E0tBwsWQ2_2,wayback:20210902093910,2026-07-27T10:51:21Z
2021-08-27,ground,adult,Evergreen 5-25; DeltaGard,morning,04:00,07:00,complete,COMPLETE,Portion of Rural South Farmington,E17,Escalon,"North to Little John Creek, South to 1/2 mile south of Skiff Rd., East to Biederman Way, West to Van Allen Rd. (Added 8/26/21)",4.8014,37.872198,-121.041213,https://www.google.com/maps/d/viewer?mid=172FaIzWOcywpL8lfe7mjJ8vcPlNupL9U,172FaIzWOcywpL8lfe7mjJ8vcPlNupL9U,wayback:20210902093910,2026-07-27T10:51:21Z
2021-08-27,ground,adult,Evergreen 5-25; DeltaGard,morning,04:00,07:00,complete,COMPLETE,Portion of Rural South Manteca,M5,Manteca,"North to W. Ripon Rd., South to Melton Rd., East to Brown Rd., West to S. Union Rd.",6.3933,37.730164,-121.217225,https://www.google.com/maps/d/viewer?mid=15K9q3nAGaeY5piAMGFdsn9jSOTM6aTmC,15K9q3nAGaeY5piAMGFdsn9jSOTM6aTmC,wayback:20210902093910,2026-07-27T10:51:21Z
2021-08-27,ground,adult,Evergreen 5-25; DeltaGard,morning,04:00,07:00,complete,COMPLETE,Portion of Rural Southeast Escalon,E51,Escalon,"North to Vine Ave., South to East River Rd., East to Victory Ave., West to Seidner Rd. (Added 8/26/21)",5.3104,37.778339,-120.936755,https://www.google.com/maps/d/viewer?mid=1Dbg4eYovjCjr9FZ21JkIXwzPCs36XrBY,1Dbg4eYovjCjr9FZ21JkIXwzPCs36XrBY,wayback:20210902093910,2026-07-27T10:51:21Z
2021-08-27,ground,adult,Evergreen 5-25; DeltaGard,morning,04:00,07:00,complete,COMPLETE,Portion of Rural Southeast Lodi,L16,Lodi,"North to E. Kettleman Ln., South to Tokay Colony Rd., East to Jack Tone Rd., West to Hibbard Rd. (Added 8/26/21)",5.4487,38.100392,-121.158371,https://www.google.com/maps/d/viewer?mid=1DUWhMyDnPVNar92IhLuoouhPFlUDXvpK,1DUWhMyDnPVNar92IhLuoouhPFlUDXvpK,wayback:20210902093910,2026-07-27T10:51:21Z
2021-08-27,ground,adult,Evergreen 5-25; DeltaGard,morning,04:00,07:00,complete,COMPLETE,Portion of Rural West Lodi,L10,Lodi,Guard Rd. & White Slough area west of I-5 and south of Hwy 12,2.1605,38.109527,-121.416541,https://www.google.com/maps/d/viewer?mid=1kCjmYdRJwDWlsYgUhVuNHvrtYMq441vu,1kCjmYdRJwDWlsYgUhVuNHvrtYMq441vu,wayback:20210902093910,2026-07-27T10:51:21Z
2021-08-27,ground,adult,Evergreen 5-25; DeltaGard,morning,04:00,07:00,complete,COMPLETE,West Roberts Island,D6,Delta,,10.682,37.97315,-121.45385,https://www.google.com/maps/d/viewer?mid=1tLFNWvooLxCsWS6xo4g5JBUGQ0y8XUtW,1tLFNWvooLxCsWS6xo4g5JBUGQ0y8XUtW,wayback:20210902093910,2026-07-27T10:51:21Z
2021-08-30,ground,adult,Evergreen 5-25; DeltaGard,evening,19:45,23:00,complete,COMPLETE,Delta- Wright and Elmwood Tracts,D12,Delta,,8.6345,37.9957,-121.384856,https://www.google.com/maps/d/viewer?mid=11vvIxM7pP2tdGwJBH9n2sT4_KB-vzi7G,11vvIxM7pP2tdGwJBH9n2sT4_KB-vzi7G,wayback:20210902093910,2026-07-27T10:51:21Z
2021-09-02,ground,adult,Evergreen 5-25; DeltaGard,evening,19:30,22:30,complete,COMPLETE,Banta Area,T10,Tracy,"North to UPRR, South to UPRR/Altamont Commuter Express, East to Paradise Cut, West to Grant Line Rd./Kasson Rd.",10.9251,37.766113,-121.33241,https://www.google.com/maps/d/viewer?mid=1KuwZV1ORSzessHNVh4ZnUZfBiEoQ9Tms,1KuwZV1ORSzessHNVh4ZnUZfBiEoQ9Tms,wayback:20210902093910,2026-07-27T10:51:21Z
2021-09-02,aerial,adult,Dibrom,evening,20:00,23:00,complete,COMPLETE,Delta- Portions of Brack Tract & Canal Ranch Tract,D19,Delta,,20.6303,38.156217,-121.465452,https://www.google.com/maps/d/viewer?mid=1vvayjDPp0Qr4mnJcXNipm413z_uf41Bs,1vvayjDPp0Qr4mnJcXNipm413z_uf41Bs,wayback:20210902093910,2026-07-27T10:51:21Z
2021-09-02,aerial,adult,Dibrom,evening,20:00,23:00,complete,COMPLETE,"Delta- Portions of McDonald Island, Rindge Tract, and Lower Roberts Island",D27,Delta,,25.833,37.998942,-121.481657,https://www.google.com/maps/d/viewer?mid=15KNjPPXo7DhP5Z9R9_tVZ8eC8h7X3iC8,15KNjPPXo7DhP5Z9R9_tVZ8eC8h7X3iC8,wayback:20210902093910,2026-07-27T10:51:21Z
2021-09-02,ground,adult,Evergreen 5-25; DeltaGard,evening,19:30,22:30,complete,COMPLETE,Portion of Rural East Ripon,R6,Ripon,"North to East River Rd., South to Stanislaus River, East to Sexton Rd., West to Wagner Rd. (Added 9/2/21)",8.2511,37.749998,-121.062134,https://www.google.com/maps/d/viewer?mid=1YL9H_Hvsk8cDWeuU1zLV1nZCaWJG3bh-,1YL9H_Hvsk8cDWeuU1zLV1nZCaWJG3bh-,wayback:20211016055904,2026-07-27T10:51:22Z
2021-09-02,ground,adult,Evergreen 5-25; DeltaGard,evening,19:30,22:30,scheduled,,Portion of Rural North Escalon,E32c,Escalon,"North to Dove Rd., South to Lone Tree Rd., East to Steinegul Rd., West to Droge Rd.",9.0307,37.83814,-120.983199,https://www.google.com/maps/d/viewer?mid=17ri-jW2sjftf1187rNzzlgVv-7kPhLcI,17ri-jW2sjftf1187rNzzlgVv-7kPhLcI,wayback:20210902093910,2026-07-27T10:51:21Z
2021-09-02,ground,adult,Evergreen 5-25; DeltaGard,evening,19:30,22:30,complete,COMPLETE,Portion of Rural South County,SC6,South County,,9.4377,37.731836,-121.264245,https://www.google.com/maps/d/viewer?mid=1f0-bFLjD5HOZiYHtBvIRbEUokEX27sXW,1f0-bFLjD5HOZiYHtBvIRbEUokEX27sXW,wayback:20210902093910,2026-07-27T10:51:21Z
2021-09-02,ground,adult,Evergreen 5-25; DeltaGard,evening,19:30,22:30,scheduled,,Portion of Rural South County - Division Rd. Area,SC8B,South County,"North to Avenue D & Division Rd., South to San Joaquin and Stanislaus Rivers, East to Stanislaus River / Ave D, West to Two Rivers Rd.",7.575,37.683736,-121.23097,https://www.google.com/maps/d/viewer?mid=12pIzSEWaFB7oKf8CyTs4Ubweu52hngAB,12pIzSEWaFB7oKf8CyTs4Ubweu52hngAB,wayback:20210902093910,2026-07-27T10:51:21Z
2021-09-02,ground,adult,Evergreen 5-25; DeltaGard,evening,19:30,22:30,complete,COMPLETE,Portion of Rural South Escalon,E6,Escalon,"North to Greenleaf Rd., South to Stanislaus River, East to Stanislaus River, West to Brennan Rd (Added 9/2/21)",1.4408,37.75737,-121.00603,https://www.google.com/maps/d/viewer?mid=1t0mLpgcO74l4M4QIge2qBuA2QAQsmvP0,1t0mLpgcO74l4M4QIge2qBuA2QAQsmvP0,wayback:20211016055904,2026-07-27T10:51:22Z
2021-09-02,ground,adult,Evergreen 5-25; DeltaGard,evening,19:30,22:30,complete,COMPLETE,Portion of Rural West Lodi,L2,Lodi,"North to W. Harney Ln., South to Armstrong Rd., East to UPRR, West to Ray Rd.",3.608,38.093629,-121.358177,https://www.google.com/maps/d/viewer?mid=1qyqINJ64VL6CFMAUQXpiVPuMDgwqIWnd,1qyqINJ64VL6CFMAUQXpiVPuMDgwqIWnd,wayback:20210902093910,2026-07-27T10:51:21Z
2021-09-02,ground,adult,Evergreen 5-25; DeltaGard,evening,19:30,22:30,complete,COMPLETE,Portion of Rural West Lodi,L14,Lodi,"North to Hwy 12, South to White Sough, East to 1/2 mile west of I-5, West to 2 & 1/3 miles west of I-5",10.1623,38.100254,-121.415963,https://www.google.com/maps/d/viewer?mid=1sYH5f6uQ2kZKy3FfeC0zkGhtJW60FURz,1sYH5f6uQ2kZKy3FfeC0zkGhtJW60FURz,wayback:20210902093910,2026-07-27T10:51:21Z
2021-09-02,ground,adult,Evergreen 5-25; DeltaGard,evening,19:30,22:30,complete,COMPLETE,Rural South Delta,D30,Delta,"Portions of Upper Jones Tract, Union Island and Drexler Tract",16.8895,37.892875,-121.477942,https://www.google.com/maps/d/viewer?mid=1i5uFt65faYfsvGRy9wf93xfhVs3QmKj_,1i5uFt65faYfsvGRy9wf93xfhVs3QmKj_,wayback:20210902093910,2026-07-27T10:51:21Z
2021-09-03,ground,adult,Evergreen 5-25; DeltaGard,morning,04:00,07:00,complete,COMPLETE,Portion of Farmington Area,E16,Escalon,"North to Hwy 4, South to one mile south of Hwy 4, East to 1/2 mile east of Escalon-Bellota Rd., West to 1/2 mile west of Escalon-Bellota Rd. (Added 9/2/21)",2.6174,37.92281,-120.999966,https://www.google.com/maps/d/viewer?mid=1e98hdgpLKPuy7BvLzie6nhCtZBZGbwD1,1e98hdgpLKPuy7BvLzie6nhCtZBZGbwD1,wayback:20211016055904,2026-07-27T10:51:22Z
2021-09-03,ground,adult,Evergreen 5-25; DeltaGard,morning,04:00,07:00,complete,COMPLETE,Portion of Rural East Lodi,L3,Lodi,"North to E. Sargent Rd., South to E. Harney Ln., East to one mile east of Tully Rd., West to Tully Rd. (Added 9/2/21)",5.6911,38.117387,-121.123846,https://www.google.com/maps/d/viewer?mid=1CcmBWbKNLi71Ywn0Ll8_JToDyRF1e86i,1CcmBWbKNLi71Ywn0Ll8_JToDyRF1e86i,wayback:20211016055904,2026-07-27T10:51:22Z
2021-09-03,ground,adult,Evergreen 5-25; DeltaGard,morning,04:00,07:00,complete,COMPLETE,Portion of Rural South County - Division Rd. Area,SC8B,South County,"North to Avenue D & Division Rd., South to San Joaquin and Stanislaus Rivers, East to Stanislaus River / Ave D, West to Two Rivers Rd. (moved from 9/2/21 schedule)",7.575,37.683736,-121.23097,https://www.google.com/maps/d/viewer?mid=12pIzSEWaFB7oKf8CyTs4Ubweu52hngAB,12pIzSEWaFB7oKf8CyTs4Ubweu52hngAB,wayback:20211016055904,2026-07-27T10:51:22Z
2021-09-03,ground,adult,Evergreen 5-25; DeltaGard,morning,04:00,07:00,complete,COMPLETE,Portion of Rural SoutheastLodi,L16,Lodi,"North to E. Kettleman Ln., South to Tokay Colony Rd., East to Jack Tone Rd., West to Hibbard Rd. (Added 9/2/21)",5.4487,38.100392,-121.158371,https://www.google.com/maps/d/viewer?mid=1DUWhMyDnPVNar92IhLuoouhPFlUDXvpK,1DUWhMyDnPVNar92IhLuoouhPFlUDXvpK,wayback:20211016055904,2026-07-27T10:51:22Z
2021-09-03,ground,adult,Evergreen 5-25; DeltaGard,morning,04:00,07:00,complete,COMPLETE,Portion of Southwest Tracy,T24,Tracy,"North to W. Schulte Rd., South to Western Pacific RR, East to Corral Hollow Rd., West to Lammers Rd. (Added 9/2/21)",2.4286,37.723344,-121.466573,https://www.google.com/maps/d/viewer?mid=1jQtP48kCzXy_SAdTO4Og851NV8rm6puG,1jQtP48kCzXy_SAdTO4Og851NV8rm6puG,wayback:20211016055904,2026-07-27T10:51:22Z
2021-09-03,ground,adult,Evergreen 5-25; DeltaGard,morning,04:00,07:00,scheduled,,Ripon Sewer,R2,Ripon,"North to Doak Rd., South to Stanislaus County Line, East to Stockton Ave., West to Robert Ave. (Added 9/2/21) COMPELTE",0.7947,37.726509,-121.130382,https://www.google.com/maps/d/viewer?mid=1UVI-M5eTIEkrLZvrJx2Qwxb6K_VYNYkN,1UVI-M5eTIEkrLZvrJx2Qwxb6K_VYNYkN,wayback:20211016055904,2026-07-27T10:51:22Z
2021-09-03,ground,adult,Evergreen 5-25; DeltaGard,morning,04:00,07:00,complete,COMPLETE,Rural North Victor,L13,Lodi,"North to Schmeidt Rd., South to .25 miles south of Kirschenman Rd., East to Mokelumne River, West to Bruella Rd. (Added 9/2/21)",0.8643,38.14948,-121.200429,https://www.google.com/maps/d/viewer?mid=1V7P5x_TBOE9iyAM4Qso7iysno1I4HtNl,1V7P5x_TBOE9iyAM4Qso7iysno1I4HtNl,wayback:20211016055904,2026-07-27T10:51:22Z
2021-09-08,ground,adult,Evergreen 5-25; DeltaGard,morning,04:00,07:00,complete,COMPLETE,Portion of North Escalon,E18b,Escalon,"North to Mahon Rd., South to California St., East to Campbell Ave., West to Escalon-Bellota Rd.",2.4109,37.803291,-120.987973,https://www.google.com/maps/d/viewer?mid=1G2t1pochbjwb2_bP3tx2GNdZ4FphWamy,1G2t1pochbjwb2_bP3tx2GNdZ4FphWamy,wayback:20211016055904,2026-07-27T10:51:22Z
2021-09-09,aerial,adult,Dibrom,evening,19:30,22:00,scheduled,,"Delta Area- Portions of Brack Tract, Terminous Tract, Canal Ranch Tract, and Staten Island",D20,Delta,Partially complete,48.6023,38.154063,-121.484051,https://www.google.com/maps/d/viewer?mid=1eerPYLmEgQBgeRIY0FgZiZMwshAK5ABd,1eerPYLmEgQBgeRIY0FgZiZMwshAK5ABd,wayback:20211016055904,2026-07-27T10:51:22Z
2021-09-09,aerial,adult,Dibrom,evening,19:30,22:00,scheduled,,Delta Area- Portions of Empire Tract and Terminous Tract,D29,Delta,Postponed until further notice,12.7919,38.080455,-121.480218,https://www.google.com/maps/d/viewer?mid=1YxdmeEmftJ1kSIV8yZiuneMI0UHy7d3p,1YxdmeEmftJ1kSIV8yZiuneMI0UHy7d3p,wayback:20211016055904,2026-07-27T10:51:22Z
2021-09-09,ground,adult,Evergreen 5-25; DeltaGard,evening,19:30,22:00,complete,COMPLETE,Portion of Rural West Lodi,L1,Lodi,"North to Hwy 12, South to Telephone Cut, East to I-5, West to three miles west of I-5 (added Sept. 9, 2021)",20.1046,38.092664,-121.40989,https://www.google.com/maps/d/viewer?mid=10gIMbuxlqr42DMKl4R2gFASKxx5RV0hS,10gIMbuxlqr42DMKl4R2gFASKxx5RV0hS,wayback:20211016055904,2026-07-27T10:51:22Z
2021-09-09,aerial,adult,Evergreen 5-25,evening,19:30,22:00,scheduled,,Rural South County including San Joaquin River Club,SC5,South County,Postponed until further notice,21.0777,37.705028,-121.273963,https://www.google.com/maps/d/viewer?mid=1KpIEKoFmhDre_MQygRLEyjAEu4ZHVNXu,1KpIEKoFmhDre_MQygRLEyjAEu4ZHVNXu,wayback:20211016055904,2026-07-27T10:51:22Z
2021-09-09,aerial,adult,Evergreen 5-25,evening,19:30,22:00,scheduled,,Rural South County- South of Manteca to San Joaquin and Stanislaus Rivers and East to Austin Rd,SC10,South County,.: Postponed until further notice,15.7895,37.691244,-121.218864,https://www.google.com/maps/d/viewer?mid=14yRwQfb4gCxBGLbuPDUtClMvFosdVN6A,14yRwQfb4gCxBGLbuPDUtClMvFosdVN6A,wayback:20211016055904,2026-07-27T10:51:22Z
2021-09-11,ground,adult,Evergreen 5-25; DeltaGard,morning,04:30,07:00,complete,COMPLETE,Portion of North Escalon Area,E18c,Escalon,"North to Mahon Rd., South to Coley Ave. & Jackson Ave., East to Campbell Ave., West to Escalon-Bellota Rd. & Coley Ave.",2.8739,37.801846,-120.987675,https://www.google.com/maps/d/viewer?mid=14ZuypHnp_2Po9DouPe7lPPXtRhiaYP4i,14ZuypHnp_2Po9DouPe7lPPXtRhiaYP4i,wayback:20211016055904,2026-07-27T10:51:22Z
2021-09-11,ground,adult,Evergreen 5-25; DeltaGard,morning,04:30,07:00,complete,COMPLETE,Portion of Rural Northeast Escalon,E47,Escalon,"North to Lonetree Rd., South to 1/2 mile south of Lonetree Rd., East to Henry Rd., West to Steinegul Rd.",1.4092,37.823956,-120.951557,https://www.google.com/maps/d/viewer?mid=1juOccYb4KKmECrgdrojDmOl5ZR1EWBKt,1juOccYb4KKmECrgdrojDmOl5ZR1EWBKt,wayback:20211016055904,2026-07-27T10:51:22Z
2021-09-13,aerial,adult,Dibrom,evening,19:30,22:00,complete,COMPLETE,Delta Area West of Lodi,D24,Delta,"Portions of Brack Tract, Canal Ranch Tract, Terminous Tract, and Staten Island",20.6698,38.146043,-121.513409,https://www.google.com/maps/d/viewer?mid=1Mu7Z_-wX6WLKRtgA4c0gWL6wphwIzMF1,1Mu7Z_-wX6WLKRtgA4c0gWL6wphwIzMF1,wayback:20211016055904,2026-07-27T10:51:22Z
2021-09-13,aerial,adult,Dibrom,evening,19:30,22:00,complete,COMPLETE,Delta Area- Portions of Empire Tract and Terminous Tract,D29,Delta,,12.7919,38.080455,-121.480218,https://www.google.com/maps/d/viewer?mid=1YxdmeEmftJ1kSIV8yZiuneMI0UHy7d3p,1YxdmeEmftJ1kSIV8yZiuneMI0UHy7d3p,wayback:20211016055904,2026-07-27T10:51:22Z
2021-09-13,ground,adult,Evergreen 5-25; DeltaGard,evening,19:15,22:00,complete,COMPLETE,Portion of Clements Area,L17,Lodi,"North to Hwy 88, South to E. Stampede Rd., East to Clements Rd., West to Atkins Rd.",3.5494,38.181492,-121.086978,https://www.google.com/maps/d/viewer?mid=1a-s99-9JjYhfRdTtYYH9xaMsyuJebPif,1a-s99-9JjYhfRdTtYYH9xaMsyuJebPif,wayback:20211016055904,2026-07-27T10:51:22Z
2021-09-13,ground,adult,Evergreen 5-25; DeltaGard,evening,19:15,22:00,complete,COMPLETE,Portion of Rural South Farmington,E17,Escalon,"North to Little John Creek, South to 1/2 mile south of Skiff Rd., East to Biederman Way, West to Van Allen Rd.",4.8014,37.872198,-121.041213,https://www.google.com/maps/d/viewer?mid=172FaIzWOcywpL8lfe7mjJ8vcPlNupL9U,172FaIzWOcywpL8lfe7mjJ8vcPlNupL9U,wayback:20211016055904,2026-07-27T10:51:22Z
2021-09-13,ground,adult,Evergreen 5-25; DeltaGard,evening,19:15,22:00,complete,COMPLETE,Portion of Rural Southeast Escalon Area,E6,Escalon,"North to Greenleaf Rd., South to Stanislaus River, East to Stanislaus River, West to Brennan Rd",1.4408,37.75737,-121.00603,https://www.google.com/maps/d/viewer?mid=1t0mLpgcO74l4M4QIge2qBuA2QAQsmvP0,1t0mLpgcO74l4M4QIge2qBuA2QAQsmvP0,wayback:20211016055904,2026-07-27T10:51:22Z
2021-09-13,aerial,adult,Evergreen 5-25,evening,19:30,22:00,complete,COMPLETE,Rural South County including San Joaquin River Club,SC5,South County,,21.0777,37.705028,-121.273963,https://www.google.com/maps/d/viewer?mid=1KpIEKoFmhDre_MQygRLEyjAEu4ZHVNXu,1KpIEKoFmhDre_MQygRLEyjAEu4ZHVNXu,wayback:20211016055904,2026-07-27T10:51:22Z
2021-09-13,aerial,adult,Evergreen 5-25,evening,19:30,22:00,complete,COMPLETE,Rural South County- South of Manteca to San Joaquin and Stanislaus Rivers and East to Austin Rd,SC10,South County,.,15.7895,37.691244,-121.218864,https://www.google.com/maps/d/viewer?mid=14yRwQfb4gCxBGLbuPDUtClMvFosdVN6A,14yRwQfb4gCxBGLbuPDUtClMvFosdVN6A,wayback:20211016055904,2026-07-27T10:51:22Z
2021-09-14,aerial,adult,Evergreen 5-25,evening,19:30,22:00,complete,COMPLETE,Portion of Rural East Lodi,L19,Lodi,"North to Sargent Rd., South to Live Oak Rd., East to 3.25 miles east of Hwy 88, West to Hwy. 88",31.4825,38.10624,-121.145546,https://www.google.com/maps/d/viewer?mid=1p07lI8hIpY-Fz5cptz93OBTH9OeufUvx,1p07lI8hIpY-Fz5cptz93OBTH9OeufUvx,wayback:20211016055904,2026-07-27T10:51:22Z
2021-09-16,aerial,adult,Dibrom,evening,19:30,22:00,complete,COMPLETE,Delta Area West of Lodi,D32,Delta,"Portions of the following tracts: Canal Ranch, Brack, Empire, Terminous, and portions of the following islands: Venice and Bouldin Added 9/15/21",60.8969,38.119973,-121.472047,https://www.google.com/maps/d/viewer?mid=1FtnYHsvxw5GmRG0pTXe1BIISdXCs6hhb,1FtnYHsvxw5GmRG0pTXe1BIISdXCs6hhb,wayback:20211016055904,2026-07-27T10:51:22Z
2021-09-16,ground,adult,Evergreen 5-25; DeltaGard,evening,19:15,22:00,complete,COMPLETE,Delta Area: Rural Northwest Stockton,D31,Delta,Portions of Bishop Tract and Rindge Tract 9/15/21,11.2082,38.029497,-121.411619,https://www.google.com/maps/d/viewer?mid=1FdocPSK2tI3AlJvH2n8sAlIXoonGLytK,1FdocPSK2tI3AlJvH2n8sAlIXoonGLytK,wayback:20211016055904,2026-07-27T10:51:22Z
2021-09-16,ground,adult,DeltaGard,morning,04:00,06:00,complete,COMPLETE,Portion of Northwest Stockton- Brookside Area,S23,Stockton,"North to W. March Ln., South to Brookside Rd., East to Feather River Dr., West to Brookside Rd",0.7464,37.980025,-121.349699,https://www.google.com/maps/d/viewer?mid=1JNoCNnTgawK0dNM7YpxQIOZZHDmI6jVQ,1JNoCNnTgawK0dNM7YpxQIOZZHDmI6jVQ,wayback:20211016055904,2026-07-27T10:51:22Z
2021-09-16,ground,adult,Evergreen 5-25; DeltaGard,evening,19:15,22:00,complete,COMPLETE,Portion of Rural East Escalon,E29,Escalon,"North to OID Canal, South to Hwy 120, East to Victory Ave., West to Henry Rd.",3.7529,37.803345,-120.932621,https://www.google.com/maps/d/viewer?mid=1YdE4wGmIItr1fDrb1unsnlFVmpL_Tx5f,1YdE4wGmIItr1fDrb1unsnlFVmpL_Tx5f,wayback:20211016055904,2026-07-27T10:51:22Z
2021-09-16,ground,adult,Evergreen 5-25; DeltaGard,evening,19:15,22:00,complete,COMPLETE,Portion of Rural North Escalon,E32b,Escalon,"North to Dove Rd., South to Lone Tree Rd., East to Steinegul Rd., West to Escalon Bellota Rd.",7.7882,37.83812,-120.980255,https://www.google.com/maps/d/viewer?mid=1pzrd8Hynh63FfYfcz3qOD73R8FLkBC5G,1pzrd8Hynh63FfYfcz3qOD73R8FLkBC5G,wayback:20211016055904,2026-07-27T10:51:22Z
2021-09-16,ground,adult,Evergreen 5-25; DeltaGard,evening,19:15,22:00,complete,COMPLETE,Portion of Rural Northeast Tracy,T25,Tracy,"North to Old River, South to Canal Blvd., East to Tom Paine Rd., West to Tom Paine Slough Added 9/15/21",5.4603,37.793245,-121.405338,https://www.google.com/maps/d/viewer?mid=1UO02Wz5MOy9xiqc2-cNkAMv_uzcfGvNv,1UO02Wz5MOy9xiqc2-cNkAMv_uzcfGvNv,wayback:20211016055904,2026-07-27T10:51:22Z
2021-09-16,ground,adult,Evergreen 5-25; DeltaGard,evening,19:15,22:00,complete,COMPLETE,Portion of Rural Northwest Lodi,L6,Lodi,"North to Mokelumne River, South to W, Peltier Rd., East to N. Davis Rd., West to Devries Rd. Added 9/15/21",3.5152,38.198337,-121.345706,https://www.google.com/maps/d/viewer?mid=1gL0gCyT5pWlf2zFstm4Y8CinwcUj2lSu,1gL0gCyT5pWlf2zFstm4Y8CinwcUj2lSu,wayback:20211016055904,2026-07-27T10:51:22Z
2021-09-16,ground,adult,Evergreen 5-25; DeltaGard,evening,19:15,22:00,complete,COMPLETE,Portion of Rural West Lodi,L1,Lodi,"North to Hwy 12, South to Telephone Cut, East to I-5, West to three miles west of I-5 Added 9/15/21",20.1046,38.092664,-121.40989,https://www.google.com/maps/d/viewer?mid=10gIMbuxlqr42DMKl4R2gFASKxx5RV0hS,10gIMbuxlqr42DMKl4R2gFASKxx5RV0hS,wayback:20211016055904,2026-07-27T10:51:22Z
2021-09-16,ground,adult,Evergreen 5-25; DeltaGard,evening,19:15,22:00,complete,COMPLETE,Portion of Rural West Lodi,L2,Lodi,"North to W. Harney Ln., South to Armstrong Rd., East to UPRR, West to Ray Rd. Added 9/15/21",3.608,38.093629,-121.358177,https://www.google.com/maps/d/viewer?mid=1qyqINJ64VL6CFMAUQXpiVPuMDgwqIWnd,1qyqINJ64VL6CFMAUQXpiVPuMDgwqIWnd,wayback:20211016055904,2026-07-27T10:51:22Z
2021-09-16,ground,adult,Evergreen 5-25; DeltaGard,evening,19:15,22:00,complete,COMPLETE,Portion of South Manteca,M13,Manteca,"North to Woodward Ave., South to Fig Rd., East to Union Rd., West to Airport Way Added 9/15/21",2.5974,37.76896,-121.242818,https://www.google.com/maps/d/viewer?mid=1iPJE8rppERB2oWrzhW2bHV2NwUTqSoiN,1iPJE8rppERB2oWrzhW2bHV2NwUTqSoiN,wayback:20211016055904,2026-07-27T10:51:22Z
2021-09-16,ground,adult,Evergreen 5-25; DeltaGard,evening,19:15,22:00,complete,COMPLETE,Rural South Delta,D30,Delta,"Portions of: Upper Jones Tract, Union Island and Drexler Tract Added 9/15/21",16.8895,37.892875,-121.477942,https://www.google.com/maps/d/viewer?mid=1i5uFt65faYfsvGRy9wf93xfhVs3QmKj_,1i5uFt65faYfsvGRy9wf93xfhVs3QmKj_,wayback:20211016055904,2026-07-27T10:51:22Z
2021-09-23,aerial,adult,Dibrom,evening,19:00,22:00,scheduled,,Delta Area,D21,Delta,Portions of both Roberts Island and Jones Tract Partially Complete-Reschedule Pending,17.2152,37.962345,-121.458349,https://www.google.com/maps/d/viewer?mid=1Il586Mwk__gaOLBiVcEwxfD0jd3DWoWI,1Il586Mwk__gaOLBiVcEwxfD0jd3DWoWI,wayback:20211016055904,2026-07-27T10:51:22Z
2021-09-23,aerial,adult,Dibrom,evening,19:00,22:00,complete,COMPLETE,Delta Area,D4(b),Delta,"Portions of Brack Tract, Canal Ranch, and Terminous Tract",18.4193,38.152114,-121.464831,https://www.google.com/maps/d/viewer?mid=1w4m0HR6_JrxOswRP87KSFQ6pt7llvfG7,1w4m0HR6_JrxOswRP87KSFQ6pt7llvfG7,wayback:20211016055904,2026-07-27T10:51:22Z
2021-09-23,aerial,adult,Dibrom,evening,19:00,22:00,complete,COMPLETE,Portion of Rural South County,SC10,South County,South of Manteca to San Joaquin and Stanislaus Rivers and East to Austin Rd.,15.7895,37.691244,-121.218864,https://www.google.com/maps/d/viewer?mid=14yRwQfb4gCxBGLbuPDUtClMvFosdVN6A,14yRwQfb4gCxBGLbuPDUtClMvFosdVN6A,wayback:20211016055904,2026-07-27T10:51:22Z
2021-09-24,ground,adult,Evergreen 5-25; DeltaGard,morning,04:30,07:00,complete,COMPLETE,Portion of Lockeford,L20,Lodi,"North to Hwy 88, South to Brandt Rd., East to one mile east of Jack Tone Rd., West to Jack Tone Rd. Added 9/23/21",4.1045,38.156353,-121.143533,https://www.google.com/maps/d/viewer?mid=1QS2-HBcpX3Owbe7m5wVgAC7lve9gkmqN,1QS2-HBcpX3Owbe7m5wVgAC7lve9gkmqN,wayback:20211016055904,2026-07-27T10:51:22Z
2021-09-24,ground,adult,Evergreen 5-25; DeltaGard,morning,04:30,07:00,complete,COMPLETE,Portion of Rural East Escalon,E29,Escalon,"North to OID Canal, South to Hwy 120, East to Victory Ave., West to Henry Rd. Added 9/23/21",3.7529,37.803345,-120.932621,https://www.google.com/maps/d/viewer?mid=1YdE4wGmIItr1fDrb1unsnlFVmpL_Tx5f,1YdE4wGmIItr1fDrb1unsnlFVmpL_Tx5f,wayback:20211016055904,2026-07-27T10:51:22Z
2021-09-24,ground,adult,Evergreen 5-25; DeltaGard,morning,04:30,07:00,complete,COMPLETE,Portion of Rural East Lodi,L3,Lodi,"North to E. Sargent Rd., South to E. Harney Ln., East to one mile east of Tully Rd., West to Tully Rd. Added 9/23/21",5.6911,38.117387,-121.123846,https://www.google.com/maps/d/viewer?mid=1CcmBWbKNLi71Ywn0Ll8_JToDyRF1e86i,1CcmBWbKNLi71Ywn0Ll8_JToDyRF1e86i,wayback:20211016055904,2026-07-27T10:51:22Z
2021-09-24,ground,adult,Evergreen 5-25; DeltaGard,morning,04:30,07:00,complete,COMPLETE,Portion of Rural East Ripon,R6,Ripon,"North to East River Rd., South to Stanislaus River, East to Sexton Rd., West to Wagner Rd. Added 9/23/21",8.2511,37.749998,-121.062134,https://www.google.com/maps/d/viewer?mid=1YL9H_Hvsk8cDWeuU1zLV1nZCaWJG3bh-,1YL9H_Hvsk8cDWeuU1zLV1nZCaWJG3bh-,wayback:20211016055904,2026-07-27T10:51:22Z
2021-09-24,ground,adult,Evergreen 5-25; DeltaGard,morning,04:30,07:00,complete,COMPLETE,Portion of the Thornton Area,TH-1,Thornton,"North to N. New Hope Rd., South to W. Kile Rd., East to Kile Rd., West to 1/2 mile East of Blossom Rd.",5.504,38.21644,-121.422553,https://www.google.com/maps/d/viewer?mid=14kuLQkUBpE4Cc5VUL8qn4sgI_ap6t6zg,14kuLQkUBpE4Cc5VUL8qn4sgI_ap6t6zg,wayback:20211016055904,2026-07-27T10:51:22Z
2021-09-25,ground,adult,DeltaGard,morning,04:30,07:30,complete,COMPLETE,South of Linden in Peters Area,LN1,Linden,"North to Milton Rd., South to Dietrich Rd., East to S. Hewitt Rd., West to Dietrich Rd.",6.8929,37.969293,-121.048624,https://www.google.com/maps/d/viewer?mid=1R_RiNEfMd4G8SeShcRgdl-KMMcDs82Q4,1R_RiNEfMd4G8SeShcRgdl-KMMcDs82Q4,wayback:20211016055904,2026-07-27T10:51:22Z
2021-09-30,aerial,adult,Evergreen 5-25,evening,19:00,22:00,complete,COMPLETE,Delta Area,D14,Delta,"Portions of: Brack Tract, Terminous Tract, and Empire Tract",42.3253,38.114859,-121.466947,https://www.google.com/maps/d/viewer?mid=1CM0QIkUKKvykwZ_rnzU3pVb_JJ8EqPJo,1CM0QIkUKKvykwZ_rnzU3pVb_JJ8EqPJo,wayback:20211016055904,2026-07-27T10:51:22Z
2021-09-30,aerial,adult,Evergreen 5-25,evening,19:00,22:00,complete,COMPLETE,Delta Area,D33,Delta,Portion of Staten Island,10.7902,38.184394,-121.513032,https://www.google.com/maps/d/viewer?mid=1VKiPBFn9SOGvcRePaBD10Y12H9kOqvVI,1VKiPBFn9SOGvcRePaBD10Y12H9kOqvVI,wayback:20211016055904,2026-07-27T10:51:22Z
2021-09-30,aerial,adult,Dibrom,evening,19:00,22:00,complete,COMPLETE,Portion of Rural South County,SC10,South County,South of Manteca to San Joaquin and Stanislaus Rivers and East to Austin Rd.,15.7895,37.691244,-121.218864,https://www.google.com/maps/d/viewer?mid=14yRwQfb4gCxBGLbuPDUtClMvFosdVN6A,14yRwQfb4gCxBGLbuPDUtClMvFosdVN6A,wayback:20211016055904,2026-07-27T10:51:22Z
2021-10-01,ground,adult,Evergreen 5-25; DeltaGard,morning,04:00,07:00,complete,COMPLETE,Portion of Rural North Escalon,E32b,Escalon,"North to Dove Rd., South to Lone Tree Rd., East to Steinegul Rd., West to Escalon Bellota Rd.",7.7882,37.83812,-120.980255,https://www.google.com/maps/d/viewer?mid=1pzrd8Hynh63FfYfcz3qOD73R8FLkBC5G,1pzrd8Hynh63FfYfcz3qOD73R8FLkBC5G,wayback:20211016055904,2026-07-27T10:51:22Z
2021-10-01,ground,adult,Evergreen 5-25; DeltaGard,morning,04:00,07:00,complete,COMPLETE,Portion of Rural West Ripon,R4b,Ripon,"North to W. Ripon Rd. and Hutchinson Rd., South to E. Moncure Rd., East to Mohler Rd., West to S. Frederick Ave. & Austin Rd.",3.8198,37.727415,-121.162603,https://www.google.com/maps/d/viewer?mid=1n4xsRgDHiekiDAfHAshvFPQZ7mnXdBMP,1n4xsRgDHiekiDAfHAshvFPQZ7mnXdBMP,wayback:20211016055904,2026-07-27T10:51:22Z
2021-10-01,ground,adult,Evergreen 5-25; DeltaGard,morning,04:00,07:00,complete,COMPLETE,Portion of Southeast Ripon,R7,Ripon,"North to California St., South to Reynolds Ave., East to Stanislaus River, West to Hwy 99",0.6856,37.739101,-121.115917,https://www.google.com/maps/d/viewer?mid=1HzyOlrVrI9rQS7YHzkDj0Q1AYORy-Tti,1HzyOlrVrI9rQS7YHzkDj0Q1AYORy-Tti,wayback:20211016055904,2026-07-27T10:51:22Z
2021-10-05,ground,adult,DeltaGard,morning,04:00,06:00,complete,COMPLETE,Portion of the Brookside Area,S18,Stockton,,0.1934,37.978459,-121.346315,https://www.google.com/maps/d/viewer?mid=1HT2qwVHbN9k8GVX6E6p2dkRa91virreA,1HT2qwVHbN9k8GVX6E6p2dkRa91virreA,wayback:20211016055904,2026-07-27T10:51:22Z
2021-10-05,ground,adult,Evergreen 5-25; DeltaGard,evening,19:00,22:00,complete,COMPLETE,Ripon Sewer,R2,Ripon,"North to Doak Rd., South to Stanislaus County Line, East to Stockton Ave., West to Robert Ave.",0.7947,37.726509,-121.130382,https://www.google.com/maps/d/viewer?mid=1UVI-M5eTIEkrLZvrJx2Qwxb6K_VYNYkN,1UVI-M5eTIEkrLZvrJx2Qwxb6K_VYNYkN,wayback:20211016055904,2026-07-27T10:51:22Z
2021-10-05,ground,adult,Evergreen 5-25; DeltaGard,evening,19:00,22:00,complete,COMPLETE,Spring Creek Golf and Country Club,R3,Ripon,,0.4436,37.743511,-121.10244,https://www.google.com/maps/d/viewer?mid=1TWaD-FWkhMWLKBWeREadXtCfLIxTRUoF,1TWaD-FWkhMWLKBWeREadXtCfLIxTRUoF,wayback:20211016055904,2026-07-27T10:51:22Z
2021-10-05,ground,adult,Evergreen 5-25; DeltaGard,evening,19:00,22:00,complete,COMPLETE,West Ripon and South Manteca,SC12,South County,,39.5365,37.707292,-121.201449,https://www.google.com/maps/d/viewer?mid=1xY_NM7SqMbV4LJ85R4eZoBPh4MgjshC2,1xY_NM7SqMbV4LJ85R4eZoBPh4MgjshC2,wayback:20211016055904,2026-07-27T10:51:22Z
2021-10-06,aerial,adult,Dibrom,evening,19:00,22:00,complete,COMPLETE,Brack Track,D32A,Delta,(Added 10/5/21),9.9765,38.158437,-121.444175,https://www.google.com/maps/d/viewer?mid=1q3UOlCS7KtOFsLYlJKcDbKaI-J3jsvbr,1q3UOlCS7KtOFsLYlJKcDbKaI-J3jsvbr,wayback:20211016055904,2026-07-27T10:51:22Z
2021-10-06,ground,larval,VectoBac WDG,morning,04:00,06:00,complete,COMPLETE,Portion of Brookside Area,S18,Stockton,(Added 10/5/21),0.1934,37.978459,-121.346315,https://www.google.com/maps/d/viewer?mid=1HT2qwVHbN9k8GVX6E6p2dkRa91virreA,1HT2qwVHbN9k8GVX6E6p2dkRa91virreA,wayback:20211016055904,2026-07-27T10:51:22Z
2021-10-06,aerial,adult,Dibrom,evening,19:00,22:00,complete,COMPLETE,West Ripon and Rural South County including SJ River Club,SC14,South County,(Added 10/5/21),38.8553,37.699878,-121.212319,https://www.google.com/maps/d/viewer?mid=14tOWxS1vaMrc3vGP7SQAnFcsaY3hNNBH,14tOWxS1vaMrc3vGP7SQAnFcsaY3hNNBH,wayback:20211016055904,2026-07-27T10:51:22Z
2021-10-07,ground,larval,VectoBac WDG,morning,04:00,06:00,complete,COMPLETE,North Escalon,E50,Escalon,"North to Mission St., South to California St., East to Justin Dr., West to Sierra Dr. (Added 10/5/21)",0.3066,37.798412,-120.987012,https://www.google.com/maps/d/viewer?mid=1cNTxkWgN0uafEyp6fywYwqrN69idoF9-,1cNTxkWgN0uafEyp6fywYwqrN69idoF9-,wayback:20211016055904,2026-07-27T10:51:22Z
2021-10-14,ground,adult,Evergreen 5-25; DeltaGard,evening,18:30,21:30,complete,COMPLETE,Portion of Rural South County,SC3,South County,"North to Division Rd., South to San Joaquin and Stanislaus Rivers, East to Stanislaus River, West to Two Rivers Rd.",3.7968,37.677092,-121.228648,https://www.google.com/maps/d/viewer?mid=1zR43QiilWe_TRZveFZagCaWv3wJJuHY1,1zR43QiilWe_TRZveFZagCaWv3wJJuHY1,wayback:20211016055904,2026-07-27T10:51:22Z
2021-10-28,ground,adult,Evergreen 5-25,evening,18:00,20:00,complete,COMPLETE,Portion of Rural South West Stockton,,Unknown,"North to Burns Cutoff., South to Hwy 4, East to San Joaquin River, West to Woodsbro Rd.",4.4817,37.933329,-121.349537,https://www.google.com/maps/d/viewer?mid=1WP5Oq1lYwmIDjVmrtGfzI2fJGsAgN5lz,1WP5Oq1lYwmIDjVmrtGfzI2fJGsAgN5lz,wayback:20220126075602,2026-07-27T10:51:26Z
2021-11-05,ground,adult,Evergreen 5-25,morning,06:00,07:30,scheduled,,South East Stockton including a Portion of Stockton Port and Stockton Waste Water Treatment Facility,,Unknown,,5.8175,37.93565,-121.349778,https://www.google.com/maps/d/viewer?mid=1MYqWA3jRRwTf-B1RYAiB_BgXrHmjVR8c,1MYqWA3jRRwTf-B1RYAiB_BgXrHmjVR8c,wayback:20220126075602,2026-07-27T10:51:26Z
2022-06-08,ground,adult,DeltaGard,morning,05:00,07:00,complete,COMPLETE,Portion of Rural Northeast Escalon,E41a,Escalon,"North to Lone Tree Rd., South to 1/4 mile south of Dutra Ln., East to Victory Ave., West to Henry Rd.",1.7341,37.823032,-120.933308,https://www.google.com/maps/d/viewer?mid=1QiNT1gi7mNosct7nFbhvzzHjX11S6l8,1QiNT1gi7mNosct7nFbhvzzHjX11S6l8,wayback:20220705061854,2026-07-27T10:51:30Z
2022-06-10,ground,adult,DeltaGard,morning,05:00,07:00,complete,COMPLETE,Portion of Rural Southeast Farmington,E52,Escalon,"North to Carter Rd., South to one mile south of Carter Rd., East to San Joaquin County Line., West to Henry Rd.",2.8548,37.879231,-120.935445,https://www.google.com/maps/d/viewer?mid=1JFoWz4Pec-MeAO2ggH2GWY-76_OQy-C3,1JFoWz4Pec-MeAO2ggH2GWY-76_OQy-C3,wayback:20220705061854,2026-07-27T10:51:30Z
2022-06-11,ground,adult,DeltaGard,morning,05:00,07:00,complete,COMPLETE,Portion of Rural North Escalon,E32,Escalon,"North to Edwards Ave., South to Lone Tree Rd., East to Steinegul Rd., West to Campbell Rd.",2.8222,37.834832,-120.970382,https://www.google.com/maps/d/viewer?mid=1jcTfl6WPUGgh0g7_rX17F2kWKbC2oEuU,1jcTfl6WPUGgh0g7_rX17F2kWKbC2oEuU,wayback:20220705061854,2026-07-27T10:51:30Z
2022-06-15,ground,adult,DeltaGard,morning,04:30,06:30,complete,COMPLETE,Portion of Brookside in Stockton,S18,Stockton,Boulder Creek Area,0.1934,37.978459,-121.346315,https://www.google.com/maps/d/viewer?mid=1HT2qwVHbN9k8GVX6E6p2dkRa91virreA,1HT2qwVHbN9k8GVX6E6p2dkRa91virreA,wayback:20220705061854,2026-07-27T10:51:30Z
2022-06-15,ground,adult,DeltaGard,morning,04:30,06:30,complete,COMPLETE,Portion of North Escalon,E50,Escalon,"North to Mission St., South to California St., East to Justin Dr., West to Sierra Dr.",0.3066,37.798412,-120.987012,https://www.google.com/maps/d/viewer?mid=1cNTxkWgN0uafEyp6fywYwqrN69idoF9-,1cNTxkWgN0uafEyp6fywYwqrN69idoF9-,wayback:20220705061854,2026-07-27T10:51:30Z
2022-06-21,aerial,adult,Evergreen 5-25,evening,20:30,22:30,complete,COMPLETE,Delta Area,D34,Delta,South Staten Island and Portions of Brack Tract and Bouldin Island,26.978,38.140638,-121.525925,https://www.google.com/maps/d/viewer?mid=1EED6vrU0iCrljgCdhexg-G2f_xg7HM4,1EED6vrU0iCrljgCdhexg-G2f_xg7HM4,wayback:20220705061854,2026-07-27T10:51:30Z
2022-06-21,aerial,adult,Evergreen 5-25,evening,20:30,22:30,complete,COMPLETE,Delta Area,D26,Delta,Portions of the following Tracts: Wright-Shima-Rindge & Roberts Island,16.053,38.001274,-121.391936,https://www.google.com/maps/d/viewer?mid=1dlDyC8yq7L-TnAFt59IFtIL3tyqDFJsH,1dlDyC8yq7L-TnAFt59IFtIL3tyqDFJsH,wayback:20220705061854,2026-07-27T10:51:30Z
2022-06-30,aerial,adult,Dibrom,evening,21:00,23:00,complete,COMPLETE,"Portions of Shima Tract, Rindge Tract, Wright Tract, Lower Roberts Island",D2,Delta,,18.0124,38.001048,-121.394973,https://www.google.com/maps/d/viewer?mid=1heJJ35n0Ncl7mExjNCOLOt_OdLoFKLgy,1heJJ35n0Ncl7mExjNCOLOt_OdLoFKLgy,wayback:20220705061854,2026-07-27T10:51:30Z
2022-07-08,ground,adult,Evergreen 5-25; DeltaGard,morning,04:00,06:00,complete,COMPLETE,Eastern Portion of the City of Escalon,E2,Escalon,"North to California St., South to Vine Ave., East to Brook St., West to Main St.",0.722,37.793479,-120.986348,https://www.google.com/maps/d/viewer?mid=1dAECfkRz_7jwCBY8gbsz0rdNKdXfvz0b,1dAECfkRz_7jwCBY8gbsz0rdNKdXfvz0b,wayback:20220809192240,2026-07-27T10:51:31Z
2022-07-08,ground,adult,Evergreen 5-25; DeltaGard,morning,04:00,06:00,complete,COMPLETE,Portion of Rural South County - Division Rd. Area,SC8B,South County,"North to Avenue D & Division Rd., South to San Joaquin and Stanislaus Rivers, East to Stanislaus River / Ave D, West to Two Rivers Rd.",7.575,37.683736,-121.23097,https://www.google.com/maps/d/viewer?mid=12pIzSEWaFB7oKf8CyTs4Ubweu52hngAB,12pIzSEWaFB7oKf8CyTs4Ubweu52hngAB,wayback:20220809192240,2026-07-27T10:51:31Z
2022-07-08,ground,adult,Evergreen 5-25; DeltaGard,morning,04:00,06:00,complete,COMPLETE,Rural East Escalon,E54,Escalon,"North to Owens Rd., South to Hwy 120, East to Steinegul Rd., West to Yosemite Ave.",1.2939,37.798933,-120.966823,https://www.google.com/maps/d/viewer?mid=1vTids3zFJAcli1TPALxYLYVqZZNuwGc,1vTids3zFJAcli1TPALxYLYVqZZNuwGc,wayback:20220809192240,2026-07-27T10:51:31Z
2022-07-08,ground,adult,Evergreen 5-25; DeltaGard,morning,04:00,06:00,complete,COMPLETE,Rural South Escalon,E53a,Escalon,"North to Lemon Ave., South to Orange Ave., East to Sutliff Rd., West to Harrold Ave. and Santa Fe Rd.",2.3184,37.776835,-120.952333,https://www.google.com/maps/d/viewer?mid=1wRyuUw34O2SERhvCpVG_LdLiQ6Zn7UQ,1wRyuUw34O2SERhvCpVG_LdLiQ6Zn7UQ,wayback:20220809192240,2026-07-27T10:51:31Z
2022-07-10,aerial,adult,Dibrom,evening,20:30,23:00,complete,COMPLETE,"Portions of Shima Tract, Rindge Tract, Wright Tract, Lower Roberts Island",D2,Delta,,18.0124,38.001048,-121.394973,https://www.google.com/maps/d/viewer?mid=1heJJ35n0Ncl7mExjNCOLOt_OdLoFKLgy,1heJJ35n0Ncl7mExjNCOLOt_OdLoFKLgy,wayback:20220809192240,2026-07-27T10:51:31Z
2022-07-13,ground,adult,DeltaGard,morning,05:00,07:00,complete,COMPLETE,Rural South Escalon,E53a,Escalon,"North to Lemon Ave., South to Orange Ave., East to Sutliff Rd., West to Harrold Ave. and Santa Fe Rd.",2.3184,37.776835,-120.952333,https://www.google.com/maps/d/viewer?mid=1wRyuUw34O2SERhvCpVG_LdLiQ6Zn7UQ,1wRyuUw34O2SERhvCpVG_LdLiQ6Zn7UQ,wayback:20220809192240,2026-07-27T10:51:31Z
2022-07-14,ground,adult,Evergreen 5-25; DeltaGard,morning,05:00,07:00,complete,COMPLETE,Rural Northeast Escalon,E53,Escalon,"North to Grooms Rd., South to Thalheim Colony Rd., East to Victory Ave., West to Steinegul Rd.",7.2532,37.825129,-120.942584,https://www.google.com/maps/d/viewer?mid=1o_I-CFVNFnW7smIBeOOLXLE5Y64cPCo,1o_I-CFVNFnW7smIBeOOLXLE5Y64cPCo,wayback:20220809192240,2026-07-27T10:51:31Z
2022-07-15,ground,adult,DeltaGard; Evergreen 5-25,morning,04:30,06:30,complete,COMPLETE,Louis Park Area- West Stockton,S11A,Stockton,"North to Shimizu Dr., South to Monte Diablo Ave. and Fremont St., East to I-5, West to San Joaquin River",0.6693,37.95724,-121.338049,https://www.google.com/maps/d/viewer?mid=1drzTlJnR3WydIDDUO-Q9-YQss6rgaJ2o,1drzTlJnR3WydIDDUO-Q9-YQss6rgaJ2o,wayback:20220809192240,2026-07-27T10:51:31Z
2022-07-15,ground,adult,DeltaGard; Evergreen 5-25,morning,04:30,06:30,complete,COMPLETE,Portion of Rural South County - Division Rd. Area,SC8B,South County,"North to Avenue D & Division Rd., South to San Joaquin and Stanislaus Rivers, East to Stanislaus River / Ave D, West to Two Rivers Rd.",7.575,37.683736,-121.23097,https://www.google.com/maps/d/viewer?mid=12pIzSEWaFB7oKf8CyTs4Ubweu52hngAB,12pIzSEWaFB7oKf8CyTs4Ubweu52hngAB,wayback:20220809192240,2026-07-27T10:51:31Z
2022-07-16,aerial,adult,Dibrom,evening,20:45,23:00,complete,COMPLETE,Delta Area,D35,Delta,"Portions of Staten Island, Brack Tract, and Terminous Tract",24.8963,38.142732,-121.50593,https://www.google.com/maps/d/viewer?mid=11S-zSov2nDmHB8a_XULuSPJCopKjB7k,11S-zSov2nDmHB8a_XULuSPJCopKjB7k,wayback:20220809192240,2026-07-27T10:51:31Z
2022-07-16,aerial,adult,Dibrom,evening,20:45,23:00,complete,COMPLETE,Delta Area,D2,Delta,"Portions of Shima Tract, Rindge Tract, Wright Tract, and Lower Roberts Island",18.0124,38.001048,-121.394973,https://www.google.com/maps/d/viewer?mid=1heJJ35n0Ncl7mExjNCOLOt_OdLoFKLgy,1heJJ35n0Ncl7mExjNCOLOt_OdLoFKLgy,wayback:20220809192240,2026-07-27T10:51:31Z
2022-07-18,ground,adult,DeltaGard; Evergreen 5-25,morning,04:30,06:30,complete,COMPLETE,Delta Area,D32A,Delta,Portion of Brack Tract,9.9765,38.158437,-121.444175,https://www.google.com/maps/d/viewer?mid=1q3UOlCS7KtOFsLYlJKcDbKaI-J3jsvbr,1q3UOlCS7KtOFsLYlJKcDbKaI-J3jsvbr,wayback:20220809192240,2026-07-27T10:51:31Z
2022-07-18,ground,adult,DeltaGard; Evergreen 5-25,morning,04:30,06:30,complete,COMPLETE,Morada Area,S3,Stockton,"North to Hildreth Ln., South to Foppiano Ln., East to N. Ashley Ln., West to Alhambra Ave following south of Shippee Ln",1.615,38.031257,-121.2333,https://www.google.com/maps/d/viewer?mid=1iofbUoJ4X1Cx08pjYP9P-9-uQ9iVvdgQ,1iofbUoJ4X1Cx08pjYP9P-9-uQ9iVvdgQ,wayback:20220809192240,2026-07-27T10:51:31Z
2022-07-22,ground,adult,DeltaGard; Evergreen 5-25,morning,04:00,07:00,complete,COMPLETE,East Ripon,R5b,Ripon,"(Added), North to East River Rd., South to Stanislaus River, East to Sexton Rd., West to Murphy Rd",14.5451,37.749809,-121.079451,https://www.google.com/maps/d/viewer?mid=1a_FqzNZDHOF58m_Vj9wSa4lSmnXmQCQ8,1a_FqzNZDHOF58m_Vj9wSa4lSmnXmQCQ8,wayback:20220809192240,2026-07-27T10:51:31Z
2022-07-22,ground,adult,DeltaGard; Evergreen 5-25,morning,04:00,07:00,complete,COMPLETE,Portion of North Stockton,S2,Stockton,"North to Meadow Ave., South to W. Lincoln Rd., East to Pershing Ave., West to Alexandria Place",0.2477,38.014823,-121.334916,https://www.google.com/maps/d/viewer?mid=1UQwW_oOGjT5eFXgphjooM-w62D0o2Dnr,1UQwW_oOGjT5eFXgphjooM-w62D0o2Dnr,wayback:20220809192240,2026-07-27T10:51:31Z
2022-07-22,ground,adult,DeltaGard; Evergreen 5-25,morning,04:00,07:00,complete,COMPLETE,Rural South Escalon,E53a,Escalon,"(Added), North to Lemon Ave., South to Orange Ave., East to Sutliff Rd., West to Harrold Ave. and Santa Fe Rd.",2.3184,37.776835,-120.952333,https://www.google.com/maps/d/viewer?mid=1wRyuUw34O2SERhvCpVG_LdLiQ6Zn7UQ,1wRyuUw34O2SERhvCpVG_LdLiQ6Zn7UQ,wayback:20220809192240,2026-07-27T10:51:31Z
2022-07-22,ground,adult,DeltaGard; Evergreen 5-25,morning,04:00,07:00,complete,COMPLETE,Stockton- Brookside Area,S18,Stockton,(Added),0.1934,37.978459,-121.346315,https://www.google.com/maps/d/viewer?mid=1HT2qwVHbN9k8GVX6E6p2dkRa91virreA,1HT2qwVHbN9k8GVX6E6p2dkRa91virreA,wayback:20220809192240,2026-07-27T10:51:31Z
2022-07-22,ground,adult,DeltaGard; Evergreen 5-25,morning,04:00,07:00,complete,COMPLETE,Stockton- Oak Grove Regional Park,S7,Stockton,,0.7452,38.054162,-121.365877,https://www.google.com/maps/d/viewer?mid=1hqgr7DgbegomEcw7hwlzDK3DsiAX4cZU,1hqgr7DgbegomEcw7hwlzDK3DsiAX4cZU,wayback:20220809192240,2026-07-27T10:51:31Z
2022-07-23,ground,adult,DeltaGard,morning,04:30,06:30,complete,COMPLETE,Portion of Rural Southeast Escalon,E54,Escalon,"North to San Joaquin Main Canal, South to East River Rd., East to Henry Rd., West to 1/2 mile west of Seidner Rd.",1.3409,37.765658,-120.949952,https://www.google.com/maps/d/viewer?mid=1AkUkbwVUInPfTrVW1Ij0TPfq5icT_n0,1AkUkbwVUInPfTrVW1Ij0TPfq5icT_n0,wayback:20220809192240,2026-07-27T10:51:31Z
2022-07-24,aerial,adult,Evergreen 5-25,evening,20:30,23:00,complete,COMPLETE,Delta Area,D3,Delta,"Portions of Shima Tract, Rindge Tract, Wright Tract, Lower Roberts Island",24.8479,38.014741,-121.39736,https://www.google.com/maps/d/viewer?mid=151h4otrEYfexJiUy3PTMbUXzy7KvxVeE,151h4otrEYfexJiUy3PTMbUXzy7KvxVeE,wayback:20220809192240,2026-07-27T10:51:31Z
2022-07-24,aerial,adult,Evergreen 5-25,evening,20:30,23:00,cancelled,CANCELED DUE TO WEATHER,Delta Area,D4(b),Delta,"Portions of Brack Tract, Canal Ranch, and Terminous Tract",18.4193,38.152114,-121.464831,https://www.google.com/maps/d/viewer?mid=1w4m0HR6_JrxOswRP87KSFQ6pt7llvfG7,1w4m0HR6_JrxOswRP87KSFQ6pt7llvfG7,wayback:20220809192240,2026-07-27T10:51:31Z
2022-07-26,ground,adult,DeltaGard; Evergreen 5-25,morning,04:30,07:00,complete,COMPLETE,Portion of Rural South County- Division Road area,SC8B,South County,"North to Avenue D & Division Rd., South to San Joaquin and Stanislaus Rivers, East to Stanislaus River / Ave D, West to Two Rivers Rd., Division Rd., and Airport Way",7.575,37.683736,-121.23097,https://www.google.com/maps/d/viewer?mid=12pIzSEWaFB7oKf8CyTs4Ubweu52hngAB,12pIzSEWaFB7oKf8CyTs4Ubweu52hngAB,wayback:20220809192240,2026-07-27T10:51:31Z
2022-07-26,ground,adult,DeltaGard; Evergreen 5-25,morning,04:30,07:00,complete,COMPLETE,Portion of Rural Southeast Escalon,E54,Escalon,"North to San Joaquin Main Canal, South to East River Rd., East to Henry Rd., West to 1/2 mile west of Seidner Rd.",1.3409,37.765658,-120.949952,https://www.google.com/maps/d/viewer?mid=1AkUkbwVUInPfTrVW1Ij0TPfq5icT_n0,1AkUkbwVUInPfTrVW1Ij0TPfq5icT_n0,wayback:20220809192240,2026-07-27T10:51:31Z
2022-07-26,ground,adult,DeltaGard; Evergreen 5-25,morning,04:30,07:00,complete,COMPLETE,Rural South Escalon,E53a,Escalon,"North to Lemon Ave., South to Orange Ave., East to Sutliff Rd., West to Harrold Ave. and Santa Fe Rd.",2.3184,37.776835,-120.952333,https://www.google.com/maps/d/viewer?mid=1wRyuUw34O2SERhvCpVG_LdLiQ6Zn7UQ,1wRyuUw34O2SERhvCpVG_LdLiQ6Zn7UQ,wayback:20220809192240,2026-07-27T10:51:31Z
2022-07-27,ground,adult,DeltaGard; Evergreen 5-25,morning,05:00,07:00,complete,COMPLETE,Portion of Rural Northeast Escalon,E55,Escalon,"North to Lone Tree Rd., South to 3/4 mile south of Lone Tree Rd., East to Green Estates Ln., West to Steinegul Rd.",2.2465,37.822359,-120.950122,https://www.google.com/maps/d/viewer?mid=1B1x29cmKdtIJZgu-lYNFutU74hQvLnA,1B1x29cmKdtIJZgu-lYNFutU74hQvLnA,wayback:20220809192240,2026-07-27T10:51:31Z
2022-07-27,ground,adult,DeltaGard; Evergreen 5-25,morning,05:00,07:00,complete,COMPLETE,Portion of Rural South County- Division Road area,SC8B,South County,"North to Avenue D & Division Rd., South to San Joaquin and Stanislaus Rivers, East to Stanislaus River / Ave D, West to Two Rivers Rd., Division Rd., and Airport Way",7.575,37.683736,-121.23097,https://www.google.com/maps/d/viewer?mid=12pIzSEWaFB7oKf8CyTs4Ubweu52hngAB,12pIzSEWaFB7oKf8CyTs4Ubweu52hngAB,wayback:20220809192240,2026-07-27T10:51:31Z
2022-07-28,aerial,adult,Dibrom,evening,20:45,23:00,complete,COMPLETE,Delta Islands,D2,Delta,"Portions of Shima Tract, Rindge Tract, Wright Tract, Lower Roberts Island (Added 7/27/22)",18.0124,38.001048,-121.394973,https://www.google.com/maps/d/viewer?mid=1heJJ35n0Ncl7mExjNCOLOt_OdLoFKLgy,1heJJ35n0Ncl7mExjNCOLOt_OdLoFKLgy,wayback:20220809192240,2026-07-27T10:51:31Z
2022-07-28,ground,adult,DeltaGard; Evergreen 5-25,evening,20:15,23:00,complete,COMPLETE,Portion of East Ripon Area including Spring Creek Golf Course,R5b,Ripon,"North to East River Rd., South to Stanislaus River, East to Sexton Rd., West to S. Manley Rd. (Added 7/27/22)",14.5451,37.749809,-121.079451,https://www.google.com/maps/d/viewer?mid=1a_FqzNZDHOF58m_Vj9wSa4lSmnXmQCQ8,1a_FqzNZDHOF58m_Vj9wSa4lSmnXmQCQ8,wayback:20220809192240,2026-07-27T10:51:31Z
2022-07-28,aerial,adult,Dibrom,evening,20:45,23:00,complete,COMPLETE,Portion of Rural South Manteca,M14,Manteca,,21.3314,37.685572,-121.229679,https://www.google.com/maps/d/viewer?mid=12xGTjMvjqDwBQMDtDtlF2g9AWg2rrrg,12xGTjMvjqDwBQMDtDtlF2g9AWg2rrrg,wayback:20220809192240,2026-07-27T10:51:31Z
2022-07-29,ground,adult,Evergreen 5-25,morning,04:30,07:00,complete,COMPLETE,Portion of Rural Northeast Escalon,E55,Escalon,"North to Lone Tree Rd., South to 3/4 mile south of Lone Tree Rd., East to Green Estates Ln., West to Steinegul Rd",2.2465,37.822359,-120.950122,https://www.google.com/maps/d/viewer?mid=1B1x29cmKdtIJZgu-lYNFutU74hQvLnA,1B1x29cmKdtIJZgu-lYNFutU74hQvLnA,wayback:20220809192240,2026-07-27T10:51:31Z
2022-07-29,ground,adult,Evergreen 5-25,morning,04:30,07:00,complete,COMPLETE,Portion of the Farmington Area,E16,Escalon,"North to Hwy 4, South to one mile south of Hwy 4, East to 1/2 mile east of Escalon-Bellota Rd., West to 1/2 mile west of Escalon-Bellota Rd. (Added 7/28/22)",2.6174,37.92281,-120.999966,https://www.google.com/maps/d/viewer?mid=1e98hdgpLKPuy7BvLzie6nhCtZBZGbwD1,1e98hdgpLKPuy7BvLzie6nhCtZBZGbwD1,wayback:20220809192240,2026-07-27T10:51:31Z
2022-08-04,aerial,adult,Dibrom,evening,20:30,23:00,complete,COMPLETE,Delta Islands,D21,Delta,Portions of Roberts Island and Jones Tract,17.2152,37.962345,-121.458349,https://www.google.com/maps/d/viewer?mid=1Il586Mwk__gaOLBiVcEwxfD0jd3DWoWI,1Il586Mwk__gaOLBiVcEwxfD0jd3DWoWI,wayback:20220809192240,2026-07-27T10:51:31Z
2022-08-04,aerial,adult,Dibrom,evening,20:30,23:00,complete,COMPLETE,Delta Islands,D2,Delta,"Portions of Shima Tract, Rindge Tract, Wright Tract, Lower Roberts Island",18.0124,38.001048,-121.394973,https://www.google.com/maps/d/viewer?mid=1heJJ35n0Ncl7mExjNCOLOt_OdLoFKLgy,1heJJ35n0Ncl7mExjNCOLOt_OdLoFKLgy,wayback:20220809192240,2026-07-27T10:51:31Z
2022-08-04,aerial,adult,Dibrom,evening,20:30,23:00,complete,COMPLETE,Delta Islands,D4(b),Delta,"Portions of Brack Tract, Canal Ranch, and Terminous Tract",18.4193,38.152114,-121.464831,https://www.google.com/maps/d/viewer?mid=1w4m0HR6_JrxOswRP87KSFQ6pt7llvfG7,1w4m0HR6_JrxOswRP87KSFQ6pt7llvfG7,wayback:20220809192240,2026-07-27T10:51:31Z
2022-08-04,aerial,adult,Dibrom,evening,20:30,23:00,complete,COMPLETE,Portion of Rural East Ripon,R6b,Ripon,"North to .6 mile south of Greenleaf Rd., South to Stanislaus River, East to Sexton Rd., West to Wagner Rd.",5.2528,37.747065,-121.060768,https://www.google.com/maps/d/viewer?mid=1LbMmKcckTL0-yCdEYBd5mEiHab4yhFg,1LbMmKcckTL0-yCdEYBd5mEiHab4yhFg,wayback:20220809192240,2026-07-27T10:51:31Z
2022-08-04,aerial,adult,Dibrom,evening,20:30,23:00,complete,COMPLETE,Portion of Rural South County,SC6,South County,,9.4377,37.731836,-121.264245,https://www.google.com/maps/d/viewer?mid=1f0-bFLjD5HOZiYHtBvIRbEUokEX27sXW,1f0-bFLjD5HOZiYHtBvIRbEUokEX27sXW,wayback:20220809192240,2026-07-27T10:51:31Z
2022-08-04,aerial,adult,Dibrom,evening,20:30,23:00,complete,COMPLETE,Portion of Rural South Manteca,M14,Manteca,,21.3314,37.685572,-121.229679,https://www.google.com/maps/d/viewer?mid=12xGTjMvjqDwBQMDtDtlF2g9AWg2rrrg,12xGTjMvjqDwBQMDtDtlF2g9AWg2rrrg,wayback:20220809192240,2026-07-27T10:51:31Z
2022-08-05,ground,adult,DeltaGard; Evergreen 5-25,morning,04:00,06:00,complete,COMPLETE,Morada Area,S3,Stockton,"North to Hildreth Ln., South to Foppiano Ln., East to N. Ashley Ln., West to Alhambra Ave following south of Shippee Ln",1.615,38.031257,-121.2333,https://www.google.com/maps/d/viewer?mid=1iofbUoJ4X1Cx08pjYP9P-9-uQ9iVvdgQ,1iofbUoJ4X1Cx08pjYP9P-9-uQ9iVvdgQ,wayback:20220809192240,2026-07-27T10:51:31Z
2022-08-05,ground,adult,DeltaGard; Evergreen 5-25,morning,04:00,06:00,complete,COMPLETE,Portion of Rural East Lodi,L21,Lodi,"North to Sargent Rd., South to Harney Ln., East to Atkins Rd., West to Tully Rd.",10.8497,38.117644,-121.114956,https://www.google.com/maps/d/viewer?mid=152qbbYUgMZxcmP-6JmeRi_fpS--LCjs,152qbbYUgMZxcmP-6JmeRi_fpS--LCjs,wayback:20220809192240,2026-07-27T10:51:31Z
2022-08-05,ground,adult,DeltaGard; Evergreen 5-25,morning,04:00,06:00,complete,COMPLETE,Portion of Rural East Lodi,L22,Lodi,"North to Kettleman Ln., South to Tokay Colony Rd., East to Jack Tone Rd., West to Hibbard Rd.",5.4858,38.100661,-121.158786,https://www.google.com/maps/d/viewer?mid=16_lYcyvjPL2kIYFjBYw5h-_JXxaV1y4,16_lYcyvjPL2kIYFjBYw5h-_JXxaV1y4,wayback:20220809192240,2026-07-27T10:51:31Z
2022-08-05,ground,adult,DeltaGard; Evergreen 5-25,morning,04:00,06:00,complete,COMPLETE,Stockton- Brookside Area,S18,Stockton,Boulder Creek Circle area.,0.1934,37.978459,-121.346315,https://www.google.com/maps/d/viewer?mid=1HT2qwVHbN9k8GVX6E6p2dkRa91virreA,1HT2qwVHbN9k8GVX6E6p2dkRa91virreA,wayback:20220809192240,2026-07-27T10:51:31Z
2022-08-09,ground,larval,VectoBac WDG,morning,04:00,06:00,complete,COMPLETE,Portion of Stockton- Brookside Boulder Creek Area,S18,Stockton,,0.1934,37.978459,-121.346315,https://www.google.com/maps/d/viewer?mid=1HT2qwVHbN9k8GVX6E6p2dkRa91virreA,1HT2qwVHbN9k8GVX6E6p2dkRa91virreA,wayback:20220809192240,2026-07-27T10:51:31Z
2022-10-13,aerial,adult,Dibrom,evening,18:45,21:00,complete,COMPLETE,Delta area,D4(c),Delta,"Portions of Brack Tract, Canal Ranch, and Terminous Tract",26.3284,38.157966,-121.458645,https://www.google.com/maps/d/viewer?mid=1cyMmRytvRpbUVchyUvldRrrR-Mxx9mA,1cyMmRytvRpbUVchyUvldRrrR-Mxx9mA,wayback:20230307194457,2026-07-27T10:51:32Z
2022-10-13,aerial,adult,Dibrom,evening,18:45,21:00,complete,COMPLETE,Portion of Rural South County,SC10,South County,South of Manteca to San Joaquin and Stanislaus Rivers and East to Austin Rd.,15.7895,37.691244,-121.218864,https://www.google.com/maps/d/viewer?mid=14yRwQfb4gCxBGLbuPDUtClMvFosdVN6A,14yRwQfb4gCxBGLbuPDUtClMvFosdVN6A,wayback:20230307194457,2026-07-27T10:51:32Z
2022-10-20,aerial,adult,Dibrom,evening,18:45,21:30,complete,COMPLETE,Delta area- Portions of Empire Tract and Terminous Tract,D29,Delta,,12.7919,38.080455,-121.480218,https://www.google.com/maps/d/viewer?mid=1YxdmeEmftJ1kSIV8yZiuneMI0UHy7d3p,1YxdmeEmftJ1kSIV8yZiuneMI0UHy7d3p,wayback:20230307194457,2026-07-27T10:51:32Z
2022-10-20,aerial,adult,Dibrom,evening,18:45,21:30,complete,COMPLETE,Portion of Rural South County,SC16,South County,,24.5625,37.687158,-121.237169,https://www.google.com/maps/d/viewer?mid=13QUtAmJhwPBN2_QIzk0OUIBxff2F7BA,13QUtAmJhwPBN2_QIzk0OUIBxff2F7BA,wayback:20230307194457,2026-07-27T10:51:32Z
2022-10-20,ground,adult,Pyronyl 525; DeltaGard,evening,18:00,21:00,complete,COMPLETE,"Portion of South County, Koster Rd. Area",SC15,South County,"North to one mile north of Durham Ferry Rd., South to Hwy132, East to 1/2 mile east of Koster Rd., West to I-5",13.074,37.659883,-121.330168,https://www.google.com/maps/d/viewer?mid=1TBrU0sTiUYI-_IZseKy5Z5g9sSqazsI,1TBrU0sTiUYI-_IZseKy5Z5g9sSqazsI,wayback:20230307194457,2026-07-27T10:51:32Z
2022-10-20,ground,adult,Evergreen 5-25; DeltaGard,morning,03:30,05:30,complete,COMPLETE,Portion of West Escalon,E61a,Escalon,"North to Yosemite Ave., South to Ullrey Ave., East to Irwin Ave., West to Brennan Rd.",1.124,37.793525,-121.009943,https://www.google.com/maps/d/viewer?mid=1vHXne028-g1KutnOW9aTPpsToG8y1Og,1vHXne028-g1KutnOW9aTPpsToG8y1Og,wayback:20230307194457,2026-07-27T10:51:32Z
2022-10-27,aerial,adult,Dibrom,evening,18:30,20:30,complete,COMPLETE,Delta area- Portion of King Island,D37,Delta,,10.7362,38.062035,-121.445352,https://www.google.com/maps/d/viewer?mid=1p9upXXxF-MnxnW-7AVn3XwltAfBt-Ag,1p9upXXxF-MnxnW-7AVn3XwltAfBt-Ag,wayback:20230307194457,2026-07-27T10:51:32Z
2022-10-27,aerial,adult,Dibrom,evening,18:30,20:30,complete,COMPLETE,Portion of Rural South County,SC16,South County,,24.5625,37.687158,-121.237169,https://www.google.com/maps/d/viewer?mid=13QUtAmJhwPBN2_QIzk0OUIBxff2F7BA,13QUtAmJhwPBN2_QIzk0OUIBxff2F7BA,wayback:20230307194457,2026-07-27T10:51:32Z
2023-08-17,ground,adult,DeltaGard; Evergreen 5-25,evening,20:00,22:30,complete,COMPLETE,Banta Area,T10,Tracy,"North to UPRR, South to UPRR/Altamont Commuter Express, East to Paradise Cut, West to Grant Line Rd./Kasson Rd.",10.9251,37.766113,-121.33241,https://www.google.com/maps/d/viewer?mid=1KuwZV1ORSzessHNVh4ZnUZfBiEoQ9Tms,1KuwZV1ORSzessHNVh4ZnUZfBiEoQ9Tms,wayback:20230922114254,2026-07-27T10:51:34Z
2023-08-17,ground,adult,DeltaGard; Evergreen 5-25,evening,20:00,22:30,complete,COMPLETE,Portion of Rural South County,SC6,South County,,9.4377,37.731836,-121.264245,https://www.google.com/maps/d/viewer?mid=1f0-bFLjD5HOZiYHtBvIRbEUokEX27sXW,1f0-bFLjD5HOZiYHtBvIRbEUokEX27sXW,wayback:20230922114254,2026-07-27T10:51:34Z
2023-08-17,ground,adult,DeltaGard; Evergreen 5-25,evening,20:00,22:30,complete,COMPLETE,Portion of South East Stockton,,Unknown,South East Stockton including a portion of Stockton Port and Stockton Waste Water Facility,5.8175,37.93565,-121.349778,https://www.google.com/maps/d/viewer?mid=1MYqWA3jRRwTf-B1RYAiB_BgXrHmjVR8c,1MYqWA3jRRwTf-B1RYAiB_BgXrHmjVR8c,wayback:20230922114254,2026-07-27T10:51:34Z
2023-08-17,ground,adult,DeltaGard; Evergreen 5-25,evening,20:00,22:30,complete,COMPLETE,Ripon Sewer,R2,Ripon,"North to Doak Rd., South to Stanislaus County Line, East to Stockton Ave., West to Robert Ave.",0.7947,37.726509,-121.130382,https://www.google.com/maps/d/viewer?mid=1UVI-M5eTIEkrLZvrJx2Qwxb6K_VYNYkN,1UVI-M5eTIEkrLZvrJx2Qwxb6K_VYNYkN,wayback:20230922114254,2026-07-27T10:51:34Z
2023-08-17,ground,adult,DeltaGard; Evergreen 5-25,evening,20:00,22:30,complete,COMPLETE,Rural East Ripon,R6b,Ripon,"North to .6 mile south of Greenleaf Rd., South to Stanislaus River, East to Sexton Rd., West to Wagner Rd.",5.2528,37.747065,-121.060768,https://www.google.com/maps/d/viewer?mid=1LbMmKcckTL0-yCdEYBd5mEiHab4yhFg,1LbMmKcckTL0-yCdEYBd5mEiHab4yhFg,wayback:20230922114254,2026-07-27T10:51:34Z
2023-08-17,ground,adult,DeltaGard; Evergreen 5-25,evening,20:00,22:30,complete,COMPLETE,West Roberts Island,D6,Delta,,10.682,37.97315,-121.45385,https://www.google.com/maps/d/viewer?mid=1tLFNWvooLxCsWS6xo4g5JBUGQ0y8XUtW,1tLFNWvooLxCsWS6xo4g5JBUGQ0y8XUtW,wayback:20230922114254,2026-07-27T10:51:34Z
2023-08-20,aerial,adult,Dibrom,evening,20:15,22:00,complete,COMPLETE,North Delta,D38,Delta,"North Delta: Portions of Brack Tract, Canal Ranch, Staten Island, and Terminous Tract",37.0125,38.151617,-121.483077,https://www.google.com/maps/d/viewer?mid=1kA4zDMXvQEdJvC0fHuDBlGw6Ek10yy4,1kA4zDMXvQEdJvC0fHuDBlGw6Ek10yy4,wayback:20230922114254,2026-07-27T10:51:34Z
2023-08-20,aerial,adult,Dibrom,evening,20:15,22:00,complete,COMPLETE,Rural West Delta,D41,Delta,Rural West Delta: Portion of King Island and a Portion of Rindge Tract,13.275,38.029739,-121.433531,https://www.google.com/maps/d/viewer?mid=17IO1u1LwyZ1VKYdgzfzZmAhnVQiP4vo,17IO1u1LwyZ1VKYdgzfzZmAhnVQiP4vo,wayback:20230922114254,2026-07-27T10:51:34Z
2023-08-23,aerial,adult,Dibrom,evening,20:00,22:30,complete,COMPLETE,Delta Area West of Stockton,D2,Delta,"Portions of Shima Tract, Rindge Tract, Wright Tract, Lower Roberts Island",18.0124,38.001048,-121.394973,https://www.google.com/maps/d/viewer?mid=1heJJ35n0Ncl7mExjNCOLOt_OdLoFKLgy,1heJJ35n0Ncl7mExjNCOLOt_OdLoFKLgy,wayback:20230922114254,2026-07-27T10:51:34Z
2023-08-23,ground,adult,DeltaGard; Evergreen 5-25,morning,03:30,06:00,complete,COMPLETE,Portion of North Ripon,R10,Ripon,"North to W. Santos Ave., South to W. Milgeo Ave., East to Ripon Rd. and John Roos Ave., West to Fulton Ave. and Arc Way",1.0018,37.751773,-121.127304,https://www.google.com/maps/d/viewer?mid=1nGLgKp60WjakPGTki9mi6MrCLSNU9Nc,1nGLgKp60WjakPGTki9mi6MrCLSNU9Nc,wayback:20230922114254,2026-07-27T10:51:34Z
2023-08-23,ground,adult,DeltaGard; Evergreen 5-25,morning,03:30,06:00,complete,COMPLETE,Portion of West Escalon,E64,Escalon,"North to Yosemite Ave., South to 1st Street, East to McHenry Ave. & Hwy120, West to Brennan Rd.",0.7937,37.796384,-121.006116,https://www.google.com/maps/d/viewer?mid=1b9GW7fakbbU-cAZGAocNd83vkDTZ2oc,1b9GW7fakbbU-cAZGAocNd83vkDTZ2oc,wayback:20230922114254,2026-07-27T10:51:34Z
2023-08-23,ground,adult,DeltaGard; Evergreen 5-25,morning,03:30,06:00,complete,COMPLETE,Rural Northeast Escalon,E53,Escalon,"North to Grooms Rd., South to Thalheim Colony Rd., East to Victory Ave., West to Steinegul Rd.",7.2532,37.825129,-120.942584,https://www.google.com/maps/d/viewer?mid=1o_I-CFVNFnW7smIBeOOLXLE5Y64cPCo,1o_I-CFVNFnW7smIBeOOLXLE5Y64cPCo,wayback:20230922114254,2026-07-27T10:51:34Z
2023-08-23,aerial,adult,Dibrom,evening,20:00,22:30,complete,COMPLETE,Rural South County including San Joaquin River Club,SC4b,South County,See Map,20.9666,37.691537,-121.266001,https://www.google.com/maps/d/viewer?mid=10U0_4ZJ7tb4wrSOR4RAVbgCgforSZUI,10U0_4ZJ7tb4wrSOR4RAVbgCgforSZUI,wayback:20230922114254,2026-07-27T10:51:34Z
2023-08-24,ground,adult,DeltaGard; Evergreen 5-25,morning,03:30,06:00,complete,COMPLETE,Northwest Stockton-Brookside Area,S23,Stockton,"North to W. March Ln., South to Brookside Rd., East to Feather River Dr., West to Brookside Rd",0.7464,37.980025,-121.349699,https://www.google.com/maps/d/viewer?mid=1JNoCNnTgawK0dNM7YpxQIOZZHDmI6jVQ,1JNoCNnTgawK0dNM7YpxQIOZZHDmI6jVQ,wayback:20230922114254,2026-07-27T10:51:34Z
2023-08-24,ground,adult,DeltaGard; Evergreen 5-25,evening,19:50,22:00,complete,COMPLETE,Portion of Rural Northeast Tracy:>,T25,Tracy,"North to Old River, South to Canal Blvd., East to Tom Paine Rd., West to Tom Paine Slough",5.4603,37.793245,-121.405338,https://www.google.com/maps/d/viewer?mid=1UO02Wz5MOy9xiqc2-cNkAMv_uzcfGvNv,1UO02Wz5MOy9xiqc2-cNkAMv_uzcfGvNv,wayback:20230922114254,2026-07-27T10:51:34Z
2023-08-24,ground,adult,DeltaGard; Evergreen 5-25,evening,19:50,22:00,complete,COMPLETE,Portion of Rural Southeast Escalon,E65,Escalon,"North to Combs Rd., South to Lee Ave., East to Victory Ave & McBride Rd., West to Henry Rd.",5.0331,37.768897,-120.933041,https://www.google.com/maps/d/viewer?mid=19E7My9TlHAwdfV0vYWze8x7gMSEgBrw,19E7My9TlHAwdfV0vYWze8x7gMSEgBrw,wayback:20230922114254,2026-07-27T10:51:34Z
2023-08-24,ground,adult,DeltaGard; Evergreen 5-25,evening,19:50,22:00,complete,COMPLETE,Portion of Rural West Farmington,E59,Escalon,"North to Little Johns Creek, South to Gawne Rd., East to Mobley Rd., West Stow Ave. (Added 8-24-23)",8.4684,37.902201,-121.067464,https://www.google.com/maps/d/viewer?mid=1k5QybTntTabeg5r3tp_hRhkhDXfbDxw,1k5QybTntTabeg5r3tp_hRhkhDXfbDxw,wayback:20230922114254,2026-07-27T10:51:34Z
2023-08-24,ground,adult,DeltaGard; Evergreen 5-25,morning,03:30,06:00,complete,COMPLETE,Portion of Thornton Area,TH-2a,Thornton,"North to New Hope Rd., South to Beaver Slough, East to Mokelumne River and Klie Rd., West to I-5",4.0936,38.220954,-121.418066,https://www.google.com/maps/d/viewer?mid=1IllxTwsPTM0xmSzgId4MDSp3n94IL_6i,1IllxTwsPTM0xmSzgId4MDSp3n94IL_6i,wayback:20230922114254,2026-07-27T10:51:34Z
2023-08-24,ground,adult,DeltaGard; Evergreen 5-25,evening,19:50,22:00,complete,COMPLETE,Ripon Sewer,R2,Ripon,"North to Doak Rd., South to Stanislaus County Line, East to Stockton Ave., West to Robert Ave.",0.7947,37.726509,-121.130382,https://www.google.com/maps/d/viewer?mid=1UVI-M5eTIEkrLZvrJx2Qwxb6K_VYNYkN,1UVI-M5eTIEkrLZvrJx2Qwxb6K_VYNYkN,wayback:20230922114254,2026-07-27T10:51:34Z
2023-08-24,ground,adult,DeltaGard; Evergreen 5-25,evening,19:50,22:00,complete,COMPLETE,Rural East Ripon,R6b,Ripon,"North to .6 mile south of Greenleaf Rd., South to Stanislaus River, East to Sexton Rd., West to Wagner Rd.",5.2528,37.747065,-121.060768,https://www.google.com/maps/d/viewer?mid=1LbMmKcckTL0-yCdEYBd5mEiHab4yhFg,1LbMmKcckTL0-yCdEYBd5mEiHab4yhFg,wayback:20230922114254,2026-07-27T10:51:34Z
2023-08-24,ground,adult,DeltaGard; Evergreen 5-25,morning,03:30,06:00,complete,COMPLETE,Rural West Lodi,L14,Lodi,"North to Hwy 12, South to White Sough, East to 1/2 mile west of I5, West to 2 & 1/3 miles west of I-5",10.1623,38.100254,-121.415963,https://www.google.com/maps/d/viewer?mid=1sYH5f6uQ2kZKy3FfeC0zkGhtJW60FURz,1sYH5f6uQ2kZKy3FfeC0zkGhtJW60FURz,wayback:20230922114254,2026-07-27T10:51:34Z
2023-08-25,ground,adult,DeltaGard; Evergreen 5-25,morning,03:30,06:00,complete,COMPLETE,Portion of Clements Area,L17,Lodi,"North to Hwy 88, South to E. Stampede Rd., East to Clements Rd., West to Atkins Rd. (Added 8-24-23)",3.5494,38.181492,-121.086978,https://www.google.com/maps/d/viewer?mid=1a-s99-9JjYhfRdTtYYH9xaMsyuJebPif,1a-s99-9JjYhfRdTtYYH9xaMsyuJebPif,wayback:20230922114254,2026-07-27T10:51:34Z
2023-08-25,ground,adult,DeltaGard; Evergreen 5-25,morning,03:30,06:00,complete,COMPLETE,Portion of East Mountain House Area,MH3,Mountain House,"North to Byron Rd., South to W. Arnaudo Blvd. & Mountain House Pkwy., East to Byron Rd. and Hansen Rd., West to W. San Francisco Blvd. & Central Pkwy.",2.3909,37.777209,-121.532085,https://www.google.com/maps/d/viewer?mid=1WKGyXn8xtau6KgGcQSAWAlkGJHvRiCk,1WKGyXn8xtau6KgGcQSAWAlkGJHvRiCk,wayback:20230922114254,2026-07-27T10:51:34Z
2023-08-25,ground,adult,DeltaGard; Evergreen 5-25,morning,03:30,06:00,complete,COMPLETE,Portion of Farmington Area,E16,Escalon,"North to Hwy 4, South to one mile south of Hwy 4, East to 1/2 mile east of Escalon-Bellota Rd., West to 1/2 mile west of Escalon-Bellota Rd. (Added 8-24-23)",2.6174,37.92281,-120.999966,https://www.google.com/maps/d/viewer?mid=1e98hdgpLKPuy7BvLzie6nhCtZBZGbwD1,1e98hdgpLKPuy7BvLzie6nhCtZBZGbwD1,wayback:20230922114254,2026-07-27T10:51:34Z
2023-08-25,ground,adult,DeltaGard; Evergreen 5-25,morning,03:30,06:00,complete,COMPLETE,Portion of Rural East Lodi,L21,Lodi,"North to Sargent Rd., South to Harney Ln., East to Atkins Rd., West to Tully Rd. (Added 8-24-23)",10.8497,38.117644,-121.114956,https://www.google.com/maps/d/viewer?mid=152qbbYUgMZxcmP-6JmeRi_fpS--LCjs,152qbbYUgMZxcmP-6JmeRi_fpS--LCjs,wayback:20230922114254,2026-07-27T10:51:34Z
2023-08-25,ground,adult,DeltaGard; Evergreen 5-25,morning,03:30,06:00,complete,COMPLETE,Portion of Rural East Lodi,L22,Lodi,"North to Kettleman Ln., South to Tokay Colony Rd., East to Jack Tone Rd., West to Hibbard Rd. (Added 8-24-23)",5.4858,38.100661,-121.158786,https://www.google.com/maps/d/viewer?mid=16_lYcyvjPL2kIYFjBYw5h-_JXxaV1y4,16_lYcyvjPL2kIYFjBYw5h-_JXxaV1y4,wayback:20230922114254,2026-07-27T10:51:34Z
2023-08-25,ground,adult,DeltaGard; Evergreen 5-25,morning,03:30,06:00,complete,COMPLETE,Portion of Rural East Manteca,M18,Manteca,"North to Lone Tree Rd, South to Hwy 120, East to French Camp Rd. and N. Ripon Rd., West to 1/2 mile west of Jack Tone Rd.",7.1123,37.810607,-121.1404,https://www.google.com/maps/d/viewer?mid=1VA-DM-wlpcyO2O2cLGZ8ITZtG5Mp5_Y,1VA-DM-wlpcyO2O2cLGZ8ITZtG5Mp5_Y,wayback:20230922114254,2026-07-27T10:51:34Z
2023-08-25,ground,adult,DeltaGard; Evergreen 5-25,morning,03:30,06:00,complete,COMPLETE,Portion of South Stockton,S33B,Stockton,"North to Dr. Martin Luther King Blvd., South to E. 9th Street, East to U.P.RR tracks, West to S. El Dorado St.",1.1445,37.934492,-121.279293,https://www.google.com/maps/d/viewer?mid=1fJvn2AOOjEiPOxVdUuR7E9Y5w9hytRI,1fJvn2AOOjEiPOxVdUuR7E9Y5w9hytRI,wayback:20230922114254,2026-07-27T10:51:34Z
2023-08-25,ground,adult,DeltaGard; Evergreen 5-25,morning,03:30,06:00,complete,COMPLETE,South of Linden- Peters Area,LN1,Linden,"North to Milton Rd., South to Dietrich Rd., East to S. Hewitt Rd., West to Dietrich Rd. (Added 8-24-23)",6.8929,37.969293,-121.048624,https://www.google.com/maps/d/viewer?mid=1R_RiNEfMd4G8SeShcRgdl-KMMcDs82Q4,1R_RiNEfMd4G8SeShcRgdl-KMMcDs82Q4,wayback:20230922114254,2026-07-27T10:51:34Z
2023-08-30,aerial,adult,Dibrom,evening,20:00,22:30,complete,COMPLETE,North Delta,D38,Delta,"Portions of Brack Tract, Canal Ranch, Staten Island, and Terminous Tract",37.0125,38.151617,-121.483077,https://www.google.com/maps/d/viewer?mid=1kA4zDMXvQEdJvC0fHuDBlGw6Ek10yy4,1kA4zDMXvQEdJvC0fHuDBlGw6Ek10yy4,wayback:20230922114254,2026-07-27T10:51:34Z
2023-08-30,ground,larval,VectoBac WDG,morning,03:30,05:00,complete,COMPLETE,Portion of North Ripon,R9,Ripon,"North to Shasta Ave., South to W. Milgeo Ave., N. Ripon Rd., West to Fulton Ave. and Arc Way",0.345,37.748883,-121.127751,https://www.google.com/maps/d/viewer?mid=1cOYh9BMv9LQiPJAgXQqjyrDu5QsVJwo,1cOYh9BMv9LQiPJAgXQqjyrDu5QsVJwo,wayback:20230922114254,2026-07-27T10:51:34Z
2023-08-30,ground,adult,DeltaGard; Evergreen 5-25,morning,03:30,06:00,complete,COMPLETE,Portion of Rural East Escalon,E39,Escalon,"North to Kelly Rd., South to Hwy 120, East to Seidner Rd., West to Campbell Rd.",5.4544,37.803592,-120.964985,https://www.google.com/maps/d/viewer?mid=1S_frcIfZsBZYGM5lbpgBzvCWihu5tOzO,1S_frcIfZsBZYGM5lbpgBzvCWihu5tOzO,wayback:20230922114254,2026-07-27T10:51:34Z
2023-08-30,ground,adult,DeltaGard; Evergreen 5-25,morning,03:30,06:00,complete,COMPLETE,Portion of Rural East Manteca,M18,Manteca,"North to Lone Tree Rd, South to Hwy 120, East to French Camp Rd. and N. Ripon Rd., West to 1/2 mile west of Jack Tone Rd.",7.1123,37.810607,-121.1404,https://www.google.com/maps/d/viewer?mid=1VA-DM-wlpcyO2O2cLGZ8ITZtG5Mp5_Y,1VA-DM-wlpcyO2O2cLGZ8ITZtG5Mp5_Y,wayback:20230922114254,2026-07-27T10:51:34Z
2023-08-30,ground,adult,DeltaGard; Evergreen 5-25,morning,03:30,06:00,complete,COMPLETE,Portion of Rural Farmington to Country Rd.,E63,Escalon,"North to Little John's Creek, South to 1/2 mile south of Gawne Rd., East to Country Rd., West to E. Mariposa Rd.",6.0835,37.894783,-121.088957,https://www.google.com/maps/d/viewer?mid=1wfVULwNLV_1eucdgtlfebbeVC6Bd_ks,1wfVULwNLV_1eucdgtlfebbeVC6Bd_ks,wayback:20230922114254,2026-07-27T10:51:34Z
2023-08-30,aerial,adult,Dibrom,evening,20:00,22:30,complete,COMPLETE,"Portions of Shima Tract, Rindge Tract, Wright Tract, Lower Roberts Island",D2,Delta,,18.0124,38.001048,-121.394973,https://www.google.com/maps/d/viewer?mid=1heJJ35n0Ncl7mExjNCOLOt_OdLoFKLgy,1heJJ35n0Ncl7mExjNCOLOt_OdLoFKLgy,wayback:20230922114254,2026-07-27T10:51:34Z
2023-08-30,ground,adult,DeltaGard; Evergreen 5-25,morning,03:30,06:00,complete,COMPLETE,Southeast Stockton,S38,Stockton,"North to Tecumseh Ln. and McCook Way, South to Industrial Dr., East to Hwy 99 Frontage Rd., West to Pock Ln.",0.6057,37.917282,-121.233966,https://www.google.com/maps/d/viewer?mid=1SqmYhQBYVbEmF7cNx0y82OulQtW0wnk,1SqmYhQBYVbEmF7cNx0y82OulQtW0wnk,wayback:20230922114254,2026-07-27T10:51:34Z
2023-08-31,ground,adult,DeltaGard; Evergreen 5-25,morning,03:30,06:30,complete,COMPLETE,East Rural Ripon,R6b,Ripon,"North to .6 mile south of Greenleaf Rd., South to Stanislaus River, East to Sexton Rd., West to Wagner Rd.",5.2528,37.747065,-121.060768,https://www.google.com/maps/d/viewer?mid=1LbMmKcckTL0-yCdEYBd5mEiHab4yhFg,1LbMmKcckTL0-yCdEYBd5mEiHab4yhFg,wayback:20230922114254,2026-07-27T10:51:34Z
2023-08-31,ground,adult,DeltaGard; Evergreen 5-25,morning,03:30,06:30,complete,COMPLETE,Portion of Rural South County,SC6,South County,,9.4377,37.731836,-121.264245,https://www.google.com/maps/d/viewer?mid=1f0-bFLjD5HOZiYHtBvIRbEUokEX27sXW,1f0-bFLjD5HOZiYHtBvIRbEUokEX27sXW,wayback:20230922114254,2026-07-27T10:51:34Z
2023-08-31,ground,adult,DeltaGard; Evergreen 5-25,morning,03:30,06:30,complete,COMPLETE,Portion of Rural South County - Division Rd. Area,SC3,South County,"North to Division Rd., South to San Joaquin and Stanislaus Rivers, East to Stanislaus River, West to Two Rivers Rd",3.7968,37.677092,-121.228648,https://www.google.com/maps/d/viewer?mid=1zR43QiilWe_TRZveFZagCaWv3wJJuHY1,1zR43QiilWe_TRZveFZagCaWv3wJJuHY1,wayback:20230922114254,2026-07-27T10:51:34Z
2023-08-31,ground,adult,DeltaGard; Evergreen 5-25,morning,03:30,06:30,complete,COMPLETE,Portion of South Stockton,S33B,Stockton,"North to Dr. Martin Luther King Blvd., South to E. 9th Street, East to U.P. RR tracks, West to S. El Dorado St.",1.1445,37.934492,-121.279293,https://www.google.com/maps/d/viewer?mid=1fJvn2AOOjEiPOxVdUuR7E9Y5w9hytRI,1fJvn2AOOjEiPOxVdUuR7E9Y5w9hytRI,wayback:20230922114254,2026-07-27T10:51:34Z
2023-08-31,ground,adult,DeltaGard; Evergreen 5-25,morning,03:30,06:30,complete,COMPLETE,Portion of West Escalon,E64,Escalon,"North to Yosemite Ave., South to 1st Street, East to McHenry Ave. & Hwy120, West to Brennan Rd.",0.7937,37.796384,-121.006116,https://www.google.com/maps/d/viewer?mid=1b9GW7fakbbU-cAZGAocNd83vkDTZ2oc,1b9GW7fakbbU-cAZGAocNd83vkDTZ2oc,wayback:20230922114254,2026-07-27T10:51:34Z
2023-08-31,ground,adult,DeltaGard; Evergreen 5-25,morning,03:30,06:30,complete,COMPLETE,Rural West Lodi,L1,Lodi,"North to Hwy 12, South to Telephone Cut, East to I-5, West to three miles west of I-5",20.1046,38.092664,-121.40989,https://www.google.com/maps/d/viewer?mid=10gIMbuxlqr42DMKl4R2gFASKxx5RV0hS,10gIMbuxlqr42DMKl4R2gFASKxx5RV0hS,wayback:20230922114254,2026-07-27T10:51:34Z
2023-08-31,ground,adult,DeltaGard; Evergreen 5-25,morning,03:30,06:30,complete,COMPLETE,Rural West Ripon,R4,Ripon,"North to W. Ripon Rd., South to E. Moncure Rd., East to Mohler Rd., West to S. Frederick Ave.",2.7187,37.729826,-121.158765,https://www.google.com/maps/d/viewer?mid=1Y4haE-Hzh0zbo0vuMQcp_IZNEo6LF-xU,1Y4haE-Hzh0zbo0vuMQcp_IZNEo6LF-xU,wayback:20230922114254,2026-07-27T10:51:34Z
2023-08-31,ground,adult,DeltaGard; Evergreen 5-25,morning,03:30,06:30,complete,COMPLETE,Stockton- Portion of Brookside,S32,Stockton,"North to Riverbrook Dr., South to Brookview Dr. and Shadowbrook Dr., East to Brookside Rd., West to Riverbrook Dr.",0.4913,37.988331,-121.359817,https://www.google.com/maps/d/viewer?mid=1PgUCI5L267GhPiahg5GpoJV1eCizX1A,1PgUCI5L267GhPiahg5GpoJV1eCizX1A,wayback:20230922114254,2026-07-27T10:51:34Z
2023-08-31,ground,adult,DeltaGard; Evergreen 5-25,morning,03:30,06:30,complete,COMPLETE,West Roberts Island,D6,Delta,,10.682,37.97315,-121.45385,https://www.google.com/maps/d/viewer?mid=1tLFNWvooLxCsWS6xo4g5JBUGQ0y8XUtW,1tLFNWvooLxCsWS6xo4g5JBUGQ0y8XUtW,wayback:20230922114254,2026-07-27T10:51:34Z
2023-09-01,ground,adult,DeltaGard; Evergreen 5-25,morning,03:30,06:00,complete,COMPLETE,Portion of Rural East Lodi,L21,Lodi,"North to Sargent Rd., South to Harney Ln., East to Atkins Rd., West to Tully Rd.",10.8497,38.117644,-121.114956,https://www.google.com/maps/d/viewer?mid=152qbbYUgMZxcmP-6JmeRi_fpS--LCjs,152qbbYUgMZxcmP-6JmeRi_fpS--LCjs,wayback:20230922114254,2026-07-27T10:51:34Z
2023-09-01,ground,adult,DeltaGard; Evergreen 5-25,morning,03:30,06:00,complete,COMPLETE,Portion of Rural East Lodi,L22,Lodi,"North to Kettleman Ln., South to Tokay Colony Rd., East to Jack Tone Rd., West to Hibbard Rd.",5.4858,38.100661,-121.158786,https://www.google.com/maps/d/viewer?mid=16_lYcyvjPL2kIYFjBYw5h-_JXxaV1y4,16_lYcyvjPL2kIYFjBYw5h-_JXxaV1y4,wayback:20230922114254,2026-07-27T10:51:34Z
2023-09-01,ground,adult,DeltaGard; Evergreen 5-25,morning,03:30,06:00,complete,COMPLETE,Portion of Rural West Farmington,E59,Escalon,"North to Little Johns Creek, South to Gawne Rd., East to Mobley Rd., West Stow Ave.",8.4684,37.902201,-121.067464,https://www.google.com/maps/d/viewer?mid=1k5QybTntTabeg5r3tp_hRhkhDXfbDxw,1k5QybTntTabeg5r3tp_hRhkhDXfbDxw,wayback:20230922114254,2026-07-27T10:51:34Z
2023-09-01,ground,adult,DeltaGard; Evergreen 5-25,morning,03:30,06:00,complete,COMPLETE,Portion of South Lodi,L25,Lodi,"North to W. Century Blvd., South to W. Harney Ln., East to S. Hutchins St., West to S. Mills Ave.",1.3391,38.104595,-121.28803,https://www.google.com/maps/d/viewer?mid=1P07gRNAxpSWWv5dOc6_3iTVFPX9WL1U,1P07gRNAxpSWWv5dOc6_3iTVFPX9WL1U,wayback:20230922114254,2026-07-27T10:51:34Z
2023-09-01,ground,adult,DeltaGard; Evergreen 5-25,morning,03:30,06:00,complete,COMPLETE,South of Linden - Peters Area,LN1,Linden,"North to Milton Rd., South to Dietrich Rd., East to S. Hewitt Rd., West to Dietrich Rd.",6.8929,37.969293,-121.048624,https://www.google.com/maps/d/viewer?mid=1R_RiNEfMd4G8SeShcRgdl-KMMcDs82Q4,1R_RiNEfMd4G8SeShcRgdl-KMMcDs82Q4,wayback:20230922114254,2026-07-27T10:51:34Z
2023-09-07,aerial,adult,Dibrom,evening,20:00,22:00,complete,COMPLETE,North Delta,D38,Delta,"Portions of Brack Tract, Canal Ranch, Staten Island, and Terminous Tract",37.0125,38.151617,-121.483077,https://www.google.com/maps/d/viewer?mid=1kA4zDMXvQEdJvC0fHuDBlGw6Ek10yy4,1kA4zDMXvQEdJvC0fHuDBlGw6Ek10yy4,wayback:20230922114254,2026-07-27T10:51:34Z
2023-09-07,ground,adult,DeltaGard; Evergreen 5-25,morning,03:30,05:00,complete,COMPLETE,Portion of East Manteca,M19B,Manteca,"North to Northgate Dr., South to Joseph Dr., East to N. Main St., West to Tidewater Park.",0.2391,37.817574,-121.222039,https://www.google.com/maps/d/viewer?mid=1O7jMETA9g4Wv2LntTO5N5NqxNKraNkE,1O7jMETA9g4Wv2LntTO5N5NqxNKraNkE,wayback:20230922114254,2026-07-27T10:51:34Z
2023-09-07,ground,adult,DeltaGard; Evergreen 5-25,evening,19:30,22:30,complete,COMPLETE,Portion of Rural South County,SC6,South County,,9.4377,37.731836,-121.264245,https://www.google.com/maps/d/viewer?mid=1f0-bFLjD5HOZiYHtBvIRbEUokEX27sXW,1f0-bFLjD5HOZiYHtBvIRbEUokEX27sXW,wayback:20230922114254,2026-07-27T10:51:34Z
2023-09-07,ground,adult,DeltaGard; Evergreen 5-25,evening,19:30,22:30,complete,COMPLETE,Portion of Rural South Manteca,M5,Manteca,"North to W. Ripon Rd., South to Melton Rd., East to Brown Rd., West to S. Union Rd.",6.3933,37.730164,-121.217225,https://www.google.com/maps/d/viewer?mid=15K9q3nAGaeY5piAMGFdsn9jSOTM6aTmC,15K9q3nAGaeY5piAMGFdsn9jSOTM6aTmC,wayback:20230922114254,2026-07-27T10:51:34Z
2023-09-07,ground,adult,DeltaGard; Evergreen 5-25,morning,03:30,05:00,complete,COMPLETE,Portion of South Stockton,S40B,Stockton,"North to E. Munford Ave., South to Industrial Dr., East to Hwy 99, West to Pock Ln.",1.6515,37.920345,-121.236146,https://www.google.com/maps/d/viewer?mid=1CODQwuwgAeF-hfMFEVUAnl52oTLRA1Q,1CODQwuwgAeF-hfMFEVUAnl52oTLRA1Q,wayback:20230922114254,2026-07-27T10:51:34Z
2023-09-07,ground,larval,VectoBac WDG,morning,03:30,05:00,complete,COMPLETE,Portion of South Stockton,S33C,Stockton,"North to E. Jefferson St., South to E. 9th Street, East to U.P. RR tracks, West to S. El Dorado St.",1.4853,37.936263,-121.279375,https://www.google.com/maps/d/viewer?mid=1Vv56o8VB9wh4qxWUXiC5c-3omi_6VIk,1Vv56o8VB9wh4qxWUXiC5c-3omi_6VIk,wayback:20230922114254,2026-07-27T10:51:34Z
2023-09-07,ground,adult,DeltaGard; Evergreen 5-25,evening,19:30,22:30,complete,COMPLETE,Ripon Sewer,R2,Ripon,"North to Doak Rd., South to Stanislaus County Line, East to Stockton Ave., West to Robert Ave.",0.7947,37.726509,-121.130382,https://www.google.com/maps/d/viewer?mid=1UVI-M5eTIEkrLZvrJx2Qwxb6K_VYNYkN,1UVI-M5eTIEkrLZvrJx2Qwxb6K_VYNYkN,wayback:20230922114254,2026-07-27T10:51:34Z
2023-09-07,ground,adult,DeltaGard; Evergreen 5-25,evening,19:30,22:30,complete,COMPLETE,Rural West Lodi,L1,Lodi,"North to Hwy 12, South to Telephone Cut, East to I-5, West to three miles west of I-5",20.1046,38.092664,-121.40989,https://www.google.com/maps/d/viewer?mid=10gIMbuxlqr42DMKl4R2gFASKxx5RV0hS,10gIMbuxlqr42DMKl4R2gFASKxx5RV0hS,wayback:20230922114254,2026-07-27T10:51:34Z
2023-09-08,ground,adult,DeltaGard; Evergreen 5-25,morning,03:30,06:30,complete,COMPLETE,Delta Area: Tracy Blvd & Middle River,D15,Delta,"North to Hwy 4, South one mile south of Middle River, East to one mile east of Tracy Blvd, West to one mile west of Tracy Blvd.",12.8803,37.886191,-121.453454,https://www.google.com/maps/d/viewer?mid=1P25t-QNvHCVcOXCieQF8buIwituYH59d,1P25t-QNvHCVcOXCieQF8buIwituYH59d,wayback:20230922114254,2026-07-27T10:51:34Z
2023-09-08,ground,adult,DeltaGard; Evergreen 5-25,morning,03:30,06:30,complete,COMPLETE,Portion of North Ripon,R10,Ripon,"North to W. Santos Ave., South to W. Milgeo Ave., East to Ripon Rd. and John Roos Ave., West to Fulton Ave. and Arc Way",1.0018,37.751773,-121.127304,https://www.google.com/maps/d/viewer?mid=1nGLgKp60WjakPGTki9mi6MrCLSNU9Nc,1nGLgKp60WjakPGTki9mi6MrCLSNU9Nc,wayback:20230922114254,2026-07-27T10:51:34Z
2023-09-08,ground,adult,DeltaGard; Evergreen 5-25,morning,03:30,06:30,complete,COMPLETE,Portion of Rural East Lodi,L21,Lodi,"North to Sargent Rd., South to Harney Ln., East to Atkins Rd., West to Tully Rd.",10.8497,38.117644,-121.114956,https://www.google.com/maps/d/viewer?mid=152qbbYUgMZxcmP-6JmeRi_fpS--LCjs,152qbbYUgMZxcmP-6JmeRi_fpS--LCjs,wayback:20230922114254,2026-07-27T10:51:34Z
2023-09-08,ground,adult,DeltaGard; Evergreen 5-25,morning,03:30,06:30,complete,COMPLETE,Portion of Rural East Lodi,L22,Lodi,"North to Kettleman Ln., South to Tokay Colony Rd., East to Jack Tone Rd., West to Hibbard Rd.",5.4858,38.100661,-121.158786,https://www.google.com/maps/d/viewer?mid=16_lYcyvjPL2kIYFjBYw5h-_JXxaV1y4,16_lYcyvjPL2kIYFjBYw5h-_JXxaV1y4,wayback:20230922114254,2026-07-27T10:51:34Z
2023-09-08,ground,adult,DeltaGard; Evergreen 5-25,morning,03:30,06:30,complete,COMPLETE,Portion of South East Stockton,S39,Stockton,South East Stockton including a portion of Stockton Port and Stockton Waste Water Facility,5.8175,37.93565,-121.349778,https://www.google.com/maps/d/viewer?mid=134sCWfwJN0E8N0HsTZ0lowUkSpiL6Fw,134sCWfwJN0E8N0HsTZ0lowUkSpiL6Fw,wayback:20230922114254,2026-07-27T10:51:34Z
2023-09-08,ground,adult,DeltaGard; Evergreen 5-25,morning,03:30,06:30,complete,COMPLETE,Portion of Thornton Area,TH-2a,Thornton,"North to New Hope Rd., South to Beaver Slough, East to Mokelumne River and Klie Rd., West to I-5",4.0936,38.220954,-121.418066,https://www.google.com/maps/d/viewer?mid=1IllxTwsPTM0xmSzgId4MDSp3n94IL_6i,1IllxTwsPTM0xmSzgId4MDSp3n94IL_6i,wayback:20230922114254,2026-07-27T10:51:34Z
2023-09-08,ground,larval,Altosid,morning,03:30,05:00,complete,COMPLETE,Portion of West Escalon,E64,Escalon,"North to Yosemite Ave., South to 1st Street, East to McHenry Ave. & Hwy120, West to Brennan Rd.",0.7937,37.796384,-121.006116,https://www.google.com/maps/d/viewer?mid=1b9GW7fakbbU-cAZGAocNd83vkDTZ2oc,1b9GW7fakbbU-cAZGAocNd83vkDTZ2oc,wayback:20230922114254,2026-07-27T10:51:34Z
2023-09-08,ground,adult,DeltaGard; Evergreen 5-25,morning,03:30,06:30,complete,COMPLETE,Rural East Escalon,E3,Escalon,"North to Dutra Ln., South to Hwy 120, East to Victory Ave., West to Henry Rd.",5.4976,37.807851,-120.932812,https://www.google.com/maps/d/viewer?mid=19r5y1HrE-5wDMUVUYma-rZ71_6Kn8ymQ,19r5y1HrE-5wDMUVUYma-rZ71_6Kn8ymQ,wayback:20230922114254,2026-07-27T10:51:34Z
2023-09-11,ground,adult,DeltaGard; Evergreen 5-25,morning,04:00,06:30,complete,COMPLETE,Portion of Clements Area,L17,Lodi,"North to Hwy 88, South to E. Stampede Rd., East to Clements Rd., West to Atkins Rd.",3.5494,38.181492,-121.086978,https://www.google.com/maps/d/viewer?mid=1a-s99-9JjYhfRdTtYYH9xaMsyuJebPif,1a-s99-9JjYhfRdTtYYH9xaMsyuJebPif,wayback:20230922114254,2026-07-27T10:51:34Z
2023-09-11,ground,adult,DeltaGard; Evergreen 5-25,morning,04:00,06:30,complete,COMPLETE,Portion of Rural North San Joaquin County,L11,Lodi,"North to Collier Rd., South to E. Jahant Rd., East to N. Watkinson Rd., West to Elliot Rd.",4.1447,38.212421,-121.157157,https://www.google.com/maps/d/viewer?mid=1D6UGE2zmEkXy-e-RDCgUbMnbMNDBixKA,1D6UGE2zmEkXy-e-RDCgUbMnbMNDBixKA,wayback:20230922114254,2026-07-27T10:51:34Z
2023-09-12,ground,adult,DeltaGard; Evergreen 5-25,morning,04:00,06:30,complete,COMPLETE,Portion of Farmington Area,E16,Escalon,"North to Hwy 4, South to one mile south of Hwy 4, East to 1/2 mile east of Escalon-Bellota Rd., West to 1/2 mile west of Escalon-Bellota Rd.",2.6174,37.92281,-120.999966,https://www.google.com/maps/d/viewer?mid=1e98hdgpLKPuy7BvLzie6nhCtZBZGbwD1,1e98hdgpLKPuy7BvLzie6nhCtZBZGbwD1,wayback:20230922114254,2026-07-27T10:51:34Z
2023-09-12,ground,adult,DeltaGard; Evergreen 5-25,morning,04:00,06:30,complete,COMPLETE,Portion of Rural South Farmington,E17,Escalon,"North to Little John Creek, South to 1/2 mile south of Skiff Rd., East to Biederman Way, West to Van Allen Rd.",4.8014,37.872198,-121.041213,https://www.google.com/maps/d/viewer?mid=172FaIzWOcywpL8lfe7mjJ8vcPlNupL9U,172FaIzWOcywpL8lfe7mjJ8vcPlNupL9U,wayback:20230922114254,2026-07-27T10:51:34Z
2023-09-12,ground,adult,DeltaGard; Evergreen 5-25,morning,04:00,06:30,complete,COMPLETE,Portion of Rural West Farmington,E59,Escalon,"North to Little Johns Creek, South to Gawne Rd., East to Mobley Rd., West Stow Ave.",8.4684,37.902201,-121.067464,https://www.google.com/maps/d/viewer?mid=1k5QybTntTabeg5r3tp_hRhkhDXfbDxw,1k5QybTntTabeg5r3tp_hRhkhDXfbDxw,wayback:20230922114254,2026-07-27T10:51:34Z
2023-09-12,ground,adult,DeltaGard; Evergreen 5-25,morning,04:00,06:30,complete,COMPLETE,South of Linden- Peters Area,LN1,Linden,"North to Milton Rd., South to Dietrich Rd., East to S. Hewitt Rd., West to Dietrich Rd.",6.8929,37.969293,-121.048624,https://www.google.com/maps/d/viewer?mid=1R_RiNEfMd4G8SeShcRgdl-KMMcDs82Q4,1R_RiNEfMd4G8SeShcRgdl-KMMcDs82Q4,wayback:20230922114254,2026-07-27T10:51:34Z
2023-09-14,ground,adult,DeltaGard; Evergreen 5-25,morning,03:30,06:30,complete,COMPLETE,Portion of Rural North County,L26,Lodi,"North to Liberty rd., South to Jahant Rd., East to Dustin Rd., West to Kennefick Rd.",5.9156,38.218773,-121.235795,https://www.google.com/maps/d/viewer?mid=1JEvA_mtfq6teZvvhMBUCH6BiyuU8fZM,1JEvA_mtfq6teZvvhMBUCH6BiyuU8fZM,wayback:20230922114254,2026-07-27T10:51:34Z
2023-09-14,ground,adult,DeltaGard; Evergreen 5-25,morning,03:30,06:30,complete,COMPLETE,Portion of South Stockton,S33C,Stockton,"North to E Jefferson St., South to E. 9th Street, East to U.P. RR tracks, West to S. El Dorado St.",1.4853,37.936263,-121.279375,https://www.google.com/maps/d/viewer?mid=1Vv56o8VB9wh4qxWUXiC5c-3omi_6VIk,1Vv56o8VB9wh4qxWUXiC5c-3omi_6VIk,wayback:20230922114254,2026-07-27T10:51:34Z
2023-09-14,ground,adult,DeltaGard; Evergreen 5-25,morning,03:30,06:30,complete,COMPLETE,Portion of Thornton Area,TH-2a,Thornton,"North to New Hope Rd., South to Beaver Slough, East to Mokelumne River and Klie Rd., West to I-5",4.0936,38.220954,-121.418066,https://www.google.com/maps/d/viewer?mid=1IllxTwsPTM0xmSzgId4MDSp3n94IL_6i,1IllxTwsPTM0xmSzgId4MDSp3n94IL_6i,wayback:20230922114254,2026-07-27T10:51:34Z
2023-09-14,ground,adult,DeltaGard; Evergreen 5-25,morning,03:30,06:30,complete,COMPLETE,Portion of West Escalon,E64,Escalon,"North to Yosemite Ave., South to 1st Street, East to McHenry Ave. & Hwy120, West to Brennan Rd.",0.7937,37.796384,-121.006116,https://www.google.com/maps/d/viewer?mid=1b9GW7fakbbU-cAZGAocNd83vkDTZ2oc,1b9GW7fakbbU-cAZGAocNd83vkDTZ2oc,wayback:20230922114254,2026-07-27T10:51:34Z
2023-09-14,aerial,adult,Dibrom,evening,19:45,21:00,complete,COMPLETE,"Portions of Brack Tract, Canal Ranch, and Terminous Tract",D5,Delta,,24.8239,38.159347,-121.461385,https://www.google.com/maps/d/viewer?mid=1r4icuJ4XB88zAAqj4zKdthWbi7z6vuTs,1r4icuJ4XB88zAAqj4zKdthWbi7z6vuTs,wayback:20230922114254,2026-07-27T10:51:34Z
2023-09-14,ground,adult,DeltaGard; Evergreen 5-25,morning,03:30,06:30,complete,COMPLETE,Ripon Sewer,R2,Ripon,"North to Doak Rd., South to Stanislaus County Line, East to Stockton Ave., West to Robert Ave.",0.7947,37.726509,-121.130382,https://www.google.com/maps/d/viewer?mid=1UVI-M5eTIEkrLZvrJx2Qwxb6K_VYNYkN,1UVI-M5eTIEkrLZvrJx2Qwxb6K_VYNYkN,wayback:20230922114254,2026-07-27T10:51:34Z
2023-09-14,ground,adult,DeltaGard; Evergreen 5-25,morning,03:30,06:30,complete,COMPLETE,Rural East Escalon,E3,Escalon,"North to Dutra Ln., South to Hwy 120, East to Victory Ave., West to Henry Rd.",5.4976,37.807851,-120.932812,https://www.google.com/maps/d/viewer?mid=19r5y1HrE-5wDMUVUYma-rZ71_6Kn8ymQ,19r5y1HrE-5wDMUVUYma-rZ71_6Kn8ymQ,wayback:20230922114254,2026-07-27T10:51:34Z
2023-09-14,ground,adult,DeltaGard; Evergreen 5-25,morning,03:30,06:30,complete,COMPLETE,Rural North Ripon,R12,Ripon,"North to Yosemite Ave., South to Murphy Rd., East to Murphy Rd., West to 1/2 mile west of Murphy Rd.",1.2604,37.791514,-121.111522,https://www.google.com/maps/d/viewer?mid=1gGCsap1HZFx07QYywB3YNKuiZ60rj9s,1gGCsap1HZFx07QYywB3YNKuiZ60rj9s,wayback:20230922114254,2026-07-27T10:51:34Z
2023-09-14,ground,adult,DeltaGard; Evergreen 5-25,morning,03:30,06:30,complete,COMPLETE,Rural Southeast Escalon,E9,Escalon,"North to Jones Rd., South to Stanislaus River, East to McHenry Ave., West to Brennan Rd.",3.5805,37.762971,-121.005503,https://www.google.com/maps/d/viewer?mid=1GyYAz3A_1FoOvpTInNSL_E0tBwsWQ2_2,1GyYAz3A_1FoOvpTInNSL_E0tBwsWQ2_2,wayback:20230922114254,2026-07-27T10:51:34Z
2023-09-14,ground,adult,DeltaGard; Evergreen 5-25,morning,03:30,06:30,complete,COMPLETE,Rural West Lodi,L1,Lodi,"North to Hwy 12, South to Telephone Cut, East to I-5, West to three miles west of I-5",20.1046,38.092664,-121.40989,https://www.google.com/maps/d/viewer?mid=10gIMbuxlqr42DMKl4R2gFASKxx5RV0hS,10gIMbuxlqr42DMKl4R2gFASKxx5RV0hS,wayback:20230922114254,2026-07-27T10:51:34Z
2023-09-14,ground,adult,DeltaGard; Evergreen 5-25,morning,03:30,06:30,complete,COMPLETE,South Ripon Area,R11,Ripon,"North to W. Main St., South to Doak Blvd., East to S. Stockton Ave., West to S. Jacktone Rd.",1.8919,37.734361,-121.13322,https://www.google.com/maps/d/viewer?mid=1SqCwbT3r9FV4ui9zLqEEG3pib-OWbAM,1SqCwbT3r9FV4ui9zLqEEG3pib-OWbAM,wayback:20230922114254,2026-07-27T10:51:34Z
2023-09-14,ground,adult,DeltaGard; Evergreen 5-25,morning,03:30,06:30,complete,COMPLETE,West Roberts Island,D6,Delta,,10.682,37.97315,-121.45385,https://www.google.com/maps/d/viewer?mid=1tLFNWvooLxCsWS6xo4g5JBUGQ0y8XUtW,1tLFNWvooLxCsWS6xo4g5JBUGQ0y8XUtW,wayback:20230922114254,2026-07-27T10:51:34Z
2023-09-15,ground,adult,DeltaGard; Evergreen 5-25,morning,03:30,06:30,complete,COMPLETE,Farmingtom Area,E35,Escalon,,10.0923,37.930079,-120.997812,https://www.google.com/maps/d/viewer?mid=1zDW-f0OOPngjsPgBrDDq67vgWi5bX6T6,1zDW-f0OOPngjsPgBrDDq67vgWi5bX6T6,wayback:20230922114254,2026-07-27T10:51:34Z
2023-09-15,ground,adult,DeltaGard; Evergreen 5-25,morning,03:30,06:30,complete,COMPLETE,Portion of Rural East Lodi,L21,Lodi,"North to Sargent Rd., South to Harney Ln., East to Atkins Rd., West to Tully Rd.",10.8497,38.117644,-121.114956,https://www.google.com/maps/d/viewer?mid=152qbbYUgMZxcmP-6JmeRi_fpS--LCjs,152qbbYUgMZxcmP-6JmeRi_fpS--LCjs,wayback:20230922114254,2026-07-27T10:51:34Z
2023-09-15,ground,adult,DeltaGard; Evergreen 5-25,morning,03:30,06:30,complete,COMPLETE,Portion of Rural East Lodi,L22,Lodi,"North to Kettleman Ln., South to Tokay Colony Rd., East to Jack Tone Rd., West to Hibbard Rd.",5.4858,38.100661,-121.158786,https://www.google.com/maps/d/viewer?mid=16_lYcyvjPL2kIYFjBYw5h-_JXxaV1y4,16_lYcyvjPL2kIYFjBYw5h-_JXxaV1y4,wayback:20230922114254,2026-07-27T10:51:34Z
2023-09-15,ground,adult,DeltaGard; Evergreen 5-25,morning,03:30,06:30,complete,COMPLETE,Portion of Rural West Farmington,E59,Escalon,"North to Little Johns Creek, South to Gawne Rd., East to Mobley Rd., West Stow Ave.",8.4684,37.902201,-121.067464,https://www.google.com/maps/d/viewer?mid=1k5QybTntTabeg5r3tp_hRhkhDXfbDxw,1k5QybTntTabeg5r3tp_hRhkhDXfbDxw,wayback:20230922114254,2026-07-27T10:51:34Z
2023-09-15,ground,adult,DeltaGard; Evergreen 5-25,morning,03:30,06:30,complete,COMPLETE,Rural Northeast Escalon,E56,Escalon,"North to Grooms Rd., South to OID Canal, East to Victory Ave., West to Rufus Ave.",4.8785,37.823942,-120.935533,https://www.google.com/maps/d/viewer?mid=1zQ9TEcue0-uNogLWe35z6Vpu5Yw38C0,1zQ9TEcue0-uNogLWe35z6Vpu5Yw38C0,wayback:20230922114254,2026-07-27T10:51:34Z
2023-09-15,ground,adult,DeltaGard; Evergreen 5-25,morning,03:30,06:30,complete,COMPLETE,South of Linden- Peters area,LN1,Linden,"North to Milton Rd., South to Dietrich Rd., East to S. Hewitt Rd., West to Dietrich Rd.",6.8929,37.969293,-121.048624,https://www.google.com/maps/d/viewer?mid=1R_RiNEfMd4G8SeShcRgdl-KMMcDs82Q4,1R_RiNEfMd4G8SeShcRgdl-KMMcDs82Q4,wayback:20230922114254,2026-07-27T10:51:34Z
2023-09-21,ground,adult,DeltaGard; Evergreen 5-25,morning,03:30,06:30,complete,COMPLETE,East Escalon,E66,Escalon,"North to Yosemite Ave., South to Valdapena Wy, Thompson Way, Zinfandel Dr. and Daniels Ave., East to McHenry Ave., West to Brennan Rd.",1.353,37.795018,-121.005923,https://www.google.com/maps/d/viewer?mid=1GqNcfaM-1hqwblWoG0y46w-FIL2lA_g,1GqNcfaM-1hqwblWoG0y46w-FIL2lA_g,wayback:20230922114254,2026-07-27T10:51:34Z
2023-09-21,ground,larval,VectoBac WDG,morning,03:30,05:00,complete,COMPLETE,Portion of East Manteca,M19B,Manteca,"North to Northgate Dr., South to Joseph Dr., East to N. Main St., West to Tidewater Park",0.2391,37.817574,-121.222039,https://www.google.com/maps/d/viewer?mid=1O7jMETA9g4Wv2LntTO5N5NqxNKraNkE,1O7jMETA9g4Wv2LntTO5N5NqxNKraNkE,wayback:20230922114254,2026-07-27T10:51:34Z
2023-09-21,ground,adult,DeltaGard; Evergreen 5-25,morning,03:30,06:30,complete,COMPLETE,Portion of North Ripon,R10,Ripon,"North to W. Santos Ave., South to W. Milgeo Ave., East to Ripon Rd. and John Roos Ave., West to Fulton Ave. and Arc Way",1.0018,37.751773,-121.127304,https://www.google.com/maps/d/viewer?mid=1nGLgKp60WjakPGTki9mi6MrCLSNU9Nc,1nGLgKp60WjakPGTki9mi6MrCLSNU9Nc,wayback:20230922114254,2026-07-27T10:51:34Z
2023-09-21,ground,adult,DeltaGard; Evergreen 5-25,morning,03:30,06:30,complete,COMPLETE,Portion of Rural South County- Division Rd. Area,SC3,South County,"North to Division Rd., South to San Joaquin and Stanislaus Rivers, East to Stanislaus River, West to Two Rivers Rd",3.7968,37.677092,-121.228648,https://www.google.com/maps/d/viewer?mid=1zR43QiilWe_TRZveFZagCaWv3wJJuHY1,1zR43QiilWe_TRZveFZagCaWv3wJJuHY1,wayback:20230922114254,2026-07-27T10:51:34Z
2023-09-21,ground,adult,DeltaGard; Evergreen 5-25,morning,03:30,06:30,complete,COMPLETE,Portion of Rural West Lodi,L10,Lodi,Guard Rd. & White Slough area west of I-5 and south of Hwy 12,2.1605,38.109527,-121.416541,https://www.google.com/maps/d/viewer?mid=1kCjmYdRJwDWlsYgUhVuNHvrtYMq441vu,1kCjmYdRJwDWlsYgUhVuNHvrtYMq441vu,wayback:20230922114254,2026-07-27T10:51:34Z
2023-09-21,ground,adult,DeltaGard; Evergreen 5-25,morning,03:30,06:30,complete,COMPLETE,Portion of South Stockton,S40B,Stockton,"North to E. Munford Ave., South to Industrial Dr., East to Hwy 99, West to Pock Ln.",1.6515,37.920345,-121.236146,https://www.google.com/maps/d/viewer?mid=1CODQwuwgAeF-hfMFEVUAnl52oTLRA1Q,1CODQwuwgAeF-hfMFEVUAnl52oTLRA1Q,wayback:20230922114254,2026-07-27T10:51:34Z
2023-09-21,ground,adult,DeltaGard; Evergreen 5-25,morning,03:30,06:30,complete,COMPLETE,Portion of Thornton Area,TH-2a,Thornton,"North to New Hope Rd., South to Beaver Slough, East to Mokelumne River and Klie Rd., West to I-5",4.0936,38.220954,-121.418066,https://www.google.com/maps/d/viewer?mid=1IllxTwsPTM0xmSzgId4MDSp3n94IL_6i,1IllxTwsPTM0xmSzgId4MDSp3n94IL_6i,wayback:20230922114254,2026-07-27T10:51:34Z
2023-09-21,ground,adult,DeltaGard; Evergreen 5-25,morning,03:30,06:30,complete,COMPLETE,Rural East Escalon,E3,Escalon,"North to Dutra Ln., South to Hwy 120, East to Victory Ave., West to Henry Rd.",5.4976,37.807851,-120.932812,https://www.google.com/maps/d/viewer?mid=19r5y1HrE-5wDMUVUYma-rZ71_6Kn8ymQ,19r5y1HrE-5wDMUVUYma-rZ71_6Kn8ymQ,wayback:20230922114254,2026-07-27T10:51:34Z
2023-09-21,ground,adult,DeltaGard; Evergreen 5-25,morning,03:30,06:30,complete,COMPLETE,Rural South County including San Joaquin River Club,SC4,South County,,15.8755,37.679429,-121.280483,https://www.google.com/maps/d/viewer?mid=1yY5svGFRaMdWcO523sc4O-NWVhheKp_3,1yY5svGFRaMdWcO523sc4O-NWVhheKp_3,wayback:20230922114254,2026-07-27T10:51:34Z
2023-09-22,aerial,adult,Dibrom,evening,19:00,21:00,complete,COMPLETE,"Portions of Brack Tract, Canal Ranch, and Terminous Tract",D5,Delta,,24.8239,38.159347,-121.461385,https://www.google.com/maps/d/viewer?mid=1r4icuJ4XB88zAAqj4zKdthWbi7z6vuTs,1r4icuJ4XB88zAAqj4zKdthWbi7z6vuTs,wayback:20230922114254,2026-07-27T10:51:34Z
2023-09-27,ground,adult,Evergreen 5-25,morning,05:30,07:30,complete,COMPLETE,Portion of Rural South County - Division Rd. Area,SC11,South County,"North to Airport Way, Division Rd. and Avenue D, South to San Joaquin and Stanislaus Rivers, East to Stanislaus River, West to San Joaquin River",8.5785,37.67901,-121.236429,https://www.google.com/maps/d/viewer?mid=1L-5tpH8NHVyR5mqJ-iiEM4YrLMhcVxeg,1L-5tpH8NHVyR5mqJ-iiEM4YrLMhcVxeg,wayback:20231014142157,2026-07-27T10:51:35Z
2023-09-28,aerial,adult,Dibrom,evening,19:00,21:00,complete,COMPLETE,West Ripon & Rural South County including SJ River Club,SC14,South County,,38.8553,37.699878,-121.212319,https://www.google.com/maps/d/viewer?mid=14tOWxS1vaMrc3vGP7SQAnFcsaY3hNNBH,14tOWxS1vaMrc3vGP7SQAnFcsaY3hNNBH,wayback:20231014142157,2026-07-27T10:51:35Z
2023-09-29,ground,adult,Evergreen 5-25,morning,05:00,07:30,complete,COMPLETE,Rural East Escalon,E3,Escalon,"North to Dutra Ln., South to Hwy 120, East to Victory Ave., West to Henry Rd.",5.4976,37.807851,-120.932812,https://www.google.com/maps/d/viewer?mid=19r5y1HrE-5wDMUVUYma-rZ71_6Kn8ymQ,19r5y1HrE-5wDMUVUYma-rZ71_6Kn8ymQ,wayback:20231014142157,2026-07-27T10:51:35Z
2023-10-04,aerial,adult,Dibrom,evening,19:00,21:00,complete,COMPLETE,Delta area- Portions of Empire Tract and Terminous Tract,D29,Delta,Delta area- Portions of Empire Tract and Terminous Tract,12.7919,38.080455,-121.480218,https://www.google.com/maps/d/viewer?mid=1YxdmeEmftJ1kSIV8yZiuneMI0UHy7d3p,1YxdmeEmftJ1kSIV8yZiuneMI0UHy7d3p,wayback:20231014142157,2026-07-27T10:51:35Z
2023-10-06,ground,adult,DeltaGard; Evergreen 5-25,morning,03:30,06:30,complete,COMPLETE,Eastern Portion of the City of Escalon,E2,Escalon,"North to California St., South to Vine Ave., East to Brook St., West to Main St.",0.722,37.793479,-120.986348,https://www.google.com/maps/d/viewer?mid=1dAECfkRz_7jwCBY8gbsz0rdNKdXfvz0b,1dAECfkRz_7jwCBY8gbsz0rdNKdXfvz0b,wayback:20231014142157,2026-07-27T10:51:35Z
2023-10-06,ground,adult,DeltaGard; Evergreen 5-25,morning,03:30,06:30,complete,COMPLETE,Portion of North Ripon,R10,Ripon,"North to W. Santos Ave., South to W. Milgeo Ave., East to Ripon Rd. and John Roos Ave., West to Fulton Ave. and Arc Way",1.0018,37.751773,-121.127304,https://www.google.com/maps/d/viewer?mid=1nGLgKp60WjakPGTki9mi6MrCLSNU9Nc,1nGLgKp60WjakPGTki9mi6MrCLSNU9Nc,wayback:20231014142157,2026-07-27T10:51:35Z
2023-10-06,ground,adult,DeltaGard; Evergreen 5-25,morning,03:30,06:30,complete,COMPLETE,Portion of South Stockton,S33C,Stockton,"North to E Jefferson St., South to E. 9th Street, East to U.P. RR tracks, West to S. El Dorado St.",1.4853,37.936263,-121.279375,https://www.google.com/maps/d/viewer?mid=1Vv56o8VB9wh4qxWUXiC5c-3omi_6VIk,1Vv56o8VB9wh4qxWUXiC5c-3omi_6VIk,wayback:20231014142157,2026-07-27T10:51:35Z
2023-10-06,ground,adult,DeltaGard; Evergreen 5-25,morning,03:30,06:30,complete,COMPLETE,Ripon Sewer,R2,Ripon,"North to Doak Rd., South to Stanislaus County Line, East to Stockton Ave., West to Robert Ave.",0.7947,37.726509,-121.130382,https://www.google.com/maps/d/viewer?mid=1UVI-M5eTIEkrLZvrJx2Qwxb6K_VYNYkN,1UVI-M5eTIEkrLZvrJx2Qwxb6K_VYNYkN,wayback:20231014142157,2026-07-27T10:51:35Z
2023-10-06,ground,adult,DeltaGard; Evergreen 5-25,morning,03:30,06:30,complete,COMPLETE,Rural South Ripon including Jack Tone Golf,R13,Ripon,"North to West Ripon Rd., South to Moncure Rd & Stanislaus River, East to S. Mohler Rd. and Robert Ave., West to S. Frederick Ave. (Added 10/5/23)",3.8386,37.727742,-121.15496,https://www.google.com/maps/d/viewer?mid=1oEgpLITp0VUE0PJXiU-CQJmEfZnhPqc,1oEgpLITp0VUE0PJXiU-CQJmEfZnhPqc,wayback:20231014142157,2026-07-27T10:51:35Z
2023-10-06,ground,adult,DeltaGard; Evergreen 5-25,morning,03:30,06:30,complete,COMPLETE,South Escalon,E67,Escalon,"North to Roosevelt Ave., South to Catherine Way, East to the RXR Tracks and St. John Rd., West to McHenry Ave.",0.6123,37.789167,-120.992357,https://www.google.com/maps/d/viewer?mid=1HQaBvpattfeOUok4kBhXzZGYxSNeizc,1HQaBvpattfeOUok4kBhXzZGYxSNeizc,wayback:20231014142157,2026-07-27T10:51:35Z
2023-10-06,ground,adult,DeltaGard; Evergreen 5-25,morning,03:30,06:30,complete,COMPLETE,South of Linden - Peters Area,LN1,Linden,"North to Milton Rd., South to Dietrich Rd., East to S. Hewitt Rd., West to Dietrich Rd.",6.8929,37.969293,-121.048624,https://www.google.com/maps/d/viewer?mid=1R_RiNEfMd4G8SeShcRgdl-KMMcDs82Q4,1R_RiNEfMd4G8SeShcRgdl-KMMcDs82Q4,wayback:20231014142157,2026-07-27T10:51:35Z
2023-10-12,aerial,adult,Dibrom,evening,18:45,20:45,complete,COMPLETE,West Ripon & Rural South County including SJ River Club See Map COMPLETE,SC14,South County,West Ripon & Rural South County including SJ River Club,38.8553,37.699878,-121.212319,https://www.google.com/maps/d/viewer?mid=14tOWxS1vaMrc3vGP7SQAnFcsaY3hNNBH,14tOWxS1vaMrc3vGP7SQAnFcsaY3hNNBH,wayback:20231014142157,2026-07-27T10:51:35Z
2023-10-19,aerial,adult,Evergreen 5-25,evening,18:45,21:00,complete,COMPLETE,West Ripon & Rural South County including SJ River Club See Map COMPLETE,SC14,South County,West Ripon & Rural South County including SJ River Club,38.8553,37.699878,-121.212319,https://www.google.com/maps/d/viewer?mid=14tOWxS1vaMrc3vGP7SQAnFcsaY3hNNBH,14tOWxS1vaMrc3vGP7SQAnFcsaY3hNNBH,wayback:20240424155237,2026-07-27T10:51:36Z
2023-10-24,ground,adult,DeltaGard; Evergreen 5-25,morning,03:30,05:30,complete,COMPLETE,Rural West Ripon,R14,Ripon,"North to Prune Rd., South to W. Ripon Rd., East to S. Highland Rd., West to Austin Rd.",3.6354,37.745048,-121.162885,https://www.google.com/maps/d/viewer?mid=1d3-xnUq5YnA6bPZtWH9a7VryZisFcwg,1d3-xnUq5YnA6bPZtWH9a7VryZisFcwg,wayback:20240424155237,2026-07-27T10:51:36Z
2024-06-23,aerial,adult,Dibrom,evening,20:30,22:30,complete,COMPLETE,South Staten Island and Portions of Brack Tract and Bouldin Island,D34,Delta,,26.978,38.140638,-121.525925,https://www.google.com/maps/d/viewer?mid=1EED6vrU0iCrljgCdhexg-G2f_xg7HM4,1EED6vrU0iCrljgCdhexg-G2f_xg7HM4,wayback:20240710235008,2026-07-27T10:51:38Z
2024-06-23,aerial,adult,Dibrom,evening,20:30,22:30,complete,COMPLETE,Wright-Shima-Rindge-Lower Roberts,D2,Delta,"Portions of Shima Tract, Rindge Tract, Wright Tract, Lower Roberts Island",18.0124,38.001048,-121.394973,https://www.google.com/maps/d/viewer?mid=1heJJ35n0Ncl7mExjNCOLOt_OdLoFKLgy,1heJJ35n0Ncl7mExjNCOLOt_OdLoFKLgy,wayback:20240710235008,2026-07-27T10:51:38Z
2024-06-26,ground,adult,DeltaGard; Evergreen 5-25,morning,05:00,07:00,complete,COMPLETE,Portion of Rural Northeast Escalon,E41a,Escalon,"North to Lone Tree Rd., South to 1/4 mile south of Dutra Ln., East to Victory Rd., West to Henry Rd.",1.7341,37.823032,-120.933308,https://www.google.com/maps/d/viewer?mid=1QiNT1gi7mNosct7nFbhvzzHjX11S6l8,1QiNT1gi7mNosct7nFbhvzzHjX11S6l8,wayback:20240710235008,2026-07-27T10:51:38Z
2024-06-27,aerial,adult,Dibrom,evening,20:30,22:30,complete,COMPLETE,Delta Islands-,D7,Delta,"Portions of Shima Tract, Rindge Tract, Wright Tract",24.8479,38.014741,-121.39736,https://www.google.com/maps/d/viewer?mid=1f2Cc6vAndlrwjFSphksdRjUD4ZJL5NmU,1f2Cc6vAndlrwjFSphksdRjUD4ZJL5NmU,wayback:20240710235008,2026-07-27T10:51:38Z
2024-06-27,aerial,adult,Dibrom,evening,20:30,22:30,complete,COMPLETE,Delta Islands-,D32A,Delta,Portion of Brack Tract,9.9765,38.158437,-121.444175,https://www.google.com/maps/d/viewer?mid=1q3UOlCS7KtOFsLYlJKcDbKaI-J3jsvbr,1q3UOlCS7KtOFsLYlJKcDbKaI-J3jsvbr,wayback:20240710235008,2026-07-27T10:51:38Z
2024-06-28,ground,adult,DeltaGard; Evergreen 5-25,morning,04:00,05:00,complete,COMPLETE,Portion of North Stockton,S2,Stockton,"North to Meadow Ave., South to W. Lincoln Rd., East to Pershing Ave., West to Alexandria Place",0.2477,38.014823,-121.334916,https://www.google.com/maps/d/viewer?mid=1UQwW_oOGjT5eFXgphjooM-w62D0o2Dnr,1UQwW_oOGjT5eFXgphjooM-w62D0o2Dnr,wayback:20240710235008,2026-07-27T10:51:38Z
2024-07-03,ground,adult,Evergreen 5-25,morning,04:30,06:30,complete,COMPLETE,Delta Islands- West Roberts Island,D6,Delta,,10.682,37.97315,-121.45385,https://www.google.com/maps/d/viewer?mid=1tLFNWvooLxCsWS6xo4g5JBUGQ0y8XUtW,1tLFNWvooLxCsWS6xo4g5JBUGQ0y8XUtW,wayback:20240710235008,2026-07-27T10:51:38Z
2024-07-08,aerial,adult,Dibrom,evening,20:30,23:00,complete,COMPLETE,Delta Islands-,D34,Delta,South Staten Island and Portions of Brack Tract and Bouldin Island,26.978,38.140638,-121.525925,https://www.google.com/maps/d/viewer?mid=1EED6vrU0iCrljgCdhexg-G2f_xg7HM4,1EED6vrU0iCrljgCdhexg-G2f_xg7HM4,wayback:20240710235008,2026-07-27T10:51:38Z
2024-07-08,aerial,adult,Dibrom,evening,20:30,23:00,complete,COMPLETE,Delta Islands-,D7,Delta,"Portions of Shima Tract, Rindge Tract, Wright Tract",24.8479,38.014741,-121.39736,https://www.google.com/maps/d/viewer?mid=1f2Cc6vAndlrwjFSphksdRjUD4ZJL5NmU,1f2Cc6vAndlrwjFSphksdRjUD4ZJL5NmU,wayback:20240710235008,2026-07-27T10:51:38Z
2024-07-09,ground,adult,DeltaGard; Evergreen 5-25,morning,05:00,07:00,complete,COMPLETE,Rural North Escalon,E21B,Escalon,"North 1/2 mile north of Skiff Rd., South to Dodds Rd., East to Escalon Bellota Rd., West to Temple Creek",9.454,37.867865,-121.019917,https://www.google.com/maps/d/viewer?mid=1t9LByRp8iBHLhcVB86ZztvNca5bJ7OI,1t9LByRp8iBHLhcVB86ZztvNca5bJ7OI,wayback:20240710235008,2026-07-27T10:51:38Z
2024-07-10,aerial,adult,Evergreen 5-25,evening,20:30,23:00,complete,COMPLETE,Delta Islands-,D2,Delta,"Portions of Shima Tract, Rindge Tract, Wright Tract, Lower Roberts Island",18.0124,38.001048,-121.394973,https://www.google.com/maps/d/viewer?mid=1heJJ35n0Ncl7mExjNCOLOt_OdLoFKLgy,1heJJ35n0Ncl7mExjNCOLOt_OdLoFKLgy,wayback:20240710235008,2026-07-27T10:51:38Z
2024-07-10,aerial,adult,Evergreen 5-25,evening,20:30,23:00,complete,COMPLETE,Delta Islands-,D5,Delta,"Portions of Brack Tract, Canal Ranch, and Terminous Tract",24.8239,38.159347,-121.461385,https://www.google.com/maps/d/viewer?mid=1r4icuJ4XB88zAAqj4zKdthWbi7z6vuTs,1r4icuJ4XB88zAAqj4zKdthWbi7z6vuTs,wayback:20240710235008,2026-07-27T10:51:38Z
2024-07-12,ground,adult,DeltaGard; Evergreen 5-25,morning,04:00,07:00,complete,COMPLETE,Delta Area-,D12,Delta,Wright and Elmwood Tract,8.6345,37.9957,-121.384856,https://www.google.com/maps/d/viewer?mid=11vvIxM7pP2tdGwJBH9n2sT4_KB-vzi7G,11vvIxM7pP2tdGwJBH9n2sT4_KB-vzi7G,wayback:20240724025626,2026-07-27T10:51:39Z
2024-07-12,ground,adult,DeltaGard; Evergreen 5-25,morning,04:00,07:00,complete,COMPLETE,North Stockton,S2,Stockton,"-, North to Meadow Ave., South to W. Lincoln Rd., East to Pershing Ave., West to Alexandria Place",0.2477,38.014823,-121.334916,https://www.google.com/maps/d/viewer?mid=1UQwW_oOGjT5eFXgphjooM-w62D0o2Dnr,1UQwW_oOGjT5eFXgphjooM-w62D0o2Dnr,wayback:20240724025626,2026-07-27T10:51:39Z
2024-07-12,ground,adult,DeltaGard; Evergreen 5-25,morning,04:00,07:00,complete,COMPLETE,Portion of Rural South County - Division Road Area-,SC8B,South County,"North to Avenue D & Division Rd., South to San Joaquin and Stanislaus Rivers, East to Stanislaus River / Ave D, West to Two Rivers Rd., Division Rd., and Airport Way",7.575,37.683736,-121.23097,https://www.google.com/maps/d/viewer?mid=12pIzSEWaFB7oKf8CyTs4Ubweu52hngAB,12pIzSEWaFB7oKf8CyTs4Ubweu52hngAB,wayback:20240724025626,2026-07-27T10:51:39Z
2024-07-12,ground,adult,DeltaGard; Evergreen 5-25,morning,04:00,07:00,complete,COMPLETE,Rural North Escalon-,E21B,Escalon,"North1/2 mile north of Skiff Rd., South to Dodds Rd., East to Escalon Bellota Rd., West to Temple Creek",9.454,37.867865,-121.019917,https://www.google.com/maps/d/viewer?mid=1t9LByRp8iBHLhcVB86ZztvNca5bJ7OI,1t9LByRp8iBHLhcVB86ZztvNca5bJ7OI,wayback:20240724025626,2026-07-27T10:51:39Z
2024-07-12,ground,adult,DeltaGard; Evergreen 5-25,morning,04:00,07:00,complete,COMPLETE,Rural South County including San Joaquin River Club,SC4,South County,,15.8755,37.679429,-121.280483,https://www.google.com/maps/d/viewer?mid=1yY5svGFRaMdWcO523sc4O-NWVhheKp_3,1yY5svGFRaMdWcO523sc4O-NWVhheKp_3,wayback:20240724025626,2026-07-27T10:51:39Z
2024-07-18,aerial,adult,Dibrom,evening,20:30,22:30,complete,COMPLETE,Delta Islands-,D32A,Delta,Portions of Brack Tract,9.9765,38.158437,-121.444175,https://www.google.com/maps/d/viewer?mid=1q3UOlCS7KtOFsLYlJKcDbKaI-J3jsvbr,1q3UOlCS7KtOFsLYlJKcDbKaI-J3jsvbr,wayback:20240724025626,2026-07-27T10:51:39Z
2024-07-18,aerial,adult,Dibrom,evening,20:30,22:30,complete,COMPLETE,Portion of South County,SC17,South County,,16.4236,37.682602,-121.233493,https://www.google.com/maps/d/viewer?mid=1nm6ZRXdv7KkBsNjAEMUgXhR1m7-TmmY,1nm6ZRXdv7KkBsNjAEMUgXhR1m7-TmmY,wayback:20240724025626,2026-07-27T10:51:39Z
2024-07-19,ground,adult,DeltaGard; Evergreen 5-25,morning,03:30,06:00,complete,COMPLETE,North Escalon,E50,Escalon,"North to Mission St., South to California St., East to Justin Dr., West to Sierra Dr.",0.3066,37.798412,-120.987012,https://www.google.com/maps/d/viewer?mid=1cNTxkWgN0uafEyp6fywYwqrN69idoF9-,1cNTxkWgN0uafEyp6fywYwqrN69idoF9-,wayback:20240724025626,2026-07-27T10:51:39Z
2024-07-19,ground,adult,DeltaGard; Evergreen 5-25,morning,03:30,06:00,complete,COMPLETE,Portion of Farmington Area,E16,Escalon,"North to Hwy 4, South to one mile south of Hwy 4, East to 1/2 mile east of Escalon-Bellota Rd., West to 1/2 mile west of Escalon-Bellota Rd.",2.6174,37.92281,-120.999966,https://www.google.com/maps/d/viewer?mid=1e98hdgpLKPuy7BvLzie6nhCtZBZGbwD1,1e98hdgpLKPuy7BvLzie6nhCtZBZGbwD1,wayback:20240724025626,2026-07-27T10:51:39Z
2024-07-19,ground,adult,DeltaGard; Evergreen 5-25,morning,03:30,06:00,complete,COMPLETE,Portion of Northwest Tracy,T28,Tracy,"North to I-205, South to W. Lowell Ave., East to W. Lowell Ave., West to Foothill Vista Dr. & Joe Pombo Pkwy.",0.5596,37.750859,-121.46359,https://www.google.com/maps/d/viewer?mid=16dV6sWWpfXuDXUIPsSWDZVr1SUPjDcM,16dV6sWWpfXuDXUIPsSWDZVr1SUPjDcM,wayback:20240724025626,2026-07-27T10:51:39Z
2024-07-19,ground,adult,DeltaGard; Evergreen 5-25,morning,03:30,06:00,complete,COMPLETE,Portion of South Stockton,S33B,Stockton,"North to Dr. Martin Luther King Blvd., South to E. 9th Street, East to U.P. RR tracks, West to S. El Dorado St.",1.1445,37.934492,-121.279293,https://www.google.com/maps/d/viewer?mid=1fJvn2AOOjEiPOxVdUuR7E9Y5w9hytRI,1fJvn2AOOjEiPOxVdUuR7E9Y5w9hytRI,wayback:20240724025626,2026-07-27T10:51:39Z
2024-07-19,ground,adult,DeltaGard; Evergreen 5-25,morning,03:30,06:00,complete,COMPLETE,Portion of West Escalon,E64,Escalon,"North to Yosemite Ave., South to 1st Street, East to McHenry Ave. & Hwy120, West to Brennan Rd.",0.7937,37.796384,-121.006116,https://www.google.com/maps/d/viewer?mid=1b9GW7fakbbU-cAZGAocNd83vkDTZ2oc,1b9GW7fakbbU-cAZGAocNd83vkDTZ2oc,wayback:20240724025626,2026-07-27T10:51:39Z
2024-07-19,ground,adult,DeltaGard; Evergreen 5-25,morning,03:30,06:00,complete,COMPLETE,Rural East Escalon,E29,Escalon,"North to OID Canal, South to Hwy 120, East to Victory Ave., West to Henry Rd.",3.7529,37.803345,-120.932621,https://www.google.com/maps/d/viewer?mid=1YdE4wGmIItr1fDrb1unsnlFVmpL_Tx5f,1YdE4wGmIItr1fDrb1unsnlFVmpL_Tx5f,wayback:20240724025626,2026-07-27T10:51:39Z
2024-07-22,aerial,adult,Dibrom,evening,20:30,22:30,complete,COMPLETE,Delta Islands-,D3,Delta,"Portions of Shima Tract, Rindge Tract, Wright Tract, Lower Roberts Island",24.8479,38.014741,-121.39736,https://www.google.com/maps/d/viewer?mid=151h4otrEYfexJiUy3PTMbUXzy7KvxVeE,151h4otrEYfexJiUy3PTMbUXzy7KvxVeE,wayback:20240724025626,2026-07-27T10:51:39Z
2024-07-22,aerial,adult,Dibrom,evening,20:30,22:30,complete,COMPLETE,Delta Islands-,D34,Delta,Portions of Brack Tract and Bouldin Island,26.978,38.140638,-121.525925,https://www.google.com/maps/d/viewer?mid=1EED6vrU0iCrljgCdhexg-G2f_xg7HM4,1EED6vrU0iCrljgCdhexg-G2f_xg7HM4,wayback:20240724025626,2026-07-27T10:51:39Z
2024-09-05,ground,adult,DeltaGard; Evergreen 5-25,morning,03:30,05:30,complete,COMPLETE,A Portion of South Stockton West of I-5,S41B,Stockton,"North to Wall St., Platte Rd., Truckee Ln., La Vita Dr., and Walbury St., South to Alta Sierra St., Diablo Creek Dr. and 8th St., East to Moss Garden Ave., Moss Rock Ln., Capitola Cir., Pajaro Way, and Dry Creek Way, West to Oxwell and Tille Lewis Drive",0.6049,37.928275,-121.312104,https://www.google.com/maps/d/viewer?mid=1Y2oilp_Kka412zuET4C3v28f_2hibrg,1Y2oilp_Kka412zuET4C3v28f_2hibrg,wayback:20241012031703,2026-07-27T10:51:40Z
2024-09-05,ground,adult,DeltaGard; Evergreen 5-25,morning,03:30,05:30,complete,COMPLETE,Central Manteca,M20,Manteca,"North to W. Alameda St., South to W. Center St., East to N. Main St., West to Tidewater Pk",0.507,37.802081,-121.220957,https://www.google.com/maps/d/viewer?mid=18PR4uJaFdzAz2blZDSTayj-YC94rlMo,18PR4uJaFdzAz2blZDSTayj-YC94rlMo,wayback:20241012031703,2026-07-27T10:51:40Z
2024-09-05,ground,adult,DeltaGard; Evergreen 5-25,morning,03:30,05:30,complete,COMPLETE,East Lodi,L27,Lodi,"North to E. Lodi Ave., South to E. Tokay St., East to S. Cherokee Lane, West to S. Stockton St.",0.3998,38.12878,-121.265196,https://www.google.com/maps/d/viewer?mid=1VXQMyBP81A8BBUQUQEIFZyMJjekArqc,1VXQMyBP81A8BBUQUQEIFZyMJjekArqc,wayback:20241012031703,2026-07-27T10:51:40Z
2024-09-05,ground,adult,DeltaGard; Evergreen 5-25,morning,03:30,05:30,complete,COMPLETE,Northwest Stockton- Brookside Area,S23,Stockton,"North to W. March Ln., South to Brookside Rd., East to Feather River Dr., West to Brookside Rd",0.7464,37.980025,-121.349699,https://www.google.com/maps/d/viewer?mid=1JNoCNnTgawK0dNM7YpxQIOZZHDmI6jVQ,1JNoCNnTgawK0dNM7YpxQIOZZHDmI6jVQ,wayback:20241012031703,2026-07-27T10:51:40Z
2024-09-05,ground,adult,DeltaGard; Evergreen 5-25,morning,03:30,05:30,complete,COMPLETE,Portion of South Stockton,S33C,Stockton,"North to E Jefferson St., South to E. 9th Street, East to U.P. RR tracks, West to S. El Dorado St.",1.4853,37.936263,-121.279375,https://www.google.com/maps/d/viewer?mid=1Vv56o8VB9wh4qxWUXiC5c-3omi_6VIk,1Vv56o8VB9wh4qxWUXiC5c-3omi_6VIk,wayback:20241012031703,2026-07-27T10:51:40Z
2024-09-09,aerial,adult,Dibrom,evening,20:00,22:00,complete,COMPLETE,City of Escalon and surrounding rural areas,E68,Escalon,,9.1591,37.795729,-120.998214,https://www.google.com/maps/d/viewer?mid=1hC-8f2is8t8g9LTLmByIeOJ5vwM7npU,1hC-8f2is8t8g9LTLmByIeOJ5vwM7npU,wayback:20241012031703,2026-07-27T10:51:40Z
2024-09-09,aerial,adult,Dibrom,evening,20:00,22:00,complete,COMPLETE,City of Ripon and surrounding rural areas,,Unknown,,19.2578,37.743332,-121.131396,https://www.google.com/maps/d/viewer?mid=1YJS-9czYLf7rAZSR056FokwvinBCQpY,1YJS-9czYLf7rAZSR056FokwvinBCQpY,wayback:20241012031703,2026-07-27T10:51:40Z
2024-09-19,ground,larval,VectoBac WDG,morning,03:30,05:30,complete,COMPLETE,Central Manteca,M20,Manteca,"North to W. Alameda St., South to W. Center St., East to N. Main St., West to Tidewater Pk",0.507,37.802081,-121.220957,https://www.google.com/maps/d/viewer?mid=18PR4uJaFdzAz2blZDSTayj-YC94rlMo,18PR4uJaFdzAz2blZDSTayj-YC94rlMo,wayback:20241012031703,2026-07-27T10:51:40Z
2024-09-20,ground,adult,DeltaGard; Evergreen 5-25,morning,03:30,05:30,complete,COMPLETE,Portion of North Manteca,M26,Manteca,"North to Arbor Brook Dr., South to W. Lathrop Rd., East to Happy Valley Ln., West to Airport Way",4.0122,37.833527,-121.240851,https://www.google.com/maps/d/viewer?mid=11elzfP0nIMwj1uElg_gxyDWoVlQi5Ns,11elzfP0nIMwj1uElg_gxyDWoVlQi5Ns,wayback:20241012031703,2026-07-27T10:51:40Z
2024-09-20,ground,adult,DeltaGard; Evergreen 5-25,morning,03:30,05:30,complete,COMPLETE,Portion of South Stockton,S33B,Stockton,"North to Dr. Martin Luther King Blvd., South to E. 9th Street, East to U.P. RR tracks, West to S. El Dorado St.",1.1445,37.934492,-121.279293,https://www.google.com/maps/d/viewer?mid=1fJvn2AOOjEiPOxVdUuR7E9Y5w9hytRI,1fJvn2AOOjEiPOxVdUuR7E9Y5w9hytRI,wayback:20241012031703,2026-07-27T10:51:40Z
2024-09-20,ground,adult,DeltaGard; Evergreen 5-25,morning,03:30,05:30,complete,COMPLETE,Portion of Stockton,S40B,Stockton,"North to E. Munford Ave. & Catamaran Wy., South to Industrial Dr. and Bayliner Dr., East to Hwy 99, West to Pock Ln. & Lanyard Dr.",1.6515,37.920345,-121.236146,https://www.google.com/maps/d/viewer?mid=1CODQwuwgAeF-hfMFEVUAnl52oTLRA1Q,1CODQwuwgAeF-hfMFEVUAnl52oTLRA1Q,wayback:20241012031703,2026-07-27T10:51:40Z
2024-09-20,ground,adult,DeltaGard; Evergreen 5-25,morning,03:30,05:30,complete,COMPLETE,South Central Tracy,T2a,Tracy,"North to R&R, South to Valpico Rd., East to Sycamore Pkwy, West to Corral Hollow Rd.",2.0179,37.717828,-121.446059,https://www.google.com/maps/d/viewer?mid=1EzBVxGtJFQVHL4FBOSNJF2FUZaPXQeLT,1EzBVxGtJFQVHL4FBOSNJF2FUZaPXQeLT,wayback:20241012031703,2026-07-27T10:51:40Z
2024-09-22,aerial,adult,Dibrom; Evergreen 5-25,evening,19:15,21:00,complete,COMPLETE,Ground spraying,M23B,Manteca,"for adult mosquito control using DeltaGard® and/or Evergreen 525, is scheduled for the morning of Thursday, September 19, 2024 between 3:30 a.m. and 5:30 a.m. Portion of West Manteca, North to Louise Ave., South to W. Yosemite Ave., East Tidewater Pk, West to N. Airport Way",1.5707,37.806061,-121.245227,https://www.google.com/maps/d/viewer?mid=16BxBJhBkjvFw_bUnoe1MJsOQ_2MtlHQ,16BxBJhBkjvFw_bUnoe1MJsOQ_2MtlHQ,wayback:20241012031703,2026-07-27T10:51:40Z
2024-09-22,aerial,adult,Dibrom; Evergreen 5-25,evening,19:15,21:00,complete,COMPLETE,Portion of South Manteca,M25,Manteca,"North to E. Woodward Ave., South to Tannehill Dr., East to Pillsbury Rd., West to S. Main St.",1.2471,37.772554,-121.20643,https://www.google.com/maps/d/viewer?mid=1VakL58Y9x5GUM36bEuYm8HwbDgCBHaA,1VakL58Y9x5GUM36bEuYm8HwbDgCBHaA,wayback:20241012031703,2026-07-27T10:51:40Z
2024-09-22,aerial,adult,Dibrom; Evergreen 5-25,evening,19:15,21:00,complete,COMPLETE,"Portions of Brack Tract, Canal Ranch, and Terminous Tract",D4(c),Delta,,26.3284,38.157966,-121.458645,https://www.google.com/maps/d/viewer?mid=1cyMmRytvRpbUVchyUvldRrrR-Mxx9mA,1cyMmRytvRpbUVchyUvldRrrR-Mxx9mA,wayback:20241012031703,2026-07-27T10:51:40Z
2024-09-24,ground,adult,DeltaGard; Evergreen 5-25,morning,03:30,05:30,complete,COMPLETE,Portion of North East Manteca,M26,Manteca,"North to E. Lathrop Rd., South to Louise Ave., East to Hwy 99, West Tidewater Pk.",2.0734,37.818086,-121.219335,https://www.google.com/maps/d/viewer?mid=1DWYg9CIYAPnSn-Dyd8TjL9ynW3WIe_U,1DWYg9CIYAPnSn-Dyd8TjL9ynW3WIe_U,wayback:20241012031703,2026-07-27T10:51:40Z
2024-09-24,ground,adult,DeltaGard; Evergreen 5-25,morning,03:30,05:30,complete,COMPLETE,Portion of South Manteca,M27,Manteca,"North to Wawona St., South to Hwy 120, East to Union Rd., West to Airport Way.",1.1079,37.786978,-121.243238,https://www.google.com/maps/d/viewer?mid=1fnfPftS2lUz0ihOiis6AGPhYI-JBXLw,1fnfPftS2lUz0ihOiis6AGPhYI-JBXLw,wayback:20241012031703,2026-07-27T10:51:40Z
2024-09-27,ground,adult,DeltaGard; Evergreen 5-25,morning,03:30,06:00,complete,COMPLETE,East Lodi Area,L28,Lodi,"North to E. Lockeford St., South to E. Vine Street, East to S. Cherokee Ln., West to S. Stockton St.",1.4503,38.13042,-121.26511,https://www.google.com/maps/d/viewer?mid=1en2NzlZ-Iurv-3H0jsmbc263HABDCXE,1en2NzlZ-Iurv-3H0jsmbc263HABDCXE,wayback:20241012031703,2026-07-27T10:51:40Z
2024-09-27,ground,adult,DeltaGard; Evergreen 5-25,morning,03:30,06:00,complete,COMPLETE,Portion of North Ripon,R16,Ripon,"North to E. River Rd. and SSJ Canal, South to E. Milgeo Ave., East to S. Murphy Rd., West Fulton Ave.",1.9818,37.752192,-121.124082,https://www.google.com/maps/d/viewer?mid=1YOOEm8XqO1MU3sYNQFNHz9FO-R_QVjU,1YOOEm8XqO1MU3sYNQFNHz9FO-R_QVjU,wayback:20241012031703,2026-07-27T10:51:40Z
2024-09-27,ground,adult,DeltaGard; Evergreen 5-25,morning,03:30,06:00,complete,COMPLETE,Portion of Rural East Lodi,L21,Lodi,"North to Sargent Rd., South to Harney Ln., East to Atkins Rd., West to Tully Rd.",10.8497,38.117644,-121.114956,https://www.google.com/maps/d/viewer?mid=152qbbYUgMZxcmP-6JmeRi_fpS--LCjs,152qbbYUgMZxcmP-6JmeRi_fpS--LCjs,wayback:20241012031703,2026-07-27T10:51:40Z
2024-09-27,ground,adult,DeltaGard; Evergreen 5-25,morning,03:30,06:00,complete,COMPLETE,Portion of Rural South West Lodi,L8,Lodi,"North to W. Kingdom Rd., South to Armstrong Rd., West to I-5 & Thornton Rd., East to UPRR.",7.5859,38.097588,-121.365433,https://www.google.com/maps/d/viewer?mid=1SEPCnj_MFGP36mFHmoWEgeT7J_VvCzTB,1SEPCnj_MFGP36mFHmoWEgeT7J_VvCzTB,wayback:20241012031703,2026-07-27T10:51:40Z
2024-09-27,ground,adult,DeltaGard; Evergreen 5-25,morning,03:30,06:00,complete,COMPLETE,Portion of Rural West Farmington,E59,Escalon,"North to Little Johns Creek, South to Gawne Rd., East to Mobley Rd., West Stow Ave.",8.4684,37.902201,-121.067464,https://www.google.com/maps/d/viewer?mid=1k5QybTntTabeg5r3tp_hRhkhDXfbDxw,1k5QybTntTabeg5r3tp_hRhkhDXfbDxw,wayback:20241012031703,2026-07-27T10:51:40Z
2024-09-27,ground,adult,DeltaGard; Evergreen 5-25,morning,03:30,06:00,complete,COMPLETE,Portion of South Stockton West of I-5,S41B,Stockton,"North to Wall St., Platte Rd., Truckee Ln., La Vita Dr., and Walbury St., South to Alta Sierra St., Diablo Creek Dr. and 8th St., East to Moss Garden Ave., Moss Rock Ln., Capitola Cir., Pajaro Way, and Dry Creek Way, West to Oxwell and Tille Lewis Dr.",0.6049,37.928275,-121.312104,https://www.google.com/maps/d/viewer?mid=1Y2oilp_Kka412zuET4C3v28f_2hibrg,1Y2oilp_Kka412zuET4C3v28f_2hibrg,wayback:20241012031703,2026-07-27T10:51:40Z
2024-09-27,ground,adult,DeltaGard; Evergreen 5-25,morning,03:30,06:00,complete,COMPLETE,Rural East Escalon,E29,Escalon,"North to OID Canal, South to Hwy 120, East to Victory Ave., West to Henry Rd.",3.7529,37.803345,-120.932621,https://www.google.com/maps/d/viewer?mid=1YdE4wGmIItr1fDrb1unsnlFVmpL_Tx5f,1YdE4wGmIItr1fDrb1unsnlFVmpL_Tx5f,wayback:20241012031703,2026-07-27T10:51:40Z
2024-09-27,ground,adult,DeltaGard; Evergreen 5-25,morning,03:30,06:00,complete,COMPLETE,Southwest Ripon,R19,Ripon,"North to W. Ripon Rd., South Riverview Cir., East S. Highland Ave., West S. Olive Ave.",1.5434,37.73095,-121.152142,https://www.google.com/maps/d/viewer?mid=1jLCt2L8C3lE4iv9R1SYuwp_CKo7veSE,1jLCt2L8C3lE4iv9R1SYuwp_CKo7veSE,wayback:20241012031703,2026-07-27T10:51:40Z
2024-09-29,aerial,adult,Dibrom,evening,19:15,21:00,complete,COMPLETE,Empire Tract and surrounding areas,D44,Delta,.,29.4396,38.059609,-121.486331,https://www.google.com/maps/d/viewer?mid=1zxFv3f8h8FSjpFMGLyZXit2oRn6c7UI,1zxFv3f8h8FSjpFMGLyZXit2oRn6c7UI,wayback:20241012031703,2026-07-27T10:51:40Z
2024-09-29,aerial,adult,Dibrom,evening,19:15,21:00,complete,COMPLETE,"Portions of Brack Tract, Canal Ranch, and Terminous Tract",D4(c),Delta,,26.3284,38.157966,-121.458645,https://www.google.com/maps/d/viewer?mid=1cyMmRytvRpbUVchyUvldRrrR-Mxx9mA,1cyMmRytvRpbUVchyUvldRrrR-Mxx9mA,wayback:20241012031703,2026-07-27T10:51:40Z
2024-10-03,ground,adult,DeltaGard; Evergreen 5-25,morning,03:30,05:30,complete,COMPLETE,Central Lathrop Area,M24,Manteca,"North to J St., South to O St., East to S. Harlan Rd., West to 5th St.",0.9459,37.819076,-121.285417,https://www.google.com/maps/d/viewer?mid=1GbWtL_oXtwzcY477NlEEbijWIaFEVPA,1GbWtL_oXtwzcY477NlEEbijWIaFEVPA,wayback:20241012031703,2026-07-27T10:51:40Z
2024-10-03,ground,adult,DeltaGard; Evergreen 5-25,morning,03:30,05:30,complete,COMPLETE,North Lathrop,M29,Manteca,"North to Roth Rd., South to W. Lathrop Rd., East to RR Tracks, West to S. Harlan Rd.",2.8985,37.839443,-121.280175,https://www.google.com/maps/d/viewer?mid=1oS5VWC6089D6LAjPWKJLoUFkzWHFNco,1oS5VWC6089D6LAjPWKJLoUFkzWHFNco,wayback:20241012031703,2026-07-27T10:51:40Z
2024-10-03,ground,adult,DeltaGard; Evergreen 5-25,morning,03:30,05:30,complete,COMPLETE,Portion of North Ripon,R16,Ripon,"North to E. River Rd. and SSJ Canal, South to E. Milgeo Ave., East to S. Murphy Rd., West Fulton Ave.",1.9818,37.752192,-121.124082,https://www.google.com/maps/d/viewer?mid=1YOOEm8XqO1MU3sYNQFNHz9FO-R_QVjU,1YOOEm8XqO1MU3sYNQFNHz9FO-R_QVjU,wayback:20241012031703,2026-07-27T10:51:40Z
2024-10-03,ground,adult,DeltaGard; Evergreen 5-25,morning,03:30,05:30,complete,COMPLETE,Portion of West Manteca,M28,Manteca,"North to E Lathrop Rd., South along the RXR tracks, East to London Ave., West to S. Airport Way.",0.9182,37.82101,-121.24917,https://www.google.com/maps/d/viewer?mid=1cRRz-BPDb2lrTON_VwNPNCwSd7SZl6c,1cRRz-BPDb2lrTON_VwNPNCwSd7SZl6c,wayback:20241012031703,2026-07-27T10:51:40Z
2024-10-03,aerial,adult,Dibrom,evening,19:00,21:00,complete,COMPLETE,West Ripon & Rural South County including SJ River Club,SC14,South County,,38.8553,37.699878,-121.212319,https://www.google.com/maps/d/viewer?mid=14tOWxS1vaMrc3vGP7SQAnFcsaY3hNNBH,14tOWxS1vaMrc3vGP7SQAnFcsaY3hNNBH,wayback:20241012031703,2026-07-27T10:51:40Z
2024-10-04,ground,adult,DeltaGard; Evergreen 5-25,morning,03:30,05:30,complete,COMPLETE,Central Manteca,M20,Manteca,"North to W. Alameda St., South to W. Center St., East to N. Main St., West to Tidewater Pk",0.507,37.802081,-121.220957,https://www.google.com/maps/d/viewer?mid=18PR4uJaFdzAz2blZDSTayj-YC94rlMo,18PR4uJaFdzAz2blZDSTayj-YC94rlMo,wayback:20241012031703,2026-07-27T10:51:40Z
2024-10-04,ground,adult,DeltaGard; Evergreen 5-25,morning,03:30,05:30,complete,COMPLETE,East Lodi Area,L28,Lodi,"North to E. Lockeford St., South to E. Vine Street, East to S. Cherokee Ln., West to S. Stockton St.",1.4503,38.13042,-121.26511,https://www.google.com/maps/d/viewer?mid=1en2NzlZ-Iurv-3H0jsmbc263HABDCXE,1en2NzlZ-Iurv-3H0jsmbc263HABDCXE,wayback:20241012031703,2026-07-27T10:51:40Z
2024-10-04,ground,adult,DeltaGard; Evergreen 5-25,morning,03:30,05:30,complete,COMPLETE,North Escalon,E50c,Escalon,"North to Mission St., South to Jackson Ave., East to Campbell Ave., West to McHenry Ave.",0.8371,37.797385,-120.986056,https://www.google.com/maps/d/viewer?mid=1dnHV4R0MOWf409zdjzb9OhVTjxVP52E,1dnHV4R0MOWf409zdjzb9OhVTjxVP52E,wayback:20241012031703,2026-07-27T10:51:40Z
2024-10-04,ground,adult,DeltaGard; Evergreen 5-25,morning,03:30,05:30,complete,COMPLETE,North Morada,S44,Stockton,"North to Zeppelin Ln., South to E. Morada Ln., East to 99 Frontage Rd., West to Holman Rd.",1.3149,38.043484,-121.264505,https://www.google.com/maps/d/viewer?mid=1QCMBWr2Xe4bOTNbCh6NjUr29o6tCIOw,1QCMBWr2Xe4bOTNbCh6NjUr29o6tCIOw,wayback:20241012031703,2026-07-27T10:51:40Z
2024-10-04,ground,adult,DeltaGard; Evergreen 5-25,morning,03:30,05:30,complete,COMPLETE,Portion of East Stockton,S43b,Stockton,"North to RR tracks north of Wagner Ave., South to E. Main St., East to the Diverting Canal, West to Dawes Ave.",1.7947,37.963245,-121.223758,https://www.google.com/maps/d/viewer?mid=11MezaJnfvdctDMCzn1Wip5rqSLjBF3k,11MezaJnfvdctDMCzn1Wip5rqSLjBF3k,wayback:20241012031703,2026-07-27T10:51:40Z
2024-10-04,ground,adult,DeltaGard; Evergreen 5-25,morning,03:30,05:30,complete,COMPLETE,Portion of South Stockton,S33B,Stockton,"North to Dr. Martin Luther King Blvd., South to E. 9th Street, East to U.P. RR tracks, West to S. El Dorado St.",1.1445,37.934492,-121.279293,https://www.google.com/maps/d/viewer?mid=1fJvn2AOOjEiPOxVdUuR7E9Y5w9hytRI,1fJvn2AOOjEiPOxVdUuR7E9Y5w9hytRI,wayback:20241012031703,2026-07-27T10:51:40Z
2024-10-09,aerial,adult,Dibrom,evening,18:45,21:00,complete,COMPLETE,North Delta: Empire Tract and surrounding areas,D44,Delta,,29.4396,38.059609,-121.486331,https://www.google.com/maps/d/viewer?mid=1zxFv3f8h8FSjpFMGLyZXit2oRn6c7UI,1zxFv3f8h8FSjpFMGLyZXit2oRn6c7UI,wayback:20241012031703,2026-07-27T10:51:40Z
2024-10-10,aerial,adult,Dibrom,evening,18:45,21:00,complete,COMPLETE,Brack-Canal Ranch-Terminous,D4(c),Delta,"Portions of Brack Tract, Canal Ranch, and Terminous Tract",26.3284,38.157966,-121.458645,https://www.google.com/maps/d/viewer?mid=1cyMmRytvRpbUVchyUvldRrrR-Mxx9mA,1cyMmRytvRpbUVchyUvldRrrR-Mxx9mA,wayback:20241012031703,2026-07-27T10:51:40Z
2024-10-10,ground,adult,DeltaGard; Evergreen 5-25,morning,03:30,06:00,complete,COMPLETE,Eastern Portion of the City of Escalon,E2,Escalon,"North to California St., South to Vine Ave., East to Brook St., West to Main St.",0.722,37.793479,-120.986348,https://www.google.com/maps/d/viewer?mid=1dAECfkRz_7jwCBY8gbsz0rdNKdXfvz0b,1dAECfkRz_7jwCBY8gbsz0rdNKdXfvz0b,wayback:20241012031703,2026-07-27T10:51:40Z
2024-10-10,ground,adult,DeltaGard; Evergreen 5-25,morning,03:30,06:00,complete,COMPLETE,Portion of Central Manteca,M30,Manteca,"North to E. Edison St., South to E. North St., East to Mylnar Ave., West to Grant Ave",0.7397,37.803747,-121.208418,https://www.google.com/maps/d/viewer?mid=1drQvMFqt0wB4YhwXOh3lHOAI52yXPjs,1drQvMFqt0wB4YhwXOh3lHOAI52yXPjs,wayback:20241012031703,2026-07-27T10:51:40Z
2024-10-10,ground,adult,DeltaGard; Evergreen 5-25,morning,03:30,06:00,complete,COMPLETE,Portion of Northeast Manteca,M26,Manteca,"North to E. Lathrop Rd., South to Louise Ave., East to Hwy 99, West Tidewater Pk",2.0734,37.818086,-121.219335,https://www.google.com/maps/d/viewer?mid=1DWYg9CIYAPnSn-Dyd8TjL9ynW3WIe_U,1DWYg9CIYAPnSn-Dyd8TjL9ynW3WIe_U,wayback:20241012031703,2026-07-27T10:51:40Z
2024-10-10,ground,adult,DeltaGard; Evergreen 5-25,morning,03:30,06:00,complete,COMPLETE,Portion of Rural North Escalon,E32b,Escalon,"North to Dove Rd., South to Lone Tree Rd., East to Steinegul Rd., West to Escalon Bellota Rd.",7.7882,37.83812,-120.980255,https://www.google.com/maps/d/viewer?mid=1pzrd8Hynh63FfYfcz3qOD73R8FLkBC5G,1pzrd8Hynh63FfYfcz3qOD73R8FLkBC5G,wayback:20241012031703,2026-07-27T10:51:40Z
2024-10-10,aerial,adult,Dibrom,evening,18:45,21:00,complete,COMPLETE,Rural South County,,Unknown,,21.3272,37.690848,-121.246138,https://www.google.com/maps/d/viewer?mid=1Ry7zcUHMdUNzeBWgMMTeeqb7DgyUs1M,1Ry7zcUHMdUNzeBWgMMTeeqb7DgyUs1M,wayback:20241012031703,2026-07-27T10:51:40Z
2024-10-11,ground,adult,DeltaGard; Evergreen 5-25,morning,03:30,06:30,complete,COMPLETE,Portion of East Manteca,M30B,Manteca,"North to Southland Rd., South to E. Yosemite Ave., East to S. Austin Rd., West to Cottage Ave. and Hwy. 99",3.5296,37.809384,-121.188689,https://www.google.com/maps/d/viewer?mid=11uHnTTjd1bai9WEuM5kOHPCEqWFKXUM,11uHnTTjd1bai9WEuM5kOHPCEqWFKXUM,wayback:20241012031703,2026-07-27T10:51:40Z
2024-10-11,ground,adult,DeltaGard; Evergreen 5-25,morning,03:30,06:30,complete,COMPLETE,Portion of Rural Northeast Escalon,E28,Escalon,"North to Dodds Rd., South to Lone Tree Rd., East to Cometa Rd. & Victory Ave., West to Steinegul Rd.",9.2955,37.840431,-120.945817,https://www.google.com/maps/d/viewer?mid=1nDhGBwsH_MYTdpCfV129HsPT2uvItk7b,1nDhGBwsH_MYTdpCfV129HsPT2uvItk7b,wayback:20241012031703,2026-07-27T10:51:40Z
2024-10-11,ground,adult,DeltaGard; Evergreen 5-25,morning,03:30,06:30,complete,COMPLETE,Portion of South Manteca,M27,Manteca,"North to Wawona St., South to Hwy 120, East to Union Rd., West to Airport Way.",1.1079,37.786978,-121.243238,https://www.google.com/maps/d/viewer?mid=1fnfPftS2lUz0ihOiis6AGPhYI-JBXLw,1fnfPftS2lUz0ihOiis6AGPhYI-JBXLw,wayback:20241012031703,2026-07-27T10:51:40Z
2024-10-11,ground,adult,DeltaGard; Evergreen 5-25,morning,03:30,06:30,complete,COMPLETE,Portion of South Stockton,S40B,Stockton,"North to E. Munford Ave. & Catamaran Wy., South to Industrial Dr. and Bayliner Dr., East to Hwy 99, West to Pock Ln. & Lanyard Dr.",1.6515,37.920345,-121.236146,https://www.google.com/maps/d/viewer?mid=1CODQwuwgAeF-hfMFEVUAnl52oTLRA1Q,1CODQwuwgAeF-hfMFEVUAnl52oTLRA1Q,wayback:20241012031703,2026-07-27T10:51:40Z
2024-10-11,ground,adult,DeltaGard; Evergreen 5-25,morning,03:30,06:30,complete,COMPLETE,Rural East Escalon,E29,Escalon,"North to OID Canal, South to Hwy 120, East to Victory Ave., West to Henry Rd.",3.7529,37.803345,-120.932621,https://www.google.com/maps/d/viewer?mid=1YdE4wGmIItr1fDrb1unsnlFVmpL_Tx5f,1YdE4wGmIItr1fDrb1unsnlFVmpL_Tx5f,wayback:20241012031703,2026-07-27T10:51:40Z
2024-10-11,ground,adult,DeltaGard; Evergreen 5-25,morning,03:30,06:30,complete,COMPLETE,South of Linden- Peters Area,LN1,Linden,"North to Milton Rd., South to Dietrich Rd., East to S. Hewitt Rd., West to Dietrich Rd.",6.8929,37.969293,-121.048624,https://www.google.com/maps/d/viewer?mid=1R_RiNEfMd4G8SeShcRgdl-KMMcDs82Q4,1R_RiNEfMd4G8SeShcRgdl-KMMcDs82Q4,wayback:20241012031703,2026-07-27T10:51:40Z
2025-06-23,ground,adult,DeltaGard; Evergreen 5-25,morning,03:30,05:30,complete,COMPLETE,Central Tracy,T16,Tracy,"North to UPRR, South to W. Schulte Rd., East to S. MacArthur Dr., West to S. Tracy Blvd.",1.6973,37.729868,-121.424216,https://www.google.com/maps/d/viewer?mid=1VQCdEsr5wEYNH4He8NAKNOc2Tjdrns2O,1VQCdEsr5wEYNH4He8NAKNOc2Tjdrns2O,wayback:20250811141635,2026-07-27T10:51:42Z
2025-06-23,ground,adult,DeltaGard; Evergreen 5-25,morning,03:30,05:30,complete,COMPLETE,Portion of East Manteca,M33,Manteca,"North to Louise Ave., South to E. Edison St, East to Hwy 99, West to Garden Gate Dr.",0.5576,37.809025,-121.206851,https://www.google.com/maps/d/viewer?mid=15bOy3x_cG06L0SZqzuAC4kzD5PQsKB8,15bOy3x_cG06L0SZqzuAC4kzD5PQsKB8,wayback:20250811141635,2026-07-27T10:51:42Z
2025-06-23,ground,adult,DeltaGard; Evergreen 5-25,morning,03:30,05:30,complete,COMPLETE,Portion of South Central Tracy,T2a,Tracy,"North to R&R, South to Valpico Rd., East to Sycamore Pkwy, West to Corral Hollow Rd.",2.0179,37.717828,-121.446059,https://www.google.com/maps/d/viewer?mid=1EzBVxGtJFQVHL4FBOSNJF2FUZaPXQeLT,1EzBVxGtJFQVHL4FBOSNJF2FUZaPXQeLT,wayback:20250811141635,2026-07-27T10:51:42Z
2025-06-23,ground,adult,DeltaGard; Evergreen 5-25,morning,03:30,05:30,complete,COMPLETE,Rural Northeast Escalon: >,E53,Escalon,"North to Grooms Rd., South to Thalheim Colony Rd., East to Victory Ave., West to Steinegul Rd.",7.2532,37.825129,-120.942584,https://www.google.com/maps/d/viewer?mid=1o_I-CFVNFnW7smIBeOOLXLE5Y64cPCo,1o_I-CFVNFnW7smIBeOOLXLE5Y64cPCo,wayback:20250811141635,2026-07-27T10:51:42Z
2025-06-24,ground,adult,Evergreen 5-25,morning,05:30,07:00,complete,COMPLETE,Rural North Escalon,E70,Escalon,"North to Yosemite Ave., South to Allen Rd., East to S. Van Allen Rd., West to Von Glahn Rd.",0.9896,37.791036,-121.054945,https://www.google.com/maps/d/viewer?mid=1_HKwFtd4Dbm7MqkVu_tRfi3esKHeWGc,1_HKwFtd4Dbm7MqkVu_tRfi3esKHeWGc,wayback:20250811141635,2026-07-27T10:51:42Z
2025-06-26,ground,larval,Altosid,morning,03:30,05:00,complete,COMPLETE,Portion of East Manteca,M33,Manteca,"North to Louise Ave., South to E. Edison St, East to Hwy 99, West to Garden Gate Dr.",0.5576,37.809025,-121.206851,https://www.google.com/maps/d/viewer?mid=15bOy3x_cG06L0SZqzuAC4kzD5PQsKB8,15bOy3x_cG06L0SZqzuAC4kzD5PQsKB8,wayback:20250811141635,2026-07-27T10:51:42Z
2025-06-26,aerial,adult,Dibrom,evening,20:40,22:00,complete,COMPLETE,Portion of Rural South County,SC17,South County,,16.4236,37.682602,-121.233493,https://www.google.com/maps/d/viewer?mid=1nm6ZRXdv7KkBsNjAEMUgXhR1m7-TmmY,1nm6ZRXdv7KkBsNjAEMUgXhR1m7-TmmY,wayback:20250811141635,2026-07-27T10:51:42Z
2025-06-26,aerial,adult,Dibrom,evening,20:40,22:00,complete,COMPLETE,Portions of the following Tracts: Wright-Shima-Rindge & Lower Roberts Island,D26,Delta,,16.053,38.001274,-121.391936,https://www.google.com/maps/d/viewer?mid=1dlDyC8yq7L-TnAFt59IFtIL3tyqDFJsH,1dlDyC8yq7L-TnAFt59IFtIL3tyqDFJsH,wayback:20250811141635,2026-07-27T10:51:42Z
2025-06-26,ground,adult,DeltaGard; Evergreen 5-25,morning,03:30,05:30,complete,COMPLETE,South Central Tracy,T2a,Tracy,"North to R&R, South to Valpico Rd., East to Sycamore Pkwy, West to Corral Hollow Rd.",2.0179,37.717828,-121.446059,https://www.google.com/maps/d/viewer?mid=1EzBVxGtJFQVHL4FBOSNJF2FUZaPXQeLT,1EzBVxGtJFQVHL4FBOSNJF2FUZaPXQeLT,wayback:20250811141635,2026-07-27T10:51:42Z
2025-06-26,ground,adult,DeltaGard; Evergreen 5-25,morning,03:30,05:30,complete,COMPLETE,South Tracy,T26,Tracy,"North to Valpico Rd., South to Ridgeview Dr., East to MacArthur Dr., West to Glenbriar Cir.",0.7176,37.706328,-121.420763,https://www.google.com/maps/d/viewer?mid=1Wmkc_XT8bgfBYxkcvsdXMq5tGQRQVzk,1Wmkc_XT8bgfBYxkcvsdXMq5tGQRQVzk,wayback:20250811141635,2026-07-27T10:51:42Z
2025-06-28,aerial,adult,Dibrom,evening,21:00,22:30,complete,COMPLETE,North Delta,D38,Delta,"Portions of Brack Tract, Canal Ranch, Staten Island, and Terminous Tract",37.0125,38.151617,-121.483077,https://www.google.com/maps/d/viewer?mid=1kA4zDMXvQEdJvC0fHuDBlGw6Ek10yy4,1kA4zDMXvQEdJvC0fHuDBlGw6Ek10yy4,wayback:20250811141635,2026-07-27T10:51:42Z
2025-06-28,ground,adult,DeltaGard; Evergreen 5-25,morning,04:30,06:30,scheduled,,Rural South Escalon,E6,Escalon,"North to Greenleaf Rd., South to Stanislaus River, East to Stanislaus River, West to Brennan Rd Canceled",1.4408,37.75737,-121.00603,https://www.google.com/maps/d/viewer?mid=1t0mLpgcO74l4M4QIge2qBuA2QAQsmvP0,1t0mLpgcO74l4M4QIge2qBuA2QAQsmvP0,wayback:20250811141635,2026-07-27T10:51:42Z
2025-06-28,ground,adult,DeltaGard; Evergreen 5-25,morning,04:30,06:30,complete,COMPLETE,Southeast Ripon,R20B,Ripon,"North to SSID Irrigation Canal and Milgeo Ave., South to Reynolds Ave., East to along the Stanislaus River and Murphy Rd., West to Manley Rd.",0.7259,37.74405,-121.110855,https://www.google.com/maps/d/viewer?mid=1aSuzc3jbaZp-xIUq8uViwwSEQ8q7l3o,1aSuzc3jbaZp-xIUq8uViwwSEQ8q7l3o,wayback:20250811141635,2026-07-27T10:51:42Z
2025-06-28,ground,adult,DeltaGard; Evergreen 5-25,morning,04:30,06:30,complete,COMPLETE,West Roberts Island,D6,Delta,,10.682,37.97315,-121.45385,https://www.google.com/maps/d/viewer?mid=1tLFNWvooLxCsWS6xo4g5JBUGQ0y8XUtW,1tLFNWvooLxCsWS6xo4g5JBUGQ0y8XUtW,wayback:20250811141635,2026-07-27T10:51:42Z
2025-07-02,aerial,adult,Evergreen 5-25,evening,20:45,22:30,complete,COMPLETE,Delta Area West of Lodi,D16B,Delta,"Portions of Brack Tract, Terminous Tract",20.3058,38.15102,-121.464093,https://www.google.com/maps/d/viewer?mid=1W_HSJMEmAPd1RbAT40xeEcuTApBrDmU,1W_HSJMEmAPd1RbAT40xeEcuTApBrDmU,wayback:20250811141635,2026-07-27T10:51:42Z
2025-07-02,aerial,adult,Evergreen 5-25,evening,20:45,22:30,complete,COMPLETE,Delta Islands,D3,Delta,"Portions of Shima Tract, Rindge Tract, Wright Tract",24.8479,38.014741,-121.39736,https://www.google.com/maps/d/viewer?mid=151h4otrEYfexJiUy3PTMbUXzy7KvxVeE,151h4otrEYfexJiUy3PTMbUXzy7KvxVeE,wayback:20250811141635,2026-07-27T10:51:42Z
2025-07-03,ground,adult,DeltaGard; Evergreen 5-25,morning,03:30,06:30,complete,COMPLETE,Central Tracy,T16,Tracy,"North to UPRR, South to W. Schulte Rd., East to S. MacArthur Dr., West to S. Tracy Blvd.",1.6973,37.729868,-121.424216,https://www.google.com/maps/d/viewer?mid=1VQCdEsr5wEYNH4He8NAKNOc2Tjdrns2O,1VQCdEsr5wEYNH4He8NAKNOc2Tjdrns2O,wayback:20250811141635,2026-07-27T10:51:42Z
2025-07-03,ground,adult,DeltaGard; Evergreen 5-25,morning,03:30,06:30,complete,COMPLETE,Delta: West Terminous Tract,D45,Delta,,10.959,38.098819,-121.470985,https://www.google.com/maps/d/viewer?mid=1nGIxRaRV3R7Lkn_moEnptC7Z66hi4ak,1nGIxRaRV3R7Lkn_moEnptC7Z66hi4ak,wayback:20250811141635,2026-07-27T10:51:42Z
2025-07-03,ground,adult,DeltaGard; Evergreen 5-25,morning,03:30,06:30,complete,COMPLETE,North Stockton,S2,Stockton,"North to Meadow Ave., South to W. Lincoln Rd., East to Pershing Ave., West to Alexandria Place",0.2477,38.014823,-121.334916,https://www.google.com/maps/d/viewer?mid=1UQwW_oOGjT5eFXgphjooM-w62D0o2Dnr,1UQwW_oOGjT5eFXgphjooM-w62D0o2Dnr,wayback:20250811141635,2026-07-27T10:51:42Z
2025-07-03,ground,adult,DeltaGard; Evergreen 5-25,morning,03:30,06:30,complete,COMPLETE,Portion of Rural South County - Division Rd. Area,SC3,South County,"North to Division Rd., South to San Joaquin and Stanislaus Rivers, East to Stanislaus River, West to Two Rivers Rd",3.7968,37.677092,-121.228648,https://www.google.com/maps/d/viewer?mid=1zR43QiilWe_TRZveFZagCaWv3wJJuHY1,1zR43QiilWe_TRZveFZagCaWv3wJJuHY1,wayback:20250811141635,2026-07-27T10:51:42Z
2025-07-03,ground,larval,Altosid,morning,03:30,06:00,complete,COMPLETE,Portion of Southeast Tracy,T30,Tracy,"North to Biarritz St., South to Valpico Rd., East to S. Chrisman Rd., West to Elissagaray Dr. and Mt. Pellier St.",0.4231,37.714122,-121.401013,https://www.google.com/maps/d/viewer?mid=1ccdMmOipcbV6B3naa2Q5GFGWw0js_GM,1ccdMmOipcbV6B3naa2Q5GFGWw0js_GM,wayback:20250811141635,2026-07-27T10:51:42Z
2025-07-03,ground,adult,DeltaGard; Evergreen 5-25,morning,03:30,06:30,complete,COMPLETE,Rural East Manteca,M34,Manteca,"North to one mile north of Lone Tree Rd., South to E. Lone Tree Rd., East to Murphy Rd., West to Jack Tone Rd.",5.4978,37.834179,-121.12637,https://www.google.com/maps/d/viewer?mid=1uzwkU8J4lDGgRi2hAP4GNawGg-FwtGE,1uzwkU8J4lDGgRi2hAP4GNawGg-FwtGE,wayback:20250811141635,2026-07-27T10:51:42Z
2025-07-03,ground,adult,DeltaGard; Evergreen 5-25,morning,03:30,06:30,complete,COMPLETE,Rural Southeast Escalon,E57C,Escalon,"North to River Rd., South to Lee Ave., East to McBride Rd., West to Santa Fe Rd.",3.7301,37.760697,-120.940209,https://www.google.com/maps/d/viewer?mid=1u5vs7fU0PBhKMKQn3oYJW0pYRKWSjBc,1u5vs7fU0PBhKMKQn3oYJW0pYRKWSjBc,wayback:20250811141635,2026-07-27T10:51:42Z
2025-07-03,ground,adult,DeltaGard; Evergreen 5-25,morning,03:30,06:30,complete,COMPLETE,South Central Tracy,T2a,Tracy,"North to R&R, South to Valpico Rd., East to Sycamore Pkwy, West to Corral Hollow Rd.",2.0179,37.717828,-121.446059,https://www.google.com/maps/d/viewer?mid=1EzBVxGtJFQVHL4FBOSNJF2FUZaPXQeLT,1EzBVxGtJFQVHL4FBOSNJF2FUZaPXQeLT,wayback:20250811141635,2026-07-27T10:51:42Z
2025-07-03,ground,adult,DeltaGard; Evergreen 5-25,morning,03:30,06:30,complete,COMPLETE,Southwest Tracy,T24,Tracy,"North to W. Schulte Rd., South to Western Pacific RR, East to Corral Hollow Rd., West to Lammers Rd.",2.4286,37.723344,-121.466573,https://www.google.com/maps/d/viewer?mid=1jQtP48kCzXy_SAdTO4Og851NV8rm6puG,1jQtP48kCzXy_SAdTO4Og851NV8rm6puG,wayback:20250811141635,2026-07-27T10:51:42Z
2025-07-08,ground,adult,DeltaGard; Evergreen 5-25,morning,03:30,05:30,complete,COMPLETE,Portion of North Ripon,R21,Ripon,"North to Diamond Way and River Rd., South to Shasta Ave., East to N. Ripon Rd., West to Cornerstone Dr., Cady Ln. and Fulton Ave.",1.2158,37.758416,-121.128788,https://www.google.com/maps/d/viewer?mid=1_VAtFfrt98vgNIop7if0fdim9wMjy0c,1_VAtFfrt98vgNIop7if0fdim9wMjy0c,wayback:20250811141635,2026-07-27T10:51:42Z
2025-07-08,ground,adult,DeltaGard; Evergreen 5-25,morning,03:30,05:30,complete,COMPLETE,Rural East Escalon,E37,Escalon,"North to 1/2 mile north of Owens Rd, South to 1/2 mile south of Owens Rd., East to Steinigal Rd., West Campbell Rd.",2.7523,37.803981,-120.969599,https://www.google.com/maps/d/viewer?mid=1JTr-aBsn6z3UNY1ehKfshesRVV5lWRPH,1JTr-aBsn6z3UNY1ehKfshesRVV5lWRPH,wayback:20250811141635,2026-07-27T10:51:42Z
2025-07-08,ground,larval,Altosid,morning,03:30,05:30,complete,COMPLETE,West Escalon,E66,Escalon,"North to Yosemite Ave., South to Valdapena Wy, Thompson Way, Zinfandel Dr. and Daniels Ave., East to McHenry Ave., West to Brennan Rd.",1.353,37.795018,-121.005923,https://www.google.com/maps/d/viewer?mid=1GqNcfaM-1hqwblWoG0y46w-FIL2lA_g,1GqNcfaM-1hqwblWoG0y46w-FIL2lA_g,wayback:20250811141635,2026-07-27T10:51:42Z
2025-07-10,aerial,adult,Evergreen 5-25,evening,20:45,22:00,complete,COMPLETE,Delta Islands,D3,Delta,"Portions of Shima Tract, Rindge Tract, Wright Tract",24.8479,38.014741,-121.39736,https://www.google.com/maps/d/viewer?mid=151h4otrEYfexJiUy3PTMbUXzy7KvxVeE,151h4otrEYfexJiUy3PTMbUXzy7KvxVeE,wayback:20250811141635,2026-07-27T10:51:42Z
2025-07-10,ground,adult,DeltaGard; Evergreen 5-25,morning,03:30,05:00,complete,COMPLETE,East Tracy,T6,Tracy,"North to E. 3rd Street, South to Yosemite Dr., East to S. MacArthur Dr., West to RxR",0.8854,37.72568,-121.420892,https://www.google.com/maps/d/viewer?mid=1eEx0m1v1-mFGOTcMWw1QZZrOyhwOPStC,1eEx0m1v1-mFGOTcMWw1QZZrOyhwOPStC,wayback:20250811141635,2026-07-27T10:51:42Z
2025-07-10,ground,adult,DeltaGard; Evergreen 5-25,morning,03:30,05:00,complete,COMPLETE,Potion of Northeast Tracy,T22,Tracy,"North to E. Lowell Ave. and Acacia St., South to Eleventh St., East to Franklin Ave., West to Holly Dr.",0.6965,37.743584,-121.421597,https://www.google.com/maps/d/viewer?mid=1E8QTSneZMarSs5Oo32AO5x9wKvj-uNnT,1E8QTSneZMarSs5Oo32AO5x9wKvj-uNnT,wayback:20250811141635,2026-07-27T10:51:42Z
2025-07-10,ground,adult,DeltaGard; Evergreen 5-25,morning,03:30,05:00,complete,COMPLETE,South Tracy,T26,Tracy,"North to Valpico Rd., South to Ridgeview Dr., East to MacArthur Dr., West to Glenbriar Cir.",0.7176,37.706328,-121.420763,https://www.google.com/maps/d/viewer?mid=1Wmkc_XT8bgfBYxkcvsdXMq5tGQRQVzk,1Wmkc_XT8bgfBYxkcvsdXMq5tGQRQVzk,wayback:20250811141635,2026-07-27T10:51:42Z
2025-07-16,ground,adult,DeltaGard,morning,03:00,05:00,complete,COMPLETE,Portion of South Stockton,S33c,Stockton,"North to Martin Luther King Blvd/Charter Way, South to E. 9th Street, East to U.P. RR tracks, West to S. Sutter St. and S. San Joaquin St.",0.7817,37.934669,-121.277594,https://www.google.com/maps/d/viewer?mid=11pnSyyijZJGoajkAnBRSbBVfON0YPN8,11pnSyyijZJGoajkAnBRSbBVfON0YPN8,wayback:20250811141635,2026-07-27T10:51:42Z
2025-07-16,ground,larval,Altosid,morning,03:00,05:00,complete,COMPLETE,Southwest Stockton,S45,Stockton,"North to Carolyn West Blvd. and Steve Lillie Cir., South to William Moss Blvd., East McDougald Blvd., and Steve Lillie Cir., West to Ews Woods Blvd.",0.5659,37.908464,-121.298973,https://www.google.com/maps/d/viewer?mid=1gpyEkWx44IRXEM-P9F3_Fjw7ko4SSzc,1gpyEkWx44IRXEM-P9F3_Fjw7ko4SSzc,wayback:20250811141635,2026-07-27T10:51:42Z
2025-07-17,ground,adult,DeltaGard; Evergreen 5-25,morning,03:30,05:30,complete,COMPLETE,North Manteca,M16,Manteca,"North to Birch Run Way & Freedom Point Way, South to W. Lathrop Rd., East to Green Valley Ln & Happy Valley Ln., West to Union Rd.",0.8514,37.830851,-121.231678,https://www.google.com/maps/d/viewer?mid=1wuzueSCOWGq7SnCLvJuGzgEiy1_qCYI,1wuzueSCOWGq7SnCLvJuGzgEiy1_qCYI,wayback:20250811141635,2026-07-27T10:51:42Z
2025-07-17,ground,adult,DeltaGard; Evergreen 5-25,morning,03:30,05:30,complete,COMPLETE,Portion of Central Tracy,T18A,Tracy,"North to W. Mt. Diablo Ave., South to W. Deerwood Ln. and Yosemite Dr., East to MacArthur Dr., West to S. Tracy Blvd.",1.8643,37.724016,-121.426085,https://www.google.com/maps/d/viewer?mid=1zZ0onfzW7afRFqQMSVmaAtKpZvGcoOM,1zZ0onfzW7afRFqQMSVmaAtKpZvGcoOM,wayback:20250811141635,2026-07-27T10:51:42Z
2025-07-17,ground,larval,Altosid,morning,03:30,05:30,complete,COMPLETE,Portion of North Ripon,R21,Ripon,"North to Diamond Way and River Rd., South to Shasta Ave., East to N. Ripon Rd., West to Cornerstone Dr., Cady Ln. and Fulton Ave. p",1.2158,37.758416,-121.128788,https://www.google.com/maps/d/viewer?mid=1_VAtFfrt98vgNIop7if0fdim9wMjy0c,1_VAtFfrt98vgNIop7if0fdim9wMjy0c,wayback:20250811141635,2026-07-27T10:51:42Z
2025-07-17,ground,adult,DeltaGard; Evergreen 5-25,morning,03:30,05:30,complete,COMPLETE,Portion of South Manteca,M4,Manteca,"North to Wawona St., South to Hwy 120, East to S. Union Rd., West to Airport Way",1.2556,37.786659,-121.243416,https://www.google.com/maps/d/viewer?mid=1vJPXrGdeZDKi648eJfgEEa0EeonEwzc3,1vJPXrGdeZDKi648eJfgEEa0EeonEwzc3,wayback:20250811141635,2026-07-27T10:51:42Z
2025-07-17,aerial,adult,Dibrom,evening,20:45,23:00,complete,COMPLETE,"Portions of Shima Tract, Rindge Tract, Wright Tract See Map COMPLETE",D7,Delta,"Portions of Shima Tract, Rindge Tract, Wright Tract",24.8479,38.014741,-121.39736,https://www.google.com/maps/d/viewer?mid=1f2Cc6vAndlrwjFSphksdRjUD4ZJL5NmU,1f2Cc6vAndlrwjFSphksdRjUD4ZJL5NmU,wayback:20250811141635,2026-07-27T10:51:42Z
2025-07-17,ground,adult,DeltaGard; Evergreen 5-25,morning,03:30,05:30,complete,COMPLETE,Rural Southeast Escalon,E57C,Escalon,"North to River Rd., South to Lee Ave., East McBride Rd., West to Santa Fe Rd.",3.7301,37.760697,-120.940209,https://www.google.com/maps/d/viewer?mid=1u5vs7fU0PBhKMKQn3oYJW0pYRKWSjBc,1u5vs7fU0PBhKMKQn3oYJW0pYRKWSjBc,wayback:20250811141635,2026-07-27T10:51:42Z
2025-07-17,ground,adult,DeltaGard; Evergreen 5-25,morning,03:30,05:30,complete,COMPLETE,South Central Tracy,T2a,Tracy,"North to R&R, South to Valpico Rd., East to Sycamore Pkwy, West to Corral Hollow Rd.",2.0179,37.717828,-121.446059,https://www.google.com/maps/d/viewer?mid=1EzBVxGtJFQVHL4FBOSNJF2FUZaPXQeLT,1EzBVxGtJFQVHL4FBOSNJF2FUZaPXQeLT,wayback:20250811141635,2026-07-27T10:51:42Z
2025-07-18,ground,adult,DeltaGard; Evergreen 5-25,morning,03:30,05:30,complete,COMPLETE,Delta: West Terminous Tract,D45,Delta,,10.959,38.098819,-121.470985,https://www.google.com/maps/d/viewer?mid=1nGIxRaRV3R7Lkn_moEnptC7Z66hi4ak,1nGIxRaRV3R7Lkn_moEnptC7Z66hi4ak,wayback:20250811141635,2026-07-27T10:51:42Z
2025-07-18,ground,larval,Altosid,morning,03:30,05:30,complete,COMPLETE,Portion of North Stockton,S46,Stockton,"North to E. Morada Ln., South to Sandlewood Dr. & Fox Creek Dr., East to West Lane and Ledgewood Ave., West to R&R",1.064,38.033523,-121.286177,https://www.google.com/maps/d/viewer?mid=1tSvmBHWIbzHYwEYH0_aZKBAnTyMNQOE,1tSvmBHWIbzHYwEYH0_aZKBAnTyMNQOE,wayback:20250811141635,2026-07-27T10:51:42Z
2025-07-18,ground,adult,DeltaGard; Evergreen 5-25,morning,03:30,05:30,complete,COMPLETE,Rural West Lodi,L14,Lodi,"North to Hwy 12, South to White Sough, East to 1/2 mile west of I5, West to 2 & 1/3 miles west of I-5",10.1623,38.100254,-121.415963,https://www.google.com/maps/d/viewer?mid=1sYH5f6uQ2kZKy3FfeC0zkGhtJW60FURz,1sYH5f6uQ2kZKy3FfeC0zkGhtJW60FURz,wayback:20250811141635,2026-07-27T10:51:42Z
2025-07-24,ground,larval,Altosid,morning,03:30,05:30,complete,COMPLETE,Portion of East Manteca,M19C,Manteca,"North to Northgate Dr., South to W. Louise Ave., Joseph Dr., East to N. Main St., West to Tidewater Park",0.6236,37.815398,-121.221877,https://www.google.com/maps/d/viewer?mid=13VZA6FcT0ea3XWlNphDnqiCr_mfVXNY,13VZA6FcT0ea3XWlNphDnqiCr_mfVXNY,wayback:20250811141635,2026-07-27T10:51:42Z
2025-07-24,ground,adult,DeltaGard; Evergreen 5-25,morning,03:30,05:30,complete,COMPLETE,Rural East Ripon,R6b,Ripon,"North to .6 mile south of Greenleaf Rd., South to Stanislaus River, East to Sexton Rd., West to Wagner Rd.",5.2528,37.747065,-121.060768,https://www.google.com/maps/d/viewer?mid=1LbMmKcckTL0-yCdEYBd5mEiHab4yhFg,1LbMmKcckTL0-yCdEYBd5mEiHab4yhFg,wayback:20250811141635,2026-07-27T10:51:42Z
2025-07-24,ground,adult,DeltaGard; Evergreen 5-25,morning,03:30,05:30,complete,COMPLETE,Southeast Ripon,R20B,Ripon,"North to SSID Irrigation Canal and Milgeo Ave., South to Reynolds Ave., East to along the Stanislaus River and Murphy Rd., West to Manley Rd.",0.7259,37.74405,-121.110855,https://www.google.com/maps/d/viewer?mid=1aSuzc3jbaZp-xIUq8uViwwSEQ8q7l3o,1aSuzc3jbaZp-xIUq8uViwwSEQ8q7l3o,wayback:20250811141635,2026-07-27T10:51:42Z
2025-07-27,aerial,adult,Dibrom,evening,20:30,22:30,complete,COMPLETE,Delta area-,D29,Delta,Portions of Empire Tract and Terminous Tract,12.7919,38.080455,-121.480218,https://www.google.com/maps/d/viewer?mid=1YxdmeEmftJ1kSIV8yZiuneMI0UHy7d3p,1YxdmeEmftJ1kSIV8yZiuneMI0UHy7d3p,wayback:20250811141635,2026-07-27T10:51:42Z
2025-07-30,aerial,adult,Dibrom,evening,20:30,22:00,scheduled,,North Delta Area,D46,Delta,"including portions of Canal Ranch Tract, Brack Tract, Terminous Track, and Staten Island. Canceled",22.2364,38.150579,-121.500277,https://www.google.com/maps/d/viewer?mid=1d0u0XCcosPdjR7NBuQL_HhcjmAdI1J0,1d0u0XCcosPdjR7NBuQL_HhcjmAdI1J0,wayback:20250811141635,2026-07-27T10:51:42Z
2025-07-31,ground,adult,DeltaGard; Evergreen 5-25,evening,20:15,22:30,complete,COMPLETE,Rural East Escalon,E29,Escalon,"North to OID Canal, South to Hwy 120, East to Victory Ave., West to Henry Rd.",3.7529,37.803345,-120.932621,https://www.google.com/maps/d/viewer?mid=1YdE4wGmIItr1fDrb1unsnlFVmpL_Tx5f,1YdE4wGmIItr1fDrb1unsnlFVmpL_Tx5f,wayback:20250811141635,2026-07-27T10:51:42Z
2025-07-31,ground,adult,DeltaGard; Evergreen 5-25,evening,20:15,22:30,complete,COMPLETE,Rural East Ripon,R6b,Ripon,"North to .6 mile south of Greenleaf Rd., South to Stanislaus River, East to Sexton Rd., West to Wagner Rd.",5.2528,37.747065,-121.060768,https://www.google.com/maps/d/viewer?mid=1LbMmKcckTL0-yCdEYBd5mEiHab4yhFg,1LbMmKcckTL0-yCdEYBd5mEiHab4yhFg,wayback:20250811141635,2026-07-27T10:51:42Z
2025-07-31,ground,adult,DeltaGard; Evergreen 5-25,evening,20:15,22:30,complete,COMPLETE,West Roberts Island,D6b,Delta,,10.682,37.97315,-121.45385,https://www.google.com/maps/d/viewer?mid=16uq7dRJZV3H4dwMQ4ybRNUZ84ZmNLwE,16uq7dRJZV3H4dwMQ4ybRNUZ84ZmNLwE,wayback:20250811141635,2026-07-27T10:51:42Z
2025-08-01,ground,adult,DeltaGard; Evergreen 5-25,morning,03:30,05:00,complete,COMPLETE,A Portion of Southeast Tracy,T31,Tracy,"North to Tulloch Dr. and Biarritz St., South to Valpico Rd., East to S. Chrisman Rd., West to McKenna Dr., Eastlake Cir. and Lakeview Dr.",0.8359,37.713941,-121.404057,https://www.google.com/maps/d/viewer?mid=1iYY-wzxHAh35XDs_1N03a999U4zWoQs,1iYY-wzxHAh35XDs_1N03a999U4zWoQs,wayback:20250811141635,2026-07-27T10:51:42Z
2025-08-01,ground,adult,DeltaGard; Evergreen 5-25,morning,03:30,05:00,complete,COMPLETE,Portion of North Ripon,R21,Ripon,"North to Diamond Way and River Rd., South to Shasta Ave., East to N. Ripon Rd., West to Cornerstone Dr., Cady Ln. and Fulton Ave.",1.2158,37.758416,-121.128788,https://www.google.com/maps/d/viewer?mid=1_VAtFfrt98vgNIop7if0fdim9wMjy0c,1_VAtFfrt98vgNIop7if0fdim9wMjy0c,wayback:20250811141635,2026-07-27T10:51:42Z
2025-08-01,ground,adult,DeltaGard; Evergreen 5-25,morning,03:30,05:00,complete,COMPLETE,Portion of North Stockton,S48P,Stockton,"North to Eight Mile Rd., South to Bear Creek, East to Davis Rd., and Pixley Slough, West to Thornton Rd.",1.0022,38.049558,-121.349473,https://www.google.com/maps/d/viewer?mid=17TMYBJLmtG6GdJvL9T1mQDWGejKvb8U,17TMYBJLmtG6GdJvL9T1mQDWGejKvb8U,wayback:20250811141635,2026-07-27T10:51:42Z
2025-08-01,ground,larval,Altosid,morning,03:30,05:00,complete,COMPLETE,Portion of South Manteca Area,M4,Manteca,"North to Wawona St., South to Hwy 120, East to S. Union Rd., West to Airport Way",1.2556,37.786659,-121.243416,https://www.google.com/maps/d/viewer?mid=1vJPXrGdeZDKi648eJfgEEa0EeonEwzc3,1vJPXrGdeZDKi648eJfgEEa0EeonEwzc3,wayback:20250811141635,2026-07-27T10:51:42Z
2025-08-01,ground,adult,DeltaGard; Evergreen 5-25,morning,03:30,05:00,complete,COMPLETE,South Central Tracy,T2a,Tracy,"North to R&R, South to Valpico Rd., East to Sycamore Pkwy, West to Corral Hollow Rd.",2.0179,37.717828,-121.446059,https://www.google.com/maps/d/viewer?mid=1EzBVxGtJFQVHL4FBOSNJF2FUZaPXQeLT,1EzBVxGtJFQVHL4FBOSNJF2FUZaPXQeLT,wayback:20250811141635,2026-07-27T10:51:42Z
2025-08-01,ground,adult,DeltaGard; Evergreen 5-25,morning,03:30,05:00,complete,COMPLETE,Southwest Stockton Area,S47,Stockton,"North to Lloyd Thayer Cir., Carrie St., and Carolyn Weston Blvd., South to William Moss Blvd., and Isni Goto St., East to Manthey Rd., West to Ews Woods Blvd., Isni Goto St., and Warmke Ln.",1.1139,37.9101,-121.300448,https://www.google.com/maps/d/viewer?mid=1H8CjGX0G4hEUFl3czKFZM8JUeJhkYgA,1H8CjGX0G4hEUFl3czKFZM8JUeJhkYgA,wayback:20250811141635,2026-07-27T10:51:42Z
2025-08-05,aerial,adult,Evergreen 5-25,evening,20:15,22:30,complete,COMPLETE,"North Delta Area including portions of Canal Ranch Tract, Brack Tract, Terminous Track, and Staten Island. See Map COMPLETE",D46,Delta,"North Delta Area including portions of Canal Ranch Tract, Brack Tract, Terminous Track, and Staten Island.",22.2364,38.150579,-121.500277,https://www.google.com/maps/d/viewer?mid=1d0u0XCcosPdjR7NBuQL_HhcjmAdI1J0,1d0u0XCcosPdjR7NBuQL_HhcjmAdI1J0,wayback:20250811141635,2026-07-27T10:51:42Z
2025-08-05,aerial,adult,Evergreen 5-25,evening,20:15,22:30,complete,COMPLETE,"Portions of Shima Tract, Rindge Tract, Wright Tract See Map COMPLETE",D7,Delta,"Portions of Shima Tract, Rindge Tract, Wright Tract",24.8479,38.014741,-121.39736,https://www.google.com/maps/d/viewer?mid=1f2Cc6vAndlrwjFSphksdRjUD4ZJL5NmU,1f2Cc6vAndlrwjFSphksdRjUD4ZJL5NmU,wayback:20250811141635,2026-07-27T10:51:42Z
2025-08-06,ground,adult,DeltaGard,morning,03:30,05:00,complete,COMPLETE,Portion of North Stockton,S49,Stockton,"North to Bear Creek, South to Wagner Heights, East to Davis Rd., West to Thornton Rd.",0.8651,38.039811,-121.338105,https://www.google.com/maps/d/viewer?mid=1yWr0UtpGfKSuq_ManqHwchd6xMpUoa4,1yWr0UtpGfKSuq_ManqHwchd6xMpUoa4,wayback:20250811141635,2026-07-27T10:51:42Z
2025-08-07,aerial,adult,Dibrom,evening,20:30,22:00,complete,COMPLETE,Delta-West Terminous Tract,D45,Delta,,10.959,38.098819,-121.470985,https://www.google.com/maps/d/viewer?mid=1nGIxRaRV3R7Lkn_moEnptC7Z66hi4ak,1nGIxRaRV3R7Lkn_moEnptC7Z66hi4ak,wayback:20250811141635,2026-07-27T10:51:42Z
2025-08-07,aerial,adult,Dibrom,evening,20:30,22:00,complete,COMPLETE,Portion of North Central Stockton,S6,Stockton,"North to Robinhood Dr., South to E. March Ln., East to Holiday Dr., West to El Dorado St.",0.3935,38.001155,-121.302227,https://www.google.com/maps/d/viewer?mid=19ixhG49MXZLtAQNcU-ZnxafZlZcFHkNE,19ixhG49MXZLtAQNcU-ZnxafZlZcFHkNE,wayback:20250811141635,2026-07-27T10:51:42Z
2025-08-07,ground,adult,DeltaGard; Evergreen 5-25,morning,03:30,05:30,complete,COMPLETE,Portion of Rural South County,SC6,South County,,9.4377,37.731836,-121.264245,https://www.google.com/maps/d/viewer?mid=1f0-bFLjD5HOZiYHtBvIRbEUokEX27sXW,1f0-bFLjD5HOZiYHtBvIRbEUokEX27sXW,wayback:20250811141635,2026-07-27T10:51:42Z
2025-08-07,ground,adult,DeltaGard; Evergreen 5-25,morning,03:30,05:30,complete,COMPLETE,Portion of South Ripon,R8,Ripon,"North to Fourth St., South the Stanislaus River, East to Stockton Ave., West to S. Mohler Rd.",3.7774,37.728952,-121.138618,https://www.google.com/maps/d/viewer?mid=1dp3qNbFSboPO6tYrbuP1s5cvGX-j1Ec,1dp3qNbFSboPO6tYrbuP1s5cvGX-j1Ec,wayback:20250811141635,2026-07-27T10:51:42Z
2025-08-07,aerial,adult,Dibrom,evening,20:30,22:00,complete,COMPLETE,Rural Delta Area,D36,Delta,,15.3568,38.173238,-121.443394,https://www.google.com/maps/d/viewer?mid=1NcsGzNR3pg-yUNt4n7AMxGK9vFlJUCg,1NcsGzNR3pg-yUNt4n7AMxGK9vFlJUCg,wayback:20250811141635,2026-07-27T10:51:42Z
2025-08-07,ground,adult,DeltaGard; Evergreen 5-25,morning,03:30,05:30,complete,COMPLETE,Rural East Escalon,E29,Escalon,"North to OID Canal, South to Hwy 120, East to Victory Ave., West to Henry Rd.",3.7529,37.803345,-120.932621,https://www.google.com/maps/d/viewer?mid=1YdE4wGmIItr1fDrb1unsnlFVmpL_Tx5f,1YdE4wGmIItr1fDrb1unsnlFVmpL_Tx5f,wayback:20250811141635,2026-07-27T10:51:42Z
2025-08-07,aerial,adult,Dibrom,evening,20:30,22:00,complete,COMPLETE,Rural East Ripon,R6b,Ripon,"North to .6 mile south of Greenleaf Rd., South to Stanislaus River, East to Sexton Rd., West to Wagner Rd.",5.2528,37.747065,-121.060768,https://www.google.com/maps/d/viewer?mid=1LbMmKcckTL0-yCdEYBd5mEiHab4yhFg,1LbMmKcckTL0-yCdEYBd5mEiHab4yhFg,wayback:20250811141635,2026-07-27T10:51:42Z
2025-08-07,ground,adult,DeltaGard; Evergreen 5-25,morning,03:30,05:30,complete,COMPLETE,South Escalon,E67,Escalon,"South Escalon, North to Roosevelt Ave., South to Catherine Way, East to the RXR Tracks and St. John Rd., West to McHenry Ave.",0.6123,37.789167,-120.992357,https://www.google.com/maps/d/viewer?mid=1HQaBvpattfeOUok4kBhXzZGYxSNeizc,1HQaBvpattfeOUok4kBhXzZGYxSNeizc,wayback:20250811141635,2026-07-27T10:51:42Z
2025-08-12,ground,adult,DeltaGard; Evergreen 5-25,morning,03:30,05:00,complete,COMPLETE,Portion of North Escalon Area,E18D,Escalon,"North to Magnolia Rd., South to Hwy 120 & California St., East to Campbell Ave., West to Escalon-Bellota Rd.",4.1019,37.806259,-120.987804,https://www.google.com/maps/d/viewer?mid=1sRtzCJ_TU1A3kb8LcsgjtFHn-MbkzZ0,1sRtzCJ_TU1A3kb8LcsgjtFHn-MbkzZ0,wayback:20250826121156,2026-07-27T10:51:43Z
2025-08-12,ground,adult,DeltaGard; Evergreen 5-25,morning,03:30,05:00,complete,COMPLETE,Portion of North Ripon,R21,Ripon,"North to Diamond Way and River Rd., South to Shasta Ave., East to N. Ripon Rd., West to Cornerstone Dr., Cady Ln. and Fulton Ave.",1.2158,37.758416,-121.128788,https://www.google.com/maps/d/viewer?mid=1_VAtFfrt98vgNIop7if0fdim9wMjy0c,1_VAtFfrt98vgNIop7if0fdim9wMjy0c,wayback:20250826121156,2026-07-27T10:51:43Z
2025-08-12,ground,adult,DeltaGard; Evergreen 5-25,morning,03:30,05:00,complete,COMPLETE,Portion of South Manteca,M25,Manteca,"North to E. Woodward Ave., South to Tannehill Dr., East to Pillsbury Rd., West to S. Main St.",1.2471,37.772554,-121.20643,https://www.google.com/maps/d/viewer?mid=1VakL58Y9x5GUM36bEuYm8HwbDgCBHaA,1VakL58Y9x5GUM36bEuYm8HwbDgCBHaA,wayback:20250826121156,2026-07-27T10:51:43Z
2025-08-12,ground,adult,DeltaGard; Evergreen 5-25,morning,03:30,05:00,complete,COMPLETE,Portion of South Manteca,M4,Manteca,"North to Wawona St., South to Hwy 120, East to S. Union Rd., West to Airport Way.",1.2556,37.786659,-121.243416,https://www.google.com/maps/d/viewer?mid=1vJPXrGdeZDKi648eJfgEEa0EeonEwzc3,1vJPXrGdeZDKi648eJfgEEa0EeonEwzc3,wayback:20250826121156,2026-07-27T10:51:43Z
2025-08-14,aerial,adult,Dibrom,evening,20:15,22:00,complete,COMPLETE,Delta area,D29,Delta,Portions of Empire Tract and Terminous Tract,12.7919,38.080455,-121.480218,https://www.google.com/maps/d/viewer?mid=1YxdmeEmftJ1kSIV8yZiuneMI0UHy7d3p,1YxdmeEmftJ1kSIV8yZiuneMI0UHy7d3p,wayback:20250826121156,2026-07-27T10:51:43Z
2025-08-14,aerial,adult,Dibrom,evening,20:15,22:00,complete,COMPLETE,Delta area,D7,Delta,"Portions of Shima Tract, Rindge Tract, Wright Tract",24.8479,38.014741,-121.39736,https://www.google.com/maps/d/viewer?mid=1f2Cc6vAndlrwjFSphksdRjUD4ZJL5NmU,1f2Cc6vAndlrwjFSphksdRjUD4ZJL5NmU,wayback:20250826121156,2026-07-27T10:51:43Z
2025-08-14,ground,adult,DeltaGard; Evergreen 5-25,morning,03:30,05:00,complete,COMPLETE,Portion of East Manteca,M19C,Manteca,"North to Northgate Dr., South to W. Louise Ave., Joseph Dr., East to N. Main St., West to Tidewater Park",0.6236,37.815398,-121.221877,https://www.google.com/maps/d/viewer?mid=13VZA6FcT0ea3XWlNphDnqiCr_mfVXNY,13VZA6FcT0ea3XWlNphDnqiCr_mfVXNY,wayback:20250826121156,2026-07-27T10:51:43Z
2025-08-14,ground,adult,DeltaGard; Evergreen 5-25,morning,03:30,05:00,complete,COMPLETE,Portion of North Escalon Area,E18D,Escalon,"North to Magnolia Rd., South to Hwy 120 & California St., East to Campbell Ave., West to Escalon-Bellota Rd.",4.1019,37.806259,-120.987804,https://www.google.com/maps/d/viewer?mid=1sRtzCJ_TU1A3kb8LcsgjtFHn-MbkzZ0,1sRtzCJ_TU1A3kb8LcsgjtFHn-MbkzZ0,wayback:20250826121156,2026-07-27T10:51:43Z
2025-08-14,ground,adult,DeltaGard; Evergreen 5-25,morning,03:30,05:00,complete,COMPLETE,Portion of Rural East Ripon,R6b,Ripon,"North to .6 mile south of Greenleaf Rd., South to Stanislaus River, East to Sexton Rd., West to Wagner Rd.",5.2528,37.747065,-121.060768,https://www.google.com/maps/d/viewer?mid=1LbMmKcckTL0-yCdEYBd5mEiHab4yhFg,1LbMmKcckTL0-yCdEYBd5mEiHab4yhFg,wayback:20250826121156,2026-07-27T10:51:43Z
2025-08-14,ground,adult,DeltaGard; Evergreen 5-25,morning,03:30,05:00,complete,COMPLETE,Portion of Rural South County,SC11A,South County,"North to Airport Way, Division Rd. and Avenue D, South to San Joaquin and Stanislaus Rivers, East to Stanislaus River, West to San Joaquin River",12.406,37.682983,-121.240143,https://www.google.com/maps/d/viewer?mid=1PtKWxfATC5NoqRv8QIi32j9ox7pMZt0,1PtKWxfATC5NoqRv8QIi32j9ox7pMZt0,wayback:20250826121156,2026-07-27T10:51:43Z
2025-08-14,ground,adult,DeltaGard; Evergreen 5-25,morning,03:30,05:00,complete,COMPLETE,Portion of South Ripon,R8,Ripon,"North to Fourth St., South the Stanislaus River, East to Stockton Ave., West to S. Mohler Rd.",3.7774,37.728952,-121.138618,https://www.google.com/maps/d/viewer?mid=1dp3qNbFSboPO6tYrbuP1s5cvGX-j1Ec,1dp3qNbFSboPO6tYrbuP1s5cvGX-j1Ec,wayback:20250826121156,2026-07-27T10:51:43Z
2025-08-14,ground,adult,DeltaGard; Evergreen 5-25,morning,03:30,05:00,complete,COMPLETE,West Roberts Island,D6,Delta,,10.682,37.97315,-121.45385,https://www.google.com/maps/d/viewer?mid=1tLFNWvooLxCsWS6xo4g5JBUGQ0y8XUtW,1tLFNWvooLxCsWS6xo4g5JBUGQ0y8XUtW,wayback:20250826121156,2026-07-27T10:51:43Z
2025-08-15,ground,adult,DeltaGard; Evergreen 5-25,morning,03:30,05:00,complete,COMPLETE,North Morada,S44,Stockton,"North to Zeppelin Ln., South to E. Morada Ln., East to 99 Frontage Rd., West to Holman Rd.",1.3149,38.043484,-121.264505,https://www.google.com/maps/d/viewer?mid=1QCMBWr2Xe4bOTNbCh6NjUr29o6tCIOw,1QCMBWr2Xe4bOTNbCh6NjUr29o6tCIOw,wayback:20250826121156,2026-07-27T10:51:43Z
2025-08-15,ground,adult,DeltaGard; Evergreen 5-25,morning,03:30,05:00,complete,COMPLETE,Portion of North Stockton,S2B,Stockton,"North to Hammer Ln., South to W. Lincoln Rd., East to Pershing Ave., West to Alexandria Place",0.6107,38.016921,-121.334378,https://www.google.com/maps/d/viewer?mid=11XkclKunwvruEai6CDKW1Q8z8L9IYKo,11XkclKunwvruEai6CDKW1Q8z8L9IYKo,wayback:20250826121156,2026-07-27T10:51:43Z
2025-08-15,ground,adult,DeltaGard; Evergreen 5-25,morning,03:30,05:00,complete,COMPLETE,Portion of Rural West Farmington,E59,Escalon,"North to Little Johns Creek, South to Gawne Rd., East to Mobley Rd., West Stow Ave.",8.4684,37.902201,-121.067464,https://www.google.com/maps/d/viewer?mid=1k5QybTntTabeg5r3tp_hRhkhDXfbDxw,1k5QybTntTabeg5r3tp_hRhkhDXfbDxw,wayback:20250826121156,2026-07-27T10:51:43Z
2025-08-15,ground,adult,DeltaGard; Evergreen 5-25,morning,03:30,05:00,complete,COMPLETE,Southwest Stockton Area- Weston Ranch area,S47,Stockton,"North to Lloyd Thayer Cir., Carrie St., and Carolyn Weston Blvd., South to William Moss Blvd., and Isni Goto St., East to Manthey Rd., West to Ews Woods Blvd., Isni Goto St., and Warmke Ln.",1.1139,37.9101,-121.300448,https://www.google.com/maps/d/viewer?mid=1H8CjGX0G4hEUFl3czKFZM8JUeJhkYgA,1H8CjGX0G4hEUFl3czKFZM8JUeJhkYgA,wayback:20250826121156,2026-07-27T10:51:43Z
2025-08-15,ground,adult,DeltaGard; Evergreen 5-25,morning,03:30,05:00,complete,COMPLETE,Southwest Stockton- Portion of Weston Ranch,S49,Stockton,"North to William Moss Blvd, South to Henry Long Blvd, East to Blake Cir., West to Blake Circle and Sydney Ln",0.9834,37.903632,-121.301376,https://www.google.com/maps/d/viewer?mid=18NcLg77xX4BD7nCp6bUI2ETPwDUH4yY,18NcLg77xX4BD7nCp6bUI2ETPwDUH4yY,wayback:20250826121156,2026-07-27T10:51:43Z
2025-08-21,aerial,adult,Evergreen 5-25,evening,20:00,22:30,complete,COMPLETE,Delta Area West of Lodi,D17,Delta,"Delta Area: Portions of Brack Tract, Terminous Tract including Tower Park, Bouldin Island, and Staten Island",61.1567,38.155578,-121.479914,https://www.google.com/maps/d/viewer?mid=1LQZcE94-rLhxU1paWW1atApDz3ImdiAh,1LQZcE94-rLhxU1paWW1atApDz3ImdiAh,wayback:20250826121156,2026-07-27T10:51:43Z
2025-08-21,ground,adult,DeltaGard; Evergreen 5-25,morning,03:30,05:30,complete,COMPLETE,Portion of North Ripon,R16a,Ripon,"North to SSJ Canal, South to E. Milgeo Ave., East to S. Murphy Rd., West to N. Ripon Rd.",0.8172,37.74895,-121.117239,https://www.google.com/maps/d/viewer?mid=1fwhDOI4a8d46eO3pURaftVyH4Dvf52w,1fwhDOI4a8d46eO3pURaftVyH4Dvf52w,wayback:20250826121156,2026-07-27T10:51:43Z
2025-08-21,ground,adult,DeltaGard; Evergreen 5-25,morning,03:30,05:30,complete,COMPLETE,Portion of Rural South Stockton,S40B,Stockton,"North to E. Munford Ave. & Catamaran Wy., South to Industrial Dr. and Bayliner Dr., East to Hwy 99, West to Pock Ln. & Lanyard Dr.",1.6515,37.920345,-121.236146,https://www.google.com/maps/d/viewer?mid=1CODQwuwgAeF-hfMFEVUAnl52oTLRA1Q,1CODQwuwgAeF-hfMFEVUAnl52oTLRA1Q,wayback:20250826121156,2026-07-27T10:51:43Z
2025-08-21,aerial,adult,Evergreen 5-25,evening,20:00,22:30,complete,COMPLETE,Rural East Ripon,R6b,Ripon,"North to .6 mile south of Greenleaf Rd., South to Stanislaus River, East to Sexton Rd., West to Wagner Rd.",5.2528,37.747065,-121.060768,https://www.google.com/maps/d/viewer?mid=1LbMmKcckTL0-yCdEYBd5mEiHab4yhFg,1LbMmKcckTL0-yCdEYBd5mEiHab4yhFg,wayback:20250826121156,2026-07-27T10:51:43Z
2025-08-21,ground,adult,DeltaGard; Evergreen 5-25,morning,03:30,05:30,complete,COMPLETE,Rural West Lathrop,M3,Manteca,"North to Frewert Rd., South to Lathrop Rd., East to I-5, West to San Joaquin River",6.3856,37.838799,-121.302088,https://www.google.com/maps/d/viewer?mid=1X-ibiO5iT4SOe9X37w5IEWTAtfx5oFV3,1X-ibiO5iT4SOe9X37w5IEWTAtfx5oFV3,wayback:20250826121156,2026-07-27T10:51:43Z
2025-08-21,ground,adult,DeltaGard; Evergreen 5-25,morning,03:30,05:30,complete,COMPLETE,Southwest Delta area,D47,Delta,Portion of Upper Jones Tract,5.2059,37.928128,-121.513321,https://www.google.com/maps/d/viewer?mid=1WJ7Zs-HJW2wD4TwJDhSxJslQ-eI1-24,1WJ7Zs-HJW2wD4TwJDhSxJslQ-eI1-24,wayback:20250826121156,2026-07-27T10:51:43Z
2025-08-22,ground,adult,DeltaGard; Evergreen 5-25,morning,03:30,05:30,complete,COMPLETE,Portion of East Manteca: >,M33B,Manteca,"North to Louise Ave., South to E. Edison St, East to Hwy 99, West to N. Main St.",0.8278,37.809113,-121.209388,https://www.google.com/maps/d/viewer?mid=14jdGnqlx8VOT2COIPelpfo-xCSqRoAg,14jdGnqlx8VOT2COIPelpfo-xCSqRoAg,wayback:20250826121156,2026-07-27T10:51:43Z
2025-08-22,ground,adult,DeltaGard; Evergreen 5-25,morning,03:30,05:30,complete,COMPLETE,Portion of North Manteca,M35,Manteca,"North to Northgate Dr., South to W. Louise Ave. and Joseph Rd., East to N. Union Rd., West to N. Main St. & Tidewater Trail",1.039,37.816271,-121.228585,https://www.google.com/maps/d/viewer?mid=1DKz0vf1p-8i53RmmEX89QVuis1wzBlw,1DKz0vf1p-8i53RmmEX89QVuis1wzBlw,wayback:20250826121156,2026-07-27T10:51:43Z
2025-08-22,ground,adult,DeltaGard; Evergreen 5-25,morning,03:30,05:30,complete,COMPLETE,Portion of Rural North San Joaquin County,L11,Lodi,"North to Collier Rd., South to E. Jahant Rd., East to N. Watkinson Rd., West to Elliot Rd.",4.1447,38.212421,-121.157157,https://www.google.com/maps/d/viewer?mid=1D6UGE2zmEkXy-e-RDCgUbMnbMNDBixKA,1D6UGE2zmEkXy-e-RDCgUbMnbMNDBixKA,wayback:20250826121156,2026-07-27T10:51:43Z
2025-08-22,ground,adult,DeltaGard; Evergreen 5-25,morning,03:30,05:30,complete,COMPLETE,Portion of Rural South County - Division Road Area,SC3,South County,"North to Division Rd., South to San Joaquin and Stanislaus Rivers, East to Stanislaus River, West to Two Rivers Rd",3.7968,37.677092,-121.228648,https://www.google.com/maps/d/viewer?mid=1zR43QiilWe_TRZveFZagCaWv3wJJuHY1,1zR43QiilWe_TRZveFZagCaWv3wJJuHY1,wayback:20250826121156,2026-07-27T10:51:43Z
2025-08-22,ground,adult,DeltaGard; Evergreen 5-25,morning,03:30,05:30,complete,COMPLETE,Ripon Sewer,R2,Ripon,"North to Doak Rd., South to Stanislaus County Line, East to Stockton Ave., West to Robert Ave.",0.7947,37.726509,-121.130382,https://www.google.com/maps/d/viewer?mid=1UVI-M5eTIEkrLZvrJx2Qwxb6K_VYNYkN,1UVI-M5eTIEkrLZvrJx2Qwxb6K_VYNYkN,wayback:20250826121156,2026-07-27T10:51:43Z
2025-08-22,ground,adult,DeltaGard; Evergreen 5-25,morning,03:30,05:30,complete,COMPLETE,Ripon Spring Creek Golf and Country Club,R3,Ripon,,0.4436,37.743511,-121.10244,https://www.google.com/maps/d/viewer?mid=1TWaD-FWkhMWLKBWeREadXtCfLIxTRUoF,1TWaD-FWkhMWLKBWeREadXtCfLIxTRUoF,wayback:20250826121156,2026-07-27T10:51:43Z
2025-08-22,ground,adult,DeltaGard; Evergreen 5-25,morning,03:30,05:30,complete,COMPLETE,South Tracy,T26,Tracy,"North to Valpico Rd., South to Ridgeview Dr., East to MacArthur Dr., West to Glenbriar Cir.",0.7176,37.706328,-121.420763,https://www.google.com/maps/d/viewer?mid=1Wmkc_XT8bgfBYxkcvsdXMq5tGQRQVzk,1Wmkc_XT8bgfBYxkcvsdXMq5tGQRQVzk,wayback:20250826121156,2026-07-27T10:51:43Z
2025-08-23,ground,adult,DeltaGard; Evergreen 5-25,morning,04:30,06:30,complete,COMPLETE,Portion of Southwest Stockton,S50,Stockton,"North to Carlin Rd., South to Undine Rd., East to S. Roberts Rd., West to Middle River.",8.2983,37.844957,-121.358253,https://www.google.com/maps/d/viewer?mid=1jbUli2B2kIrathCQ7gil7MxrnuS8_LI,1jbUli2B2kIrathCQ7gil7MxrnuS8_LI,wayback:20250826121156,2026-07-27T10:51:43Z
2025-08-27,aerial,adult,Dibrom,evening,20:00,22:00,complete,COMPLETE,A Portion of Rural South County,SC17,South County,,16.4236,37.682602,-121.233493,https://www.google.com/maps/d/viewer?mid=1nm6ZRXdv7KkBsNjAEMUgXhR1m7-TmmY,1nm6ZRXdv7KkBsNjAEMUgXhR1m7-TmmY,wayback:20250906034119,2026-07-27T10:51:43Z
2025-08-27,aerial,adult,Dibrom,evening,20:00,22:00,complete,COMPLETE,Delta Area West of Stockton,D7,Delta,"Portions of Shima Tract, Rindge Tract, Wright Tract",24.8479,38.014741,-121.39736,https://www.google.com/maps/d/viewer?mid=1f2Cc6vAndlrwjFSphksdRjUD4ZJL5NmU,1f2Cc6vAndlrwjFSphksdRjUD4ZJL5NmU,wayback:20250906034119,2026-07-27T10:51:43Z
2025-08-27,ground,adult,DeltaGard; Evergreen 5-25,morning,03:30,06:00,complete,COMPLETE,North Delta,D48,Delta,"North to +- 1.5 miles north of W. Walnut Grove Rd., South to W. Walnut Grove Rd., East to Sacramento County Line, West to +- .5 mile west of Sacramento County Line",1.9922,38.233574,-121.482856,https://www.google.com/maps/d/viewer?mid=1vJjHtppgYDKIrbMzxP9ijfeA0NT0a-I,1vJjHtppgYDKIrbMzxP9ijfeA0NT0a-I,wayback:20250906034119,2026-07-27T10:51:43Z
2025-08-27,ground,adult,DeltaGard; Evergreen 5-25,morning,03:30,06:00,complete,COMPLETE,Portion of North Escalon Area,E18D,Escalon,"North to Magnolia Rd., South to Hwy 120 & California St., East to Campbell Ave., West to Escalon-Bellota Rd.",4.1019,37.806259,-120.987804,https://www.google.com/maps/d/viewer?mid=1sRtzCJ_TU1A3kb8LcsgjtFHn-MbkzZ0,1sRtzCJ_TU1A3kb8LcsgjtFHn-MbkzZ0,wayback:20250906034119,2026-07-27T10:51:43Z
2025-08-27,ground,larval,Altosid,morning,03:30,05:00,complete,COMPLETE,Portion of North Stockton,S51,Stockton,"North to Whistler Way, South to the south side of Broadridge Way, East to Bear Creek, West to Thornton Rd.",0.6125,38.045217,-121.34586,https://www.google.com/maps/d/viewer?mid=12KUMpebd24rLJR1ojq61aWvr-3lWHH4,12KUMpebd24rLJR1ojq61aWvr-3lWHH4,wayback:20250906034119,2026-07-27T10:51:43Z
2025-08-27,ground,adult,DeltaGard; Evergreen 5-25,morning,03:30,06:00,complete,COMPLETE,Portion of Southwest Stockton,S50,Stockton,"North to Carlin Rd., South to Undine Rd., East to S. Roberts Rd., West to Middle River.",8.2983,37.844957,-121.358253,https://www.google.com/maps/d/viewer?mid=1jbUli2B2kIrathCQ7gil7MxrnuS8_LI,1jbUli2B2kIrathCQ7gil7MxrnuS8_LI,wayback:20250906034119,2026-07-27T10:51:43Z
2025-08-27,ground,adult,DeltaGard; Evergreen 5-25,morning,03:30,06:00,complete,COMPLETE,Southwest Stockton Area- Weston Ranch area,S47,Stockton,"North to Lloyd Thayer Cir., Carrie St., and Carolyn Weston Blvd., South to William Moss Blvd., and Isni Goto St., East to Manthey Rd., West to Ews Woods Blvd., Isni Goto St., and Warmke Ln.",1.1139,37.9101,-121.300448,https://www.google.com/maps/d/viewer?mid=1H8CjGX0G4hEUFl3czKFZM8JUeJhkYgA,1H8CjGX0G4hEUFl3czKFZM8JUeJhkYgA,wayback:20250906034119,2026-07-27T10:51:43Z
2025-08-27,ground,adult,DeltaGard; Evergreen 5-25,morning,03:30,06:00,complete,COMPLETE,Southwest Stockton- Portion of Weston Ranch,S49,Stockton,"North to William Moss Blvd, South to Henry Long Blvd, East to Blake Cir., West to Blake Circle and Sydney Ln.",0.9834,37.903632,-121.301376,https://www.google.com/maps/d/viewer?mid=18NcLg77xX4BD7nCp6bUI2ETPwDUH4yY,18NcLg77xX4BD7nCp6bUI2ETPwDUH4yY,wayback:20250906034119,2026-07-27T10:51:43Z
2025-08-28,ground,adult,DeltaGard; Evergreen 5-25,morning,03:30,05:30,complete,COMPLETE,Eastern Portion of the City of Escalon,E2,Escalon,"North to California St., South to Vine Ave., East to Brook St., West to Main St.",0.722,37.793479,-120.986348,https://www.google.com/maps/d/viewer?mid=1dAECfkRz_7jwCBY8gbsz0rdNKdXfvz0b,1dAECfkRz_7jwCBY8gbsz0rdNKdXfvz0b,wayback:20250906034119,2026-07-27T10:51:43Z
2025-08-28,ground,adult,DeltaGard; Evergreen 5-25,morning,03:30,05:30,complete,COMPLETE,Ripon Sewer,R2,Ripon,"North to Doak Rd., South to Stanislaus County Line, East to Stockton Ave., West to Robert Ave.",0.7947,37.726509,-121.130382,https://www.google.com/maps/d/viewer?mid=1UVI-M5eTIEkrLZvrJx2Qwxb6K_VYNYkN,1UVI-M5eTIEkrLZvrJx2Qwxb6K_VYNYkN,wayback:20250906034119,2026-07-27T10:51:43Z
2025-08-28,ground,adult,DeltaGard; Evergreen 5-25,morning,03:30,05:30,complete,COMPLETE,Rural East Escalon,E29,Escalon,"North to OID Canal, South to Hwy 120, East to Victory Ave., West to Henry Rd.",3.7529,37.803345,-120.932621,https://www.google.com/maps/d/viewer?mid=1YdE4wGmIItr1fDrb1unsnlFVmpL_Tx5f,1YdE4wGmIItr1fDrb1unsnlFVmpL_Tx5f,wayback:20250906034119,2026-07-27T10:51:43Z
2025-08-28,ground,adult,DeltaGard; Evergreen 5-25,morning,03:30,05:30,complete,COMPLETE,Rural East Ripon,R6b,Ripon,"North to .6 mile south of Greenleaf Rd., South to Stanislaus River, East to Sexton Rd., West to Wagner Rd.",5.2528,37.747065,-121.060768,https://www.google.com/maps/d/viewer?mid=1LbMmKcckTL0-yCdEYBd5mEiHab4yhFg,1LbMmKcckTL0-yCdEYBd5mEiHab4yhFg,wayback:20250906034119,2026-07-27T10:51:43Z
2025-08-28,ground,adult,DeltaGard; Evergreen 5-25,morning,03:30,05:30,complete,COMPLETE,Rural North Escalon,E5,Escalon,"North to one mile north of Lone Tree Rd., South to one mile south of Lone Tree Rd., East to Campbell Rd., West to Brennan Rd.",5.4748,37.827268,-120.997575,https://www.google.com/maps/d/viewer?mid=1XVnBm2Y8vjApBUoMFBHcxv1Y7wKvZZ46,1XVnBm2Y8vjApBUoMFBHcxv1Y7wKvZZ46,wayback:20250906034119,2026-07-27T10:51:43Z
2025-08-29,ground,adult,DeltaGard; Evergreen 5-25,morning,03:30,06:00,complete,COMPLETE,Delta- A Portion of Southeast Roberts Island,D49,Delta,"North to Howard Rd., South to W. Carlin Rd., East to San Joaquin River, West to S. Roberts Rd.",3.1698,37.864915,-121.332686,https://www.google.com/maps/d/viewer?mid=1YmOOt6vEkI6M9F-H7Mtsj89AgAhXZBs,1YmOOt6vEkI6M9F-H7Mtsj89AgAhXZBs,wayback:20250906034119,2026-07-27T10:51:43Z
2025-08-29,ground,adult,DeltaGard; Evergreen 5-25,morning,03:30,06:00,complete,COMPLETE,Delta- West Roberts Island,D6,Delta,,10.682,37.97315,-121.45385,https://www.google.com/maps/d/viewer?mid=1tLFNWvooLxCsWS6xo4g5JBUGQ0y8XUtW,1tLFNWvooLxCsWS6xo4g5JBUGQ0y8XUtW,wayback:20250906034119,2026-07-27T10:51:43Z
2025-08-29,ground,adult,DeltaGard; Evergreen 5-25,morning,03:30,06:00,complete,COMPLETE,Portion of Northwest Stockton,S5,Stockton,"North to Stanfield Dr., South to Mosher Slough, East to Thornton Rd., West to Bainbridge Pl.",1.408,38.032486,-121.346501,https://www.google.com/maps/d/viewer?mid=109q8EoTZrIRPqqWcYaVxLc9JdJ5qGeta,109q8EoTZrIRPqqWcYaVxLc9JdJ5qGeta,wayback:20250906034119,2026-07-27T10:51:43Z
2025-08-29,ground,adult,DeltaGard; Evergreen 5-25,morning,03:30,06:00,complete,COMPLETE,Portion of Rural South Farmington,E17,Escalon,"North to Little John Creek, South to 1/2 mile south of Skiff Rd., East to Biederman Way, West to Van Allen Rd.",4.8014,37.872198,-121.041213,https://www.google.com/maps/d/viewer?mid=172FaIzWOcywpL8lfe7mjJ8vcPlNupL9U,172FaIzWOcywpL8lfe7mjJ8vcPlNupL9U,wayback:20250906034119,2026-07-27T10:51:43Z
2025-08-29,ground,adult,DeltaGard; Evergreen 5-25,morning,03:30,06:00,complete,COMPLETE,Rural West Lodi,L14,Lodi,"North to Hwy 12, South to White Sough, East to 1/2 mile west of I5, West to 2 & 1/3 miles west of I-5",10.1623,38.100254,-121.415963,https://www.google.com/maps/d/viewer?mid=1sYH5f6uQ2kZKy3FfeC0zkGhtJW60FURz,1sYH5f6uQ2kZKy3FfeC0zkGhtJW60FURz,wayback:20250906034119,2026-07-27T10:51:43Z
2025-08-29,ground,adult,DeltaGard; Evergreen 5-25,morning,03:30,06:00,complete,COMPLETE,Thornton Area,TH-1,Thornton,"North to N. New Hope Rd., South to W. Kile Rd., East to Kile Rd., West to 1/2 mile East of Blossom Rd.",5.504,38.21644,-121.422553,https://www.google.com/maps/d/viewer?mid=14kuLQkUBpE4Cc5VUL8qn4sgI_ap6t6zg,14kuLQkUBpE4Cc5VUL8qn4sgI_ap6t6zg,wayback:20250906034119,2026-07-27T10:51:43Z
2025-08-31,aerial,adult,Dibrom,evening,20:00,22:00,complete,COMPLETE,A Portion of Brack Tract,D32A,Delta,,9.9765,38.158437,-121.444175,https://www.google.com/maps/d/viewer?mid=1q3UOlCS7KtOFsLYlJKcDbKaI-J3jsvbr,1q3UOlCS7KtOFsLYlJKcDbKaI-J3jsvbr,wayback:20250906034119,2026-07-27T10:51:43Z
2025-08-31,aerial,adult,Dibrom,evening,20:00,22:00,complete,COMPLETE,Delta area- Portions of Empire Tract and Terminous Tract,D29,Delta,,12.7919,38.080455,-121.480218,https://www.google.com/maps/d/viewer?mid=1YxdmeEmftJ1kSIV8yZiuneMI0UHy7d3p,1YxdmeEmftJ1kSIV8yZiuneMI0UHy7d3p,wayback:20250906034119,2026-07-27T10:51:43Z
2025-09-04,aerial,adult,Dibrom,evening,20:00,22:00,complete,COMPLETE,A Portion of Rural South County,SC17,South County,,16.4236,37.682602,-121.233493,https://www.google.com/maps/d/viewer?mid=1nm6ZRXdv7KkBsNjAEMUgXhR1m7-TmmY,1nm6ZRXdv7KkBsNjAEMUgXhR1m7-TmmY,wayback:20250906034119,2026-07-27T10:51:43Z
2025-09-04,aerial,adult,Dibrom,evening,20:00,22:00,complete,COMPLETE,Delta Area-,D7,Delta,"Portions of Shima Tract, Rindge Tract, Wright Tract",24.8479,38.014741,-121.39736,https://www.google.com/maps/d/viewer?mid=1f2Cc6vAndlrwjFSphksdRjUD4ZJL5NmU,1f2Cc6vAndlrwjFSphksdRjUD4ZJL5NmU,wayback:20250906034119,2026-07-27T10:51:43Z
2025-09-04,ground,adult,DeltaGard; Evergreen 5-25,morning,03:30,05:30,complete,COMPLETE,East Lodi Area,L28,Lodi,"North to E. Lockeford St., South to E. Vine Street, East to S. Cherokee Ln., West to S. Stockton St.",1.4503,38.13042,-121.26511,https://www.google.com/maps/d/viewer?mid=1en2NzlZ-Iurv-3H0jsmbc263HABDCXE,1en2NzlZ-Iurv-3H0jsmbc263HABDCXE,wayback:20250906034119,2026-07-27T10:51:43Z
2025-09-04,ground,adult,DeltaGard; Evergreen 5-25,morning,03:30,05:30,scheduled,,North Lathrop,M29,Manteca,"North to Roth Rd., South to W. Lathrop Rd., East to RR Tracks, West to S. Harlan Rd. Postponed",2.8985,37.839443,-121.280175,https://www.google.com/maps/d/viewer?mid=1oS5VWC6089D6LAjPWKJLoUFkzWHFNco,1oS5VWC6089D6LAjPWKJLoUFkzWHFNco,wayback:20250906034119,2026-07-27T10:51:43Z
2025-09-04,ground,adult,DeltaGard; Evergreen 5-25,morning,03:30,05:30,complete,COMPLETE,Portion of Delta North,D48,Delta,"North to +- 1.5 miles north of W. Walnut Grove Rd., South to W. Walnut Grove Rd., East to Sacramento County Line, West to +- .5 mile west of Sacramento County Line",1.9922,38.233574,-121.482856,https://www.google.com/maps/d/viewer?mid=1vJjHtppgYDKIrbMzxP9ijfeA0NT0a-I,1vJjHtppgYDKIrbMzxP9ijfeA0NT0a-I,wayback:20250906034119,2026-07-27T10:51:43Z
2025-09-04,ground,adult,DeltaGard; Evergreen 5-25,morning,03:30,05:30,complete,COMPLETE,Portion of East Manteca,M30B,Manteca,"North to Southland Rd., South to E. Yosemite Ave., East to S. Austin Rd., West to Cottage Ave. and Hwy. 99",3.5296,37.809384,-121.188689,https://www.google.com/maps/d/viewer?mid=11uHnTTjd1bai9WEuM5kOHPCEqWFKXUM,11uHnTTjd1bai9WEuM5kOHPCEqWFKXUM,wayback:20250906034119,2026-07-27T10:51:43Z
2025-09-04,ground,larval,Altosid,morning,03:30,05:30,complete,COMPLETE,Portion of North Manteca,M35,Manteca,"North to Northgate Dr., South to W. Louise Ave. and Joseph Rd., East to N. Union Rd., West to N. Main St. & Tidewater Trail",1.039,37.816271,-121.228585,https://www.google.com/maps/d/viewer?mid=1DKz0vf1p-8i53RmmEX89QVuis1wzBlw,1DKz0vf1p-8i53RmmEX89QVuis1wzBlw,wayback:20250906034119,2026-07-27T10:51:43Z
2025-09-04,ground,adult,DeltaGard; Evergreen 5-25,morning,03:30,05:30,complete,COMPLETE,Portion of Rural East Lockeford,L29,Lodi,"North to Brandt Rd., South to E. Sargent Rd., East to Linn Rd., West to N. Tully Rd.",4.4082,38.139907,-121.119334,https://www.google.com/maps/d/viewer?mid=1Bis8tyFGzvA4h0o3o12mTTqDSCQEmDM,1Bis8tyFGzvA4h0o3o12mTTqDSCQEmDM,wayback:20250906034119,2026-07-27T10:51:43Z
2025-09-04,ground,adult,DeltaGard; Evergreen 5-25,morning,03:30,05:30,complete,COMPLETE,Portion of South Manteca,M25,Manteca,"North to E. Woodward Ave., South to Tannehill Dr., East to Pillsbury Rd., West to S. Main St.",1.2471,37.772554,-121.20643,https://www.google.com/maps/d/viewer?mid=1VakL58Y9x5GUM36bEuYm8HwbDgCBHaA,1VakL58Y9x5GUM36bEuYm8HwbDgCBHaA,wayback:20250906034119,2026-07-27T10:51:43Z
2025-09-04,ground,adult,DeltaGard; Evergreen 5-25,morning,03:30,05:30,complete,COMPLETE,Portion of South Stockton,S33B,Stockton,"North to Dr. Martin Luther King Blvd., South to E. 9th Street, East to U.P. RR tracks, West to S. El Dorado St.",1.1445,37.934492,-121.279293,https://www.google.com/maps/d/viewer?mid=1fJvn2AOOjEiPOxVdUuR7E9Y5w9hytRI,1fJvn2AOOjEiPOxVdUuR7E9Y5w9hytRI,wayback:20250906034119,2026-07-27T10:51:43Z
2025-09-05,ground,adult,DeltaGard; Evergreen 5-25,morning,03:30,05:30,complete,COMPLETE,North Lathrop,M29,Manteca,"North to Roth Rd., South to W. Lathrop Rd., East to RR Tracks, West to S. Harlan Rd.",2.8985,37.839443,-121.280175,https://www.google.com/maps/d/viewer?mid=1oS5VWC6089D6LAjPWKJLoUFkzWHFNco,1oS5VWC6089D6LAjPWKJLoUFkzWHFNco,wayback:20250906034119,2026-07-27T10:51:43Z
2025-09-05,ground,adult,DeltaGard; Evergreen 5-25,morning,03:30,05:30,complete,COMPLETE,Portion of North Stockton- Quail Lakes area,S53,Stockton,"North to Quail Lakes Drive, South to March Ln., East to N. Pershing Ave., West to Quail Lakes Dr.",1.8683,37.991507,-121.332421,https://www.google.com/maps/d/viewer?mid=1Y2JIBLPyYIXEk4rI-UXFujuOA8WNh9Q,1Y2JIBLPyYIXEk4rI-UXFujuOA8WNh9Q,wayback:20250906034119,2026-07-27T10:51:43Z
2025-09-05,ground,adult,DeltaGard; Evergreen 5-25,morning,03:30,05:30,complete,COMPLETE,Rural Acampo,L30,Lodi,"North to E. Collier Rd., South to Pelter Rd., East to Dustin Rd., West to N. Kennefick Rd.",5.6961,38.203694,-121.235311,https://www.google.com/maps/d/viewer?mid=1yIBjM8IXS_RghUnZViR_OVnHVOJ0bmg,1yIBjM8IXS_RghUnZViR_OVnHVOJ0bmg,wayback:20250906034119,2026-07-27T10:51:43Z
2025-09-05,ground,adult,DeltaGard; Evergreen 5-25,morning,03:30,05:30,complete,COMPLETE,Rural East Escalon,E29,Escalon,"North to OID Canal, South to Hwy 120, East to Victory Ave., West to Henry Rd.",3.7529,37.803345,-120.932621,https://www.google.com/maps/d/viewer?mid=1YdE4wGmIItr1fDrb1unsnlFVmpL_Tx5f,1YdE4wGmIItr1fDrb1unsnlFVmpL_Tx5f,wayback:20250906034119,2026-07-27T10:51:43Z
2025-09-05,ground,adult,DeltaGard; Evergreen 5-25,morning,03:30,05:30,complete,COMPLETE,South Central Tracy,T2a,Tracy,"North to R&R, South to Valpico Rd., East to Sycamore Pkwy, West to Corral Hollow Rd.",2.0179,37.717828,-121.446059,https://www.google.com/maps/d/viewer?mid=1EzBVxGtJFQVHL4FBOSNJF2FUZaPXQeLT,1EzBVxGtJFQVHL4FBOSNJF2FUZaPXQeLT,wayback:20250906034119,2026-07-27T10:51:43Z
2025-09-05,ground,adult,DeltaGard; Evergreen 5-25,morning,03:30,05:30,complete,COMPLETE,West Roberts Island,D6,Delta,,10.682,37.97315,-121.45385,https://www.google.com/maps/d/viewer?mid=1tLFNWvooLxCsWS6xo4g5JBUGQ0y8XUtW,1tLFNWvooLxCsWS6xo4g5JBUGQ0y8XUtW,wayback:20250906034119,2026-07-27T10:51:43Z
2025-09-11,ground,adult,DeltaGard; Evergreen 5-25,morning,03:30,06:00,complete,COMPLETE,City of Escalon,E61,Escalon,"North to Deborah Cir, East to St John Rd, South to Catherine Way, West to Swanson Dr",0.3688,37.788321,-120.991014,https://www.google.com/maps/d/viewer?mid=1fNz1q2cCfbDsK_oUSNuD6NOUdpJFz9s,1fNz1q2cCfbDsK_oUSNuD6NOUdpJFz9s,wayback:20260119021559,2026-07-27T10:51:43Z
2025-09-11,ground,adult,DeltaGard; Evergreen 5-25,morning,03:30,06:00,complete,COMPLETE,Portion of North Ripon,R16a,Ripon,"North to SSJ Canal, South to E. Milgeo Ave., East to S. Murphy Rd., West to N. Ripon Rd.",0.8172,37.74895,-121.117239,https://www.google.com/maps/d/viewer?mid=1fwhDOI4a8d46eO3pURaftVyH4Dvf52w,1fwhDOI4a8d46eO3pURaftVyH4Dvf52w,wayback:20260119021559,2026-07-27T10:51:43Z
2025-09-11,ground,adult,DeltaGard; Evergreen 5-25,morning,03:30,06:00,complete,COMPLETE,Portion of Rural South County,SC1,South County,"North to one mile north of E. McMullin Rd., South to Perrin Rd., East to Airport Way, West to S. Hays Rd.",4.7947,37.735918,-121.263435,https://www.google.com/maps/d/viewer?mid=1dcvrXM7RFuFpl8saR2Bwl08cXfA3CU-C,1dcvrXM7RFuFpl8saR2Bwl08cXfA3CU-C,wayback:20260119021559,2026-07-27T10:51:43Z
2025-09-11,ground,adult,DeltaGard; Evergreen 5-25,morning,03:30,06:00,complete,COMPLETE,Portion of Rural South County - Division Rd. Area,SC3,South County,"North to Division Rd., South to San Joaquin and Stanislaus Rivers, East to Stanislaus River, West to Two Rivers Rd",3.7968,37.677092,-121.228648,https://www.google.com/maps/d/viewer?mid=1zR43QiilWe_TRZveFZagCaWv3wJJuHY1,1zR43QiilWe_TRZveFZagCaWv3wJJuHY1,wayback:20260119021559,2026-07-27T10:51:43Z
2025-09-11,ground,adult,DeltaGard; Evergreen 5-25,morning,03:30,06:00,complete,COMPLETE,Rural East Escalon,E29,Escalon,"North to OID Canal, South to Hwy 120, East to Victory Ave., West to Henry Rd.",3.7529,37.803345,-120.932621,https://www.google.com/maps/d/viewer?mid=1YdE4wGmIItr1fDrb1unsnlFVmpL_Tx5f,1YdE4wGmIItr1fDrb1unsnlFVmpL_Tx5f,wayback:20260119021559,2026-07-27T10:51:43Z
2025-09-11,ground,adult,DeltaGard; Evergreen 5-25,morning,03:30,06:00,complete,COMPLETE,Rural East Ripon,R6b,Ripon,"North to .6 mile south of Greenleaf Rd., South to Stanislaus River, East to Sexton Rd., West to Wagner Rd.",5.2528,37.747065,-121.060768,https://www.google.com/maps/d/viewer?mid=1LbMmKcckTL0-yCdEYBd5mEiHab4yhFg,1LbMmKcckTL0-yCdEYBd5mEiHab4yhFg,wayback:20260119021559,2026-07-27T10:51:43Z
2025-09-11,ground,adult,DeltaGard; Evergreen 5-25,morning,03:30,06:00,complete,COMPLETE,Southwest Tracy,T32,Tracy,"North to W. Schulte Rd, South to W. Central, East to Tracy Blvd., West to Sycamore Pkwy",0.5845,37.719811,-121.43725,https://www.google.com/maps/d/viewer?mid=1ZAm6imfHYl-XE4SJbGGW936NYT6-HeY,1ZAm6imfHYl-XE4SJbGGW936NYT6-HeY,wayback:20260119021559,2026-07-27T10:51:43Z
2025-09-11,ground,adult,DeltaGard; Evergreen 5-25,morning,03:30,06:00,complete,COMPLETE,West Escalon,E66,Escalon,"North to Yosemite Ave., South to Valdapena Wy, Thompson Way, Zinfandel Dr. and Daniels Ave., East to McHenry Ave., West to Brennan Rd.",1.353,37.795018,-121.005923,https://www.google.com/maps/d/viewer?mid=1GqNcfaM-1hqwblWoG0y46w-FIL2lA_g,1GqNcfaM-1hqwblWoG0y46w-FIL2lA_g,wayback:20260119021559,2026-07-27T10:51:43Z
2025-09-12,ground,larval,Altosid,morning,03:30,06:00,complete,COMPLETE,Portion of North Stockton- Quail Lakes Area,S53,Stockton,"North to Quail Lakes Drive, South to March Ln., East to N. Pershing Ave., West to Quail Lakes Dr.",1.8683,37.991507,-121.332421,https://www.google.com/maps/d/viewer?mid=1Y2JIBLPyYIXEk4rI-UXFujuOA8WNh9Q,1Y2JIBLPyYIXEk4rI-UXFujuOA8WNh9Q,wayback:20260119021559,2026-07-27T10:51:43Z
2025-09-12,ground,adult,DeltaGard; Evergreen 5-25,morning,03:30,06:00,complete,COMPLETE,Portion of Rural South Farmington,E17,Escalon,"North to Little John Creek, South to 1/2 mile south of Skiff Rd., East to Biederman Way, West to Van Allen Rd.",4.8014,37.872198,-121.041213,https://www.google.com/maps/d/viewer?mid=172FaIzWOcywpL8lfe7mjJ8vcPlNupL9U,172FaIzWOcywpL8lfe7mjJ8vcPlNupL9U,wayback:20260119021559,2026-07-27T10:51:43Z
2025-09-12,ground,adult,DeltaGard; Evergreen 5-25,morning,03:30,06:00,complete,COMPLETE,Portion of Southwest Stockton,S52,Stockton,"North to Watercourse St., South to Henry Long Blvd, East to Weston Ranch San Joaquin Trail/Green Belt, West to San Joaquin River",1.6869,37.909636,-121.316929,https://www.google.com/maps/d/viewer?mid=141wXSX8pP0hK6iMBlJByeiQ4gWyQ8AE,141wXSX8pP0hK6iMBlJByeiQ4gWyQ8AE,wayback:20260119021559,2026-07-27T10:51:43Z
2025-09-15,aerial,adult,Dibrom,evening,20:30,23:00,complete,COMPLETE,City of Manteca,,Unknown,,46.3666,37.797917,-121.221903,https://www.google.com/maps/d/viewer?mid=1ybbg3Kev8Y8DWotjgP2srTyo2u-Zz4E,1ybbg3Kev8Y8DWotjgP2srTyo2u-Zz4E,wayback:20260119021559,2026-07-27T10:51:43Z
2025-09-15,aerial,adult,Evergreen 5-25,evening,20:00,22:00,complete,COMPLETE,Delta Area,D34,Delta,South Staten Island and Portions of Brack Tract .,26.978,38.140638,-121.525925,https://www.google.com/maps/d/viewer?mid=1EED6vrU0iCrljgCdhexg-G2f_xg7HM4,1EED6vrU0iCrljgCdhexg-G2f_xg7HM4,wayback:20260119021559,2026-07-27T10:51:43Z
2025-09-15,aerial,adult,Evergreen 5-25,evening,20:00,22:00,complete,COMPLETE,Delta Area,D32A,Delta,Portion of Brack Tract,9.9765,38.158437,-121.444175,https://www.google.com/maps/d/viewer?mid=1q3UOlCS7KtOFsLYlJKcDbKaI-J3jsvbr,1q3UOlCS7KtOFsLYlJKcDbKaI-J3jsvbr,wayback:20260119021559,2026-07-27T10:51:43Z
2025-09-18,ground,adult,DeltaGard; Evergreen 5-25,morning,03:30,06:00,complete,COMPLETE,Delta Area: Tracy Blvd & Middle River,D15,Delta,"North to Hwy 4, South one mile south of Middle River, East to one mile east of Tracy Blvd, West to one mile west of Tracy Blvd.",12.8803,37.886191,-121.453454,https://www.google.com/maps/d/viewer?mid=1P25t-QNvHCVcOXCieQF8buIwituYH59d,1P25t-QNvHCVcOXCieQF8buIwituYH59d,wayback:20260119021559,2026-07-27T10:51:43Z
2025-09-18,ground,adult,DeltaGard; Evergreen 5-25,morning,03:30,06:00,complete,COMPLETE,Portion of Northwest Stockton,S54,Stockton,"North to Eight Mile Rd., South to White Slough, East to Davis Rd., West to I5",5.1382,38.050541,-121.351196,https://www.google.com/maps/d/viewer?mid=1BC6rbkXs1V1Epnghk5Pxm5kBsx4Lvzo,1BC6rbkXs1V1Epnghk5Pxm5kBsx4Lvzo,wayback:20260119021559,2026-07-27T10:51:43Z
2025-09-18,ground,adult,DeltaGard; Evergreen 5-25,morning,03:30,06:00,complete,COMPLETE,Portion of Rural South County,SC1,South County,"North to one mile north of E. McMullin Rd., South to Perrin Rd., East to Airport Way, West to S. Hays Rd.",4.7947,37.735918,-121.263435,https://www.google.com/maps/d/viewer?mid=1dcvrXM7RFuFpl8saR2Bwl08cXfA3CU-C,1dcvrXM7RFuFpl8saR2Bwl08cXfA3CU-C,wayback:20260119021559,2026-07-27T10:51:43Z
2025-09-18,ground,adult,DeltaGard; Evergreen 5-25,morning,03:30,06:00,complete,COMPLETE,Portion of Rural South County - Division Rd. Area,SC3,South County,"North to Division Rd., South to San Joaquin and Stanislaus Rivers, East to Stanislaus River, West to Two Rivers Rd",3.7968,37.677092,-121.228648,https://www.google.com/maps/d/viewer?mid=1zR43QiilWe_TRZveFZagCaWv3wJJuHY1,1zR43QiilWe_TRZveFZagCaWv3wJJuHY1,wayback:20260119021559,2026-07-27T10:51:43Z
2025-09-18,ground,adult,DeltaGard; Evergreen 5-25,morning,03:30,06:00,complete,COMPLETE,Portion of South Tracy,T26,Tracy,"North to Valpico Rd., South to Ridgeview Dr., East to MacArthur Dr., West to Glenbriar Cir.",0.7176,37.706328,-121.420763,https://www.google.com/maps/d/viewer?mid=1Wmkc_XT8bgfBYxkcvsdXMq5tGQRQVzk,1Wmkc_XT8bgfBYxkcvsdXMq5tGQRQVzk,wayback:20260119021559,2026-07-27T10:51:43Z
2025-09-18,ground,adult,DeltaGard; Evergreen 5-25,morning,03:30,06:00,complete,COMPLETE,Portion of Southeast Tracy,T31,Tracy,"North to Tulloch Dr. and Biarritz St., South to Valpico Rd., East to S. Chrisman Rd., West to McKenna Dr., Eastlake Cir. and Lakeview Dr.",0.8359,37.713941,-121.404057,https://www.google.com/maps/d/viewer?mid=1iYY-wzxHAh35XDs_1N03a999U4zWoQs,1iYY-wzxHAh35XDs_1N03a999U4zWoQs,wayback:20260119021559,2026-07-27T10:51:43Z
2025-09-18,ground,larval,Altosid,morning,03:30,05:00,complete,COMPLETE,Portion of Southwest Tracy,T32,Tracy,"North to W. Schulte Rd, South to W. Central, East to Tracy Blvd., West to Sycamore Pkwy",0.5845,37.719811,-121.43725,https://www.google.com/maps/d/viewer?mid=1ZAm6imfHYl-XE4SJbGGW936NYT6-HeY,1ZAm6imfHYl-XE4SJbGGW936NYT6-HeY,wayback:20260119021559,2026-07-27T10:51:43Z
2025-09-25,aerial,adult,Dibrom,evening,19:30,21:30,complete,COMPLETE,Delta Area-,D32A,Delta,Portion of Brack Tract,9.9765,38.158437,-121.444175,https://www.google.com/maps/d/viewer?mid=1q3UOlCS7KtOFsLYlJKcDbKaI-J3jsvbr,1q3UOlCS7KtOFsLYlJKcDbKaI-J3jsvbr,wayback:20260119021559,2026-07-27T10:51:43Z
2025-09-25,aerial,adult,Dibrom,evening,19:30,21:30,complete,COMPLETE,Delta area-,D29,Delta,Portions of Empire Tract and Terminous Tract,12.7919,38.080455,-121.480218,https://www.google.com/maps/d/viewer?mid=1YxdmeEmftJ1kSIV8yZiuneMI0UHy7d3p,1YxdmeEmftJ1kSIV8yZiuneMI0UHy7d3p,wayback:20260119021559,2026-07-27T10:51:43Z
2025-09-26,ground,adult,DeltaGard; Evergreen 5-25,morning,03:30,05:30,complete,COMPLETE,Portion of North Stockton,S2B,Stockton,"North to Hammer Ln., South to W. Lincoln Rd., East to Pershing Ave., West to Alexandria Place",0.6107,38.016921,-121.334378,https://www.google.com/maps/d/viewer?mid=11XkclKunwvruEai6CDKW1Q8z8L9IYKo,11XkclKunwvruEai6CDKW1Q8z8L9IYKo,wayback:20260119021559,2026-07-27T10:51:43Z
2025-09-26,ground,adult,DeltaGard; Evergreen 5-25,morning,03:30,05:30,complete,COMPLETE,Portion of Northwest Stockton,S24,Stockton,"North to Stanfield Dr., South Mosher Slough and Paloma Ave., East to Thornton Rd., West to Bainbridge Pl. & Don Ave.",2.2671,38.03031,-121.343004,https://www.google.com/maps/d/viewer?mid=1_IeEna2WMoneW7TepL89Uuj5NbjRx79L,1_IeEna2WMoneW7TepL89Uuj5NbjRx79L,wayback:20260119021559,2026-07-27T10:51:43Z
2025-09-26,ground,adult,DeltaGard; Evergreen 5-25,morning,03:30,05:30,complete,COMPLETE,Portion of Rural Northeast Tracy,T25,Tracy,"North to Old River, South to Canal Blvd., East to Tom Paine Rd., West to Tom Paine Slough",5.4603,37.793245,-121.405338,https://www.google.com/maps/d/viewer?mid=1UO02Wz5MOy9xiqc2-cNkAMv_uzcfGvNv,1UO02Wz5MOy9xiqc2-cNkAMv_uzcfGvNv,wayback:20260119021559,2026-07-27T10:51:43Z
2025-09-26,ground,adult,DeltaGard; Evergreen 5-25,morning,03:30,05:30,complete,COMPLETE,Portion of Rural South County - Division Rd. Area,SC3,South County,"North to Division Rd., South to San Joaquin and Stanislaus Rivers, East to Stanislaus River, West to Two Rivers Rd",3.7968,37.677092,-121.228648,https://www.google.com/maps/d/viewer?mid=1zR43QiilWe_TRZveFZagCaWv3wJJuHY1,1zR43QiilWe_TRZveFZagCaWv3wJJuHY1,wayback:20260119021559,2026-07-27T10:51:43Z
2025-09-26,ground,adult,DeltaGard; Evergreen 5-25,morning,03:30,05:30,complete,COMPLETE,Rural North Escalon,E21,Escalon,"North1/2 mile north of Skiff Rd., South to 1/2 mile south of Skiff Rd., East to Escalon Bellota Rd., West to Biederman Way",4.9576,37.871587,-121.015321,https://www.google.com/maps/d/viewer?mid=17IuM-w_PCk035PUSWuG1KnD7ACJ5KN_3,17IuM-w_PCk035PUSWuG1KnD7ACJ5KN_3,wayback:20260119021559,2026-07-27T10:51:43Z
2025-09-26,ground,adult,DeltaGard; Evergreen 5-25,morning,03:30,05:30,complete,COMPLETE,Rural North Escalon,E8,Escalon,"North to one mile north of Lone Tree Rd., South to one mile south of Lone Tree Rd., East to Campbell Rd., West to Brennan Rd.",5.2595,37.827601,-120.997556,https://www.google.com/maps/d/viewer?mid=1wxv6ufElqpr3thDfeZYs4p10N0inQ0i9,1wxv6ufElqpr3thDfeZYs4p10N0inQ0i9,wayback:20260119021559,2026-07-27T10:51:43Z
2025-09-26,ground,adult,DeltaGard; Evergreen 5-25,morning,03:30,05:30,complete,COMPLETE,West Escalon,E66,Escalon,"North to Yosemite Ave., South to Valdapena Wy, Thompson Way, Zinfandel Dr. and Daniels Ave., East to McHenry Ave., West to Brennan Rd.",1.353,37.795018,-121.005923,https://www.google.com/maps/d/viewer?mid=1GqNcfaM-1hqwblWoG0y46w-FIL2lA_g,1GqNcfaM-1hqwblWoG0y46w-FIL2lA_g,wayback:20260119021559,2026-07-27T10:51:43Z
2025-10-02,aerial,adult,Dibrom,evening,19:00,22:00,complete,COMPLETE,Delta Area-,D50,Delta,Portion of Bacon Island,11.9877,37.980934,-121.54748,https://www.google.com/maps/d/viewer?mid=1Rvk4zuNOj61uD8ST6pcirsuGJRHhojA,1Rvk4zuNOj61uD8ST6pcirsuGJRHhojA,wayback:20260119021559,2026-07-27T10:51:43Z
2025-10-02,aerial,adult,Dibrom,evening,19:00,22:00,complete,COMPLETE,Delta Area-,D32A,Delta,Portion of Brack Tract,9.9765,38.158437,-121.444175,https://www.google.com/maps/d/viewer?mid=1q3UOlCS7KtOFsLYlJKcDbKaI-J3jsvbr,1q3UOlCS7KtOFsLYlJKcDbKaI-J3jsvbr,wayback:20260119021559,2026-07-27T10:51:43Z
2025-10-02,aerial,adult,Dibrom,evening,19:00,22:00,complete,COMPLETE,Portion of Rural South County,SC17,South County,,16.4236,37.682602,-121.233493,https://www.google.com/maps/d/viewer?mid=1nm6ZRXdv7KkBsNjAEMUgXhR1m7-TmmY,1nm6ZRXdv7KkBsNjAEMUgXhR1m7-TmmY,wayback:20260119021559,2026-07-27T10:51:43Z
2025-10-03,ground,adult,DeltaGard; Evergreen 5-25,morning,03:30,05:30,complete,COMPLETE,Portion of North Escalon,E18A,Escalon,"North to Mahon Rd., South to Hwy 120 & California St., East to Campbell Ave., West to Escalon-Bellota Rd.",2.7137,37.802328,-120.987627,https://www.google.com/maps/d/viewer?mid=1gQXqjEFkrGSoWZWQ1eOWLKefAMdQ7UkJ,1gQXqjEFkrGSoWZWQ1eOWLKefAMdQ7UkJ,wayback:20260119021559,2026-07-27T10:51:43Z
2025-10-03,ground,adult,DeltaGard; Evergreen 5-25,morning,03:30,05:30,complete,COMPLETE,Portion of North Stockton,S51A,Stockton,"North to Whistler Way, South to Wagner Heights Rd., East to Davis Rd., West to Thornton Rd.",1.8866,38.042965,-121.339854,https://www.google.com/maps/d/viewer?mid=1nJ7oGufnWnU_Na9FX5iOyhTClp_YLF8,1nJ7oGufnWnU_Na9FX5iOyhTClp_YLF8,wayback:20260119021559,2026-07-27T10:51:43Z
2025-10-03,ground,adult,DeltaGard; Evergreen 5-25,morning,03:30,05:30,complete,COMPLETE,"Portion of North Stockton, Quail Lakes Area",S53,Stockton,"North to Quail Lakes Drive, South to March Ln., East to N. Pershing Ave., West to Quail Lakes Dr.",1.8683,37.991507,-121.332421,https://www.google.com/maps/d/viewer?mid=1Y2JIBLPyYIXEk4rI-UXFujuOA8WNh9Q,1Y2JIBLPyYIXEk4rI-UXFujuOA8WNh9Q,wayback:20260119021559,2026-07-27T10:51:43Z
2025-10-03,ground,adult,DeltaGard; Evergreen 5-25,morning,03:30,05:30,complete,COMPLETE,Portion of South of Manteca,M25,Manteca,"North to E. Woodward Ave., South to Tannehill Dr., East to Pillsbury Rd., West to S. Main St. ADDED 10/2/25*",1.2471,37.772554,-121.20643,https://www.google.com/maps/d/viewer?mid=1VakL58Y9x5GUM36bEuYm8HwbDgCBHaA,1VakL58Y9x5GUM36bEuYm8HwbDgCBHaA,wayback:20260119021559,2026-07-27T10:51:43Z
2025-10-03,ground,adult,DeltaGard; Evergreen 5-25,morning,03:30,05:30,complete,COMPLETE,Portion of West Escalon,E66,Escalon,"North to Yosemite Ave., South to Valdapena Wy, Thompson Way, Zinfandel Dr. and Daniels Ave., East to McHenry Ave., West to Brennan Rd.",1.353,37.795018,-121.005923,https://www.google.com/maps/d/viewer?mid=1GqNcfaM-1hqwblWoG0y46w-FIL2lA_g,1GqNcfaM-1hqwblWoG0y46w-FIL2lA_g,wayback:20260119021559,2026-07-27T10:51:43Z
2025-10-03,ground,adult,DeltaGard; Evergreen 5-25,morning,03:30,05:30,complete,COMPLETE,Portion of West Stockton,S54,Stockton,"North to Calaveras River, South to Michigan Ave., East to I-5, West to Rainer Ave.",1.5183,37.969597,-121.346067,https://www.google.com/maps/d/viewer?mid=1MxgEi73R7kgSiHUEjT43aejAxLetUio,1MxgEi73R7kgSiHUEjT43aejAxLetUio,wayback:20260119021559,2026-07-27T10:51:43Z
2025-10-03,ground,adult,DeltaGard; Evergreen 5-25,morning,03:30,05:30,complete,COMPLETE,Rural East Escalon,E29,Escalon,"North to OID Canal, South to Hwy 120, East to Victory Ave., West to Henry Rd.",3.7529,37.803345,-120.932621,https://www.google.com/maps/d/viewer?mid=1YdE4wGmIItr1fDrb1unsnlFVmpL_Tx5f,1YdE4wGmIItr1fDrb1unsnlFVmpL_Tx5f,wayback:20260119021559,2026-07-27T10:51:43Z
2025-10-03,ground,adult,DeltaGard; Evergreen 5-25,morning,03:30,05:30,complete,COMPLETE,"Southwest Stockton, Weston Ranch area",S55,Stockton,"North to Carolyn Weston Blvd., Carrie St., South to William Moss Blvd., East to Manthey Rd., West to Carolyn Weston Blvd",1.6472,37.90931,-121.304485,https://www.google.com/maps/d/viewer?mid=1C2hzC70v_aXPCu9njclV_euLFeKNKck,1C2hzC70v_aXPCu9njclV_euLFeKNKck,wayback:20260119021559,2026-07-27T10:51:43Z
2025-10-08,aerial,adult,Dibrom,evening,19:00,20:30,complete,COMPLETE,Portion of Rural West Ripon,R1B,Ripon,,18.9907,37.6978,-121.202335,https://www.google.com/maps/d/viewer?mid=10QTPiLg-VmCpFCLW34UsEjV9K_6zsibf,10QTPiLg-VmCpFCLW34UsEjV9K_6zsibf,wayback:20260119021559,2026-07-27T10:51:43Z
2025-10-09,ground,adult,DeltaGard; Evergreen 5-25,morning,03:30,06:00,complete,COMPLETE,Portion of Rural South County,SC6,South County,,9.4377,37.731836,-121.264245,https://www.google.com/maps/d/viewer?mid=1f0-bFLjD5HOZiYHtBvIRbEUokEX27sXW,1f0-bFLjD5HOZiYHtBvIRbEUokEX27sXW,wayback:20260119021559,2026-07-27T10:51:43Z
2025-10-09,ground,adult,DeltaGard; Evergreen 5-25,morning,03:30,06:00,complete,COMPLETE,Portion of South Manteca,M36,Manteca,"North to Woodward Ave, South to Sawtooth Rd, East to Pillsbury Rd, West to Main Street.",1.4089,37.77153,-121.205376,https://www.google.com/maps/d/viewer?mid=1RGkReWEmT2HPCaB-sRinf01r56gr6Oc,1RGkReWEmT2HPCaB-sRinf01r56gr6Oc,wayback:20260119021559,2026-07-27T10:51:43Z
2025-10-09,ground,adult,DeltaGard; Evergreen 5-25,morning,03:30,06:00,complete,COMPLETE,Portion of West Escalon,E64,Escalon,"North to Yosemite Ave., South to 1st Street, East to McHenry Ave. & Hwy120, West to Brennan Rd.",0.7937,37.796384,-121.006116,https://www.google.com/maps/d/viewer?mid=1b9GW7fakbbU-cAZGAocNd83vkDTZ2oc,1b9GW7fakbbU-cAZGAocNd83vkDTZ2oc,wayback:20260119021559,2026-07-27T10:51:43Z
2025-10-09,ground,adult,DeltaGard; Evergreen 5-25,morning,03:30,06:00,complete,COMPLETE,Ripon Sewer,R2,Ripon,"North to Doak Rd., South to Stanislaus County Line, East to Stockton Ave., West to Robert Ave.",0.7947,37.726509,-121.130382,https://www.google.com/maps/d/viewer?mid=1UVI-M5eTIEkrLZvrJx2Qwxb6K_VYNYkN,1UVI-M5eTIEkrLZvrJx2Qwxb6K_VYNYkN,wayback:20260119021559,2026-07-27T10:51:43Z
2025-10-09,ground,adult,DeltaGard; Evergreen 5-25,morning,03:30,06:00,complete,COMPLETE,Rural East Ripon,R6b,Ripon,"North to .6 mile south of Greenleaf Rd., South to Stanislaus River, East to Sexton Rd., West to Wagner Rd.",5.2528,37.747065,-121.060768,https://www.google.com/maps/d/viewer?mid=1LbMmKcckTL0-yCdEYBd5mEiHab4yhFg,1LbMmKcckTL0-yCdEYBd5mEiHab4yhFg,wayback:20260119021559,2026-07-27T10:51:43Z
2025-10-10,ground,adult,DeltaGard; Evergreen 5-25,morning,03:30,05:30,complete,COMPLETE,Portion of Northeast Stockton,S56,Stockton,"North to March Lane, South to the Calaveras River, East to the Calaveras River, West to West Lane.",1.7978,38.000033,-121.279429,https://www.google.com/maps/d/viewer?mid=1O9KFXAG8MmfBgN9evCATqbR8TKWWl30,1O9KFXAG8MmfBgN9evCATqbR8TKWWl30,wayback:20260119021559,2026-07-27T10:51:43Z
2025-10-10,ground,adult,DeltaGard; Evergreen 5-25,morning,03:30,05:30,complete,COMPLETE,Portion of Northwest Stockton,S54,Stockton,"North to Eight Mile Rd., South to White Slough, East to Davis Rd., West to I5",5.1382,38.050541,-121.351196,https://www.google.com/maps/d/viewer?mid=1BC6rbkXs1V1Epnghk5Pxm5kBsx4Lvzo,1BC6rbkXs1V1Epnghk5Pxm5kBsx4Lvzo,wayback:20260119021559,2026-07-27T10:51:43Z
2025-10-12,aerial,adult,Dibrom,evening,19:00,21:00,complete,COMPLETE,"Portions of Brack Tract, Canal Ranch, and Terminous Tract",D4(c),Delta,,26.3284,38.157966,-121.458645,https://www.google.com/maps/d/viewer?mid=1cyMmRytvRpbUVchyUvldRrrR-Mxx9mA,1cyMmRytvRpbUVchyUvldRrrR-Mxx9mA,wayback:20260119021559,2026-07-27T10:51:43Z
2025-10-20,aerial,adult,Dibrom,evening,18:30,20:00,complete,COMPLETE,Delta Area- Medford Island,D51,Delta,,4.7407,38.037205,-121.512561,https://www.google.com/maps/d/viewer?mid=1BfFXQg_sm0ihdkdkS9oi4xnZFgVzRwQ,1BfFXQg_sm0ihdkdkS9oi4xnZFgVzRwQ,wayback:20260119021559,2026-07-27T10:51:43Z
2025-10-20,aerial,adult,Dibrom,evening,18:30,20:00,cancelled,CANCELED,Delta area- Portions of Empire Tract and Terminous Tract,D29,Delta,,12.7919,38.080455,-121.480218,https://www.google.com/maps/d/viewer?mid=1YxdmeEmftJ1kSIV8yZiuneMI0UHy7d3p,1YxdmeEmftJ1kSIV8yZiuneMI0UHy7d3p,wayback:20260119021559,2026-07-27T10:51:43Z
2025-10-28,aerial,adult,Dibrom,evening,18:00,20:00,complete,COMPLETE,Delta area west of I-5 (See map for details.),D52,Delta,,44.3359,38.064004,-121.396815,https://www.google.com/maps/d/viewer?mid=1L6a2paMYrLPn8d5QosQkeXvDci--b7s,1L6a2paMYrLPn8d5QosQkeXvDci--b7s,wayback:20260119021559,2026-07-27T10:51:43Z
2025-10-28,aerial,adult,Dibrom,evening,18:00,20:00,complete,COMPLETE,Portion of Brack Tract,D32A,Delta,,9.9765,38.158437,-121.444175,https://www.google.com/maps/d/viewer?mid=1q3UOlCS7KtOFsLYlJKcDbKaI-J3jsvbr,1q3UOlCS7KtOFsLYlJKcDbKaI-J3jsvbr,wayback:20260119021559,2026-07-27T10:51:43Z
2025-10-28,ground,adult,DeltaGard; Evergreen 5-25,evening,18:00,21:00,complete,COMPLETE,Portions of Terminous Tract and Bouldin Island,D53,Delta,,11.4876,38.11626,-121.488279,https://www.google.com/maps/d/viewer?mid=1uxJODTi_UkUv7NO3TzC81aLwUTmWsmU,1uxJODTi_UkUv7NO3TzC81aLwUTmWsmU,wayback:20260119021559,2026-07-27T10:51:43Z
2025-10-28,ground,adult,DeltaGard; Evergreen 5-25,evening,18:00,21:00,complete,COMPLETE,Wright / Elmwood Tract,D12,Delta,,8.6345,37.9957,-121.384856,https://www.google.com/maps/d/viewer?mid=11vvIxM7pP2tdGwJBH9n2sT4_KB-vzi7G,11vvIxM7pP2tdGwJBH9n2sT4_KB-vzi7G,wayback:20260119021559,2026-07-27T10:51:43Z
2025-11-07,ground,adult,Evergreen 5-25,morning,05:30,07:30,complete,COMPLETE,West Roberts Island,D6,Delta,,10.682,37.97315,-121.45385,https://www.google.com/maps/d/viewer?mid=1tLFNWvooLxCsWS6xo4g5JBUGQ0y8XUtW,1tLFNWvooLxCsWS6xo4g5JBUGQ0y8XUtW,wayback:20260119021559,2026-07-27T10:51:43Z
2026-05-13,ground,adult,DeltaGard; Evergreen 5-25,morning,05:30,07:00,complete,COMPLETE,Portions of Thornton area,TH-2,Thornton,"North to Mokelumne River, South to Beaver Slough, East to Mokelumne River and Kile Rd., West to I-5.",8.1157,38.231957,-121.425362,https://www.google.com/maps/d/viewer?mid=1GWlbbNllkktNl51AygXso1yQKdRgLmPi,1GWlbbNllkktNl51AygXso1yQKdRgLmPi,live,2026-07-27T10:51:43Z
2026-05-22,ground,adult,DeltaGard; Evergreen 5-25,morning,05:15,07:00,complete,COMPLETE,Portion of Staten Island,D33,Delta,,10.7902,38.184394,-121.513032,https://www.google.com/maps/d/viewer?mid=1VKiPBFn9SOGvcRePaBD10Y12H9kOqvVI,1VKiPBFn9SOGvcRePaBD10Y12H9kOqvVI,live,2026-07-27T10:50:49Z
2026-05-22,ground,adult,DeltaGard; Evergreen 5-25,morning,05:15,07:00,complete,COMPLETE,Portions of Thornton area,TH-2,Thornton,"North to Mokelumne River, South to Beaver Slough, East to Mokelumne River and Kile Rd., West to I-5.",8.1157,38.231957,-121.425362,https://www.google.com/maps/d/viewer?mid=1GWlbbNllkktNl51AygXso1yQKdRgLmPi,1GWlbbNllkktNl51AygXso1yQKdRgLmPi,live,2026-07-27T10:50:49Z
2026-05-22,ground,adult,DeltaGard; Evergreen 5-25,morning,05:15,07:00,complete,COMPLETE,West Terminous Tract,D45,Delta,,10.959,38.098819,-121.470985,https://www.google.com/maps/d/viewer?mid=1nGIxRaRV3R7Lkn_moEnptC7Z66hi4ak,1nGIxRaRV3R7Lkn_moEnptC7Z66hi4ak,live,2026-07-27T10:50:49Z
2026-06-10,ground,adult,DeltaGard; Evergreen 5-25,morning,04:30,07:00,complete,COMPLETE,Portions of Staten Island and McCormack-Williamson Tract,D54,Delta,,6.5431,38.213524,-121.500679,https://www.google.com/maps/d/viewer?mid=1WQwWHS_JcRQQlfuEFjk458VnOYJZJLM,1WQwWHS_JcRQQlfuEFjk458VnOYJZJLM,live,2026-07-27T10:50:49Z
2026-06-10,ground,adult,DeltaGard; Evergreen 5-25,morning,04:30,07:00,complete,COMPLETE,West Terminous Tract,D45,Delta,,10.959,38.098819,-121.470985,https://www.google.com/maps/d/viewer?mid=1nGIxRaRV3R7Lkn_moEnptC7Z66hi4ak,1nGIxRaRV3R7Lkn_moEnptC7Z66hi4ak,live,2026-07-27T10:50:49Z
2026-06-15,aerial,adult,Dibrom,evening,20:30,22:30,complete,COMPLETE,"Portion of Bract Tract, Canal Ranch, and Terminous Tract",D5,Delta,,24.8239,38.159347,-121.461385,https://www.google.com/maps/d/viewer?mid=1r4icuJ4XB88zAAqj4zKdthWbi7z6vuTs,1r4icuJ4XB88zAAqj4zKdthWbi7z6vuTs,live,2026-07-27T10:50:49Z
2026-06-15,aerial,adult,Dibrom,evening,20:30,22:30,complete,COMPLETE,Portion of Rural South County,SC10a,South County,South of Manteca to San Joaquin and Stanislaus Rivers and East to Austin Rd.,11.7836,37.691484,-121.212921,https://www.google.com/maps/d/viewer?mid=1vQh5GvLtdaJPHTTtk6J_cjGKFwxMn48,1vQh5GvLtdaJPHTTtk6J_cjGKFwxMn48,live,2026-07-27T10:50:49Z
2026-06-17,ground,larval,Altosid,morning,03:00,05:00,complete,COMPLETE,Southwest Stockton Area - Weston Ranch area,S55,Stockton,"North to Carolyn Weston Blvd., Carrie St., South to William Moss Blvd., East to Manthey Rd., West to Carolyn Weston Blvd",1.6472,37.90931,-121.304485,https://www.google.com/maps/d/viewer?mid=1C2hzC70v_aXPCu9njclV_euLFeKNKck,1C2hzC70v_aXPCu9njclV_euLFeKNKck,live,2026-07-27T10:50:49Z
2026-06-18,ground,larval,Altosid,morning,03:00,05:00,cancelled,CANCELLED DUE TO TECHNICAL ISSUE,Portion of North Ripon,R10A,Ripon,"North to E. River Rd. and Cindy Dr., South to SR 99, East to Ripon Rd., West to Fulton Ave. and Arc Way.",1.2548,37.752459,-121.127846,https://www.google.com/maps/d/viewer?mid=1y1mS4buUHyjA-Argsco7uayDNj_Bdxo,1y1mS4buUHyjA-Argsco7uayDNj_Bdxo,live,2026-07-27T10:50:49Z
2026-06-18,ground,adult,DeltaGard; Evergreen 5-25,morning,03:30,06:00,complete,COMPLETE,Portion of Rural South County,SC10a,South County,South of Manteca to San Joaquin and Stanislaus Rivers and East to Austin Rd.,11.7836,37.691484,-121.212921,https://www.google.com/maps/d/viewer?mid=1vQh5GvLtdaJPHTTtk6J_cjGKFwxMn48,1vQh5GvLtdaJPHTTtk6J_cjGKFwxMn48,live,2026-07-27T10:50:49Z
2026-06-22,ground,larval,Altosid,morning,03:00,05:00,complete,COMPLETE,Portion of North Ripon,R10A,Ripon,"North to E. River Rd. and Cindy Dr., South to SR 99, East to Ripon Rd., West to Fulton Ave. and Arc Way.",1.2548,37.752459,-121.127846,https://www.google.com/maps/d/viewer?mid=1y1mS4buUHyjA-Argsco7uayDNj_Bdxo,1y1mS4buUHyjA-Argsco7uayDNj_Bdxo,live,2026-07-27T10:50:49Z
2026-06-24,aerial,adult,Dibrom,evening,20:30,22:30,complete,COMPLETE,Portion of Rural South County,SC10a,South County,South of Manteca to San Joaquin and Stanislaus Rivers and East to Austin Rd.,11.7836,37.691484,-121.212921,https://www.google.com/maps/d/viewer?mid=1vQh5GvLtdaJPHTTtk6J_cjGKFwxMn48,1vQh5GvLtdaJPHTTtk6J_cjGKFwxMn48,live,2026-07-27T10:50:49Z
2026-06-24,aerial,adult,Dibrom,evening,20:30,22:30,complete,COMPLETE,"Portions of Shima Tract, Rindge Tract, Wright Tract, Lower Roberts Island",D2,Delta,,18.0124,38.001048,-121.394973,https://www.google.com/maps/d/viewer?mid=1heJJ35n0Ncl7mExjNCOLOt_OdLoFKLgy,1heJJ35n0Ncl7mExjNCOLOt_OdLoFKLgy,live,2026-07-27T10:50:49Z
2026-06-26,ground,adult,DeltaGard; Evergreen 5-25,morning,03:15,06:00,complete,COMPLETE,North Stockton,S2,Stockton,"North to Meadow Ave., South to W. Lincoln Rd., East to Pershing Ave., West to Alexandria Place",0.2477,38.014823,-121.334916,https://www.google.com/maps/d/viewer?mid=1UQwW_oOGjT5eFXgphjooM-w62D0o2Dnr,1UQwW_oOGjT5eFXgphjooM-w62D0o2Dnr,live,2026-07-27T10:50:49Z
2026-06-26,ground,adult,DeltaGard; Evergreen 5-25,morning,03:15,06:00,complete,COMPLETE,Portion of North Stockton- Quail Lakes area,S53,Stockton,"Portion of North Stockton- Quail Lakes area, North to Quail Lakes Drive, South to March Ln., East to N. Pershing Ave., West to Quail Lakes Dr.",1.8683,37.991507,-121.332421,https://www.google.com/maps/d/viewer?mid=1Y2JIBLPyYIXEk4rI-UXFujuOA8WNh9Q,1Y2JIBLPyYIXEk4rI-UXFujuOA8WNh9Q,live,2026-07-27T10:50:49Z
2026-06-26,ground,adult,DeltaGard; Evergreen 5-25,morning,03:15,06:00,complete,COMPLETE,Portion of Northwest Stockton,S5a,Stockton,"North to Otto Dr., South to White Slough, East to Thornton Rd., West to I-5",2.3948,38.033293,-121.350934,https://www.google.com/maps/d/viewer?mid=1dfrqPIxudxoj9uCsO0Fw4cyzoTtwlK0,1dfrqPIxudxoj9uCsO0Fw4cyzoTtwlK0,live,2026-07-27T10:50:49Z
2026-06-26,ground,adult,DeltaGard; Evergreen 5-25,morning,03:15,06:00,complete,COMPLETE,Portion of Rural South County,SC1,South County,"North to one mile north of E. McMullin Rd., South to Perrin Rd., East to Airport Way, West to S. Hays Rd.",4.7947,37.735918,-121.263435,https://www.google.com/maps/d/viewer?mid=1dcvrXM7RFuFpl8saR2Bwl08cXfA3CU-C,1dcvrXM7RFuFpl8saR2Bwl08cXfA3CU-C,live,2026-07-27T10:50:49Z
2026-06-26,ground,adult,DeltaGard; Evergreen 5-25,morning,03:15,06:00,complete,COMPLETE,Portion of South Manteca,M25,Manteca,"North to E. Woodward Ave., South to Tannehill Dr., East to Pillsbury Rd., West to S. Main St.",1.2471,37.772554,-121.20643,https://www.google.com/maps/d/viewer?mid=1VakL58Y9x5GUM36bEuYm8HwbDgCBHaA,1VakL58Y9x5GUM36bEuYm8HwbDgCBHaA,live,2026-07-27T10:50:49Z
2026-06-26,ground,adult,DeltaGard; Evergreen 5-25,morning,03:15,06:00,complete,COMPLETE,Portion of West Manteca,M28,Manteca,"North to E Lathrop Rd., South along the RXR tracks, East to London Ave., West to S. Airport Way",0.9182,37.82101,-121.24917,https://www.google.com/maps/d/viewer?mid=1cRRz-BPDb2lrTON_VwNPNCwSd7SZl6c,1cRRz-BPDb2lrTON_VwNPNCwSd7SZl6c,live,2026-07-27T10:50:49Z
2026-06-26,ground,adult,DeltaGard; Evergreen 5-25,morning,03:15,06:00,complete,COMPLETE,Portions of Terminous Tract and Bouldin Island,D53,Delta,,11.4876,38.11626,-121.488279,https://www.google.com/maps/d/viewer?mid=1uxJODTi_UkUv7NO3TzC81aLwUTmWsmU,1uxJODTi_UkUv7NO3TzC81aLwUTmWsmU,live,2026-07-27T10:50:49Z
2026-06-26,ground,adult,DeltaGard; Evergreen 5-25,morning,03:15,06:00,complete,COMPLETE,Rural East Escalon,E3,Escalon,"North to Dutra Ln., South to Hwy 120, East to Victory Ave., West to Henry Rd.",5.4976,37.807851,-120.932812,https://www.google.com/maps/d/viewer?mid=19r5y1HrE-5wDMUVUYma-rZ71_6Kn8ymQ,19r5y1HrE-5wDMUVUYma-rZ71_6Kn8ymQ,live,2026-07-27T10:50:49Z
2026-06-26,ground,larval,Altosid,morning,03:15,05:00,complete,COMPLETE,Southwest Stockton Area,S55a,Stockton,"North to Decarli St., Lloyd Thayer Cir., Carrie St., South to William Moss Blvd., East to Manthey Rd., West to Carolyn Weston Blvd",1.9604,37.910049,-121.305008,https://www.google.com/maps/d/viewer?mid=1TW296wXbCz-3fNTa3Oxv3T5GkiQjaQM,1TW296wXbCz-3fNTa3Oxv3T5GkiQjaQM,live,2026-07-27T10:50:49Z
2026-06-26,ground,adult,DeltaGard; Evergreen 5-25,morning,03:15,06:00,complete,COMPLETE,Southwest Stockton Area- Weston Ranch area: East block,S55c,Stockton,"North to William Moss Blvd., South to French Camp Rd., East to Manthey Rd., Blake Cir., West to Moraga Ln., Erickson Cir., Pisa Cir.",2.0992,37.9014,-121.303339,https://www.google.com/maps/d/viewer?mid=1rlWOsjJO0Tl1tG6IzhjOoEbiGQTC2a8,1rlWOsjJO0Tl1tG6IzhjOoEbiGQTC2a8,live,2026-07-27T10:50:49Z
2026-06-26,ground,adult,DeltaGard; Evergreen 5-25,morning,03:15,06:00,complete,COMPLETE,Southwest Stockton Area- Weston Ranch area: West block,S55b,Stockton,"North to Watercourse St., South to French Camp Rd., East to Pissarro Dr., West to San Joaquin River",1.5906,37.906214,-121.319734,https://www.google.com/maps/d/viewer?mid=12rbG343j-GoSbd-5aGSsHkRDEHCMtZY,12rbG343j-GoSbd-5aGSsHkRDEHCMtZY,live,2026-07-27T10:50:49Z
2026-06-29,aerial,adult,Evergreen 5-25,evening,20:45,22:30,complete,COMPLETE,"Portion of Bract Tract, Canal Ranch, and Terminous Tract",D4(b),Delta,,18.4193,38.152114,-121.464831,https://www.google.com/maps/d/viewer?mid=1w4m0HR6_JrxOswRP87KSFQ6pt7llvfG7,1w4m0HR6_JrxOswRP87KSFQ6pt7llvfG7,live,2026-07-27T10:50:49Z
2026-06-29,aerial,adult,Evergreen 5-25,evening,20:45,22:30,complete,COMPLETE,"Portions of Shima Tract, Rindge Tract, and Wright Tract",D3,Delta,,24.8479,38.014741,-121.39736,https://www.google.com/maps/d/viewer?mid=151h4otrEYfexJiUy3PTMbUXzy7KvxVeE,151h4otrEYfexJiUy3PTMbUXzy7KvxVeE,live,2026-07-27T10:50:49Z
2026-07-02,ground,adult,DeltaGard; Evergreen 5-25,morning,03:30,05:30,complete,COMPLETE,North Manteca,M35,Manteca,"North to Northgate Dr., South to W. Louise Ave. and Joseph Rd., East to N. Union Rd., West to N. Main St. & Tidewater Trail",1.039,37.816271,-121.228585,https://www.google.com/maps/d/viewer?mid=1DKz0vf1p-8i53RmmEX89QVuis1wzBlw,1DKz0vf1p-8i53RmmEX89QVuis1wzBlw,live,2026-07-27T10:50:49Z
2026-07-02,ground,adult,DeltaGard; Evergreen 5-25,morning,03:30,05:30,complete,COMPLETE,Portion of North Stockton,S12,Stockton,"North to Hammer Ln., South to Benjamin Holt Dr., East to Pershing Ave., West to Alexandria Place.",1.4693,38.017443,-121.339968,https://www.google.com/maps/d/viewer?mid=1BgHieQE80w5Os9jhjzIaynIg7yA_kLQT,1BgHieQE80w5Os9jhjzIaynIg7yA_kLQT,live,2026-07-27T10:50:49Z
2026-07-02,ground,adult,DeltaGard; Evergreen 5-25,morning,03:30,05:30,complete,COMPLETE,Portion of North Stockton,S20,Stockton,"North to Mosher Slough, South to E. Hammer Ln., East to LeMans Ave., West to Tam O Shanter Dr.",1.5099,38.024543,-121.290059,https://www.google.com/maps/d/viewer?mid=1Z8F9XB_hFvthzPSe6DNMvcJt-jkqromK,1Z8F9XB_hFvthzPSe6DNMvcJt-jkqromK,live,2026-07-27T10:50:49Z
2026-07-02,ground,adult,DeltaGard; Evergreen 5-25,morning,03:30,05:30,complete,COMPLETE,Portion of Rural South County,SC1,South County,"North to one mile north of E. McMullin Rd., South to Perrin Rd., East to Airport Way, West to S. Hays Rd.",4.7947,37.735918,-121.263435,https://www.google.com/maps/d/viewer?mid=1dcvrXM7RFuFpl8saR2Bwl08cXfA3CU-C,1dcvrXM7RFuFpl8saR2Bwl08cXfA3CU-C,live,2026-07-27T10:50:49Z
2026-07-02,ground,larval,VectoBac WDG,morning,03:30,05:30,complete,COMPLETE,Portion of Southeast Tracy,T30b,Tracy,"North to Tulare Dr. and Tulloch Dr., South to Valpico Rd., East to Basque Dr., West to S MacArthur Dr.",0.7403,37.714208,-121.410892,https://www.google.com/maps/d/viewer?mid=1nv7N8q_ePnSfd9_yNm_sWBYED8Z_N1A,1nv7N8q_ePnSfd9_yNm_sWBYED8Z_N1A,live,2026-07-27T10:50:49Z
2026-07-02,ground,adult,DeltaGard; Evergreen 5-25,morning,03:30,05:30,complete,COMPLETE,Rural East Escalon,E3,Escalon,"North to Dutra Ln., South to Hwy 120, East to Victory Ave., West to Henry Rd.",5.4976,37.807851,-120.932812,https://www.google.com/maps/d/viewer?mid=19r5y1HrE-5wDMUVUYma-rZ71_6Kn8ymQ,19r5y1HrE-5wDMUVUYma-rZ71_6Kn8ymQ,live,2026-07-27T10:50:49Z
2026-07-02,ground,adult,DeltaGard; Evergreen 5-25,morning,03:30,05:30,complete,COMPLETE,Rural West Lodi,L14,Lodi,"North to Hwy 12, South to White Sough, East to 1/2 mile west of I5, West to 2 & 1/3 miles west of I-5.",10.1623,38.100254,-121.415963,https://www.google.com/maps/d/viewer?mid=1sYH5f6uQ2kZKy3FfeC0zkGhtJW60FURz,1sYH5f6uQ2kZKy3FfeC0zkGhtJW60FURz,live,2026-07-27T10:50:49Z
2026-07-02,ground,adult,DeltaGard; Evergreen 5-25,morning,03:30,05:30,complete,COMPLETE,Southwest Stockton Area- Weston Ranch area,S55a,Stockton,"North to Decarli St., Lloyd Thayer Cir., Carrie St., South to William Moss Blvd., East to Manthey Rd., West to Carolyn Weston Blvd",1.9604,37.910049,-121.305008,https://www.google.com/maps/d/viewer?mid=1TW296wXbCz-3fNTa3Oxv3T5GkiQjaQM,1TW296wXbCz-3fNTa3Oxv3T5GkiQjaQM,live,2026-07-27T10:50:49Z
2026-07-02,ground,adult,DeltaGard; Evergreen 5-25,morning,03:30,05:30,complete,COMPLETE,Stockton - Portion of Brookside,S32,Stockton,"North to Riverbrook Dr., South to Brookview Dr. and Shadowbrook Dr., East to Brookside Rd., West to Riverbrook Dr.",0.4913,37.988331,-121.359817,https://www.google.com/maps/d/viewer?mid=1PgUCI5L267GhPiahg5GpoJV1eCizX1A,1PgUCI5L267GhPiahg5GpoJV1eCizX1A,live,2026-07-27T10:50:49Z
2026-07-08,ground,larval,VectoBac WDG,morning,03:30,05:30,complete,COMPLETE,Linden,LN2,Linden,"North to Monte Vista Dr., South to Hwy 26, West to Archerdale Rd., East to Cox Rd.",1.8677,38.021893,-121.094932,https://www.google.com/maps/d/viewer?mid=1LiLKEic3St02vvCbqMwliplcxXW-HPU,1LiLKEic3St02vvCbqMwliplcxXW-HPU,live,2026-07-27T10:50:49Z
2026-07-08,ground,adult,Evergreen 5-25; DeltaGard,morning,03:30,05:30,cancelled,CANCELLED DUE TO TECHNICAL ISSUE - WILL BE RESCHEDULED,Portion of South Manteca,M25,Manteca,"North to E. Woodward Ave., South to Tannehill Dr., East to Pillsbury Rd., West to S. Main St.",1.2471,37.772554,-121.20643,https://www.google.com/maps/d/viewer?mid=1VakL58Y9x5GUM36bEuYm8HwbDgCBHaA,1VakL58Y9x5GUM36bEuYm8HwbDgCBHaA,live,2026-07-27T10:50:49Z
2026-07-08,ground,adult,Evergreen 5-25; DeltaGard,morning,03:30,05:30,complete,COMPLETE,Portion of South Stockton,S33B,Stockton,"North to Dr. Martin Luther King Blvd., South to E. 9th Street, East to U.P. RR tracks, West to S. El Dorado St.",1.1445,37.934492,-121.279293,https://www.google.com/maps/d/viewer?mid=1jrnK_foD1rVLNv9fzEZLJL25Cy4JHxQ,1jrnK_foD1rVLNv9fzEZLJL25Cy4JHxQ,live,2026-07-27T10:50:49Z
2026-07-09,ground,larval,VectoBac WDG,morning,03:15,05:00,complete,COMPLETE,Portion of Northwest Stockton,S59a,Stockton,"North to Eight Mile Rd., South to White Slough, East to Thornton Rd., West to I-5.",2.6557,38.050662,-121.360546,https://www.google.com/maps/d/viewer?mid=1zIB11Dje98Jnk5FnLLGlhbaO6WAnqPU,1zIB11Dje98Jnk5FnLLGlhbaO6WAnqPU,live,2026-07-27T10:50:49Z
2026-07-09,aerial,adult,Evergreen 5-25,evening,20:45,22:30,complete,COMPLETE,Portion of Rural West Lodi,L14,Lodi,"North to Hwy 12, South to White Sough, East to 1/2 mile west of I5, West to 2 & 1/3 miles west of I-5",10.1623,38.100254,-121.415963,https://www.google.com/maps/d/viewer?mid=1sYH5f6uQ2kZKy3FfeC0zkGhtJW60FURz,1sYH5f6uQ2kZKy3FfeC0zkGhtJW60FURz,live,2026-07-27T10:50:49Z
2026-07-09,ground,adult,Evergreen 5-25; DeltaGard,morning,03:15,05:00,complete,COMPLETE,Portion of South Manteca,M22,Manteca,"North to Wawona St., South to Hwy 120, East to Union Rd., West to Airport Way",1.101,37.787039,-121.243089,https://www.google.com/maps/d/viewer?mid=18ED9nhpGUNHRLWZMskI8vnJPDTCwyco,18ED9nhpGUNHRLWZMskI8vnJPDTCwyco,live,2026-07-27T10:50:49Z
2026-07-09,ground,adult,Evergreen 5-25; DeltaGard,morning,03:15,05:00,complete,COMPLETE,Portion of South Manteca,M25,Manteca,"North to E. Woodward Ave., South to Tannehill Dr., East to Pillsbury Rd., West to S. Main St.",1.2471,37.772554,-121.20643,https://www.google.com/maps/d/viewer?mid=1VakL58Y9x5GUM36bEuYm8HwbDgCBHaA,1VakL58Y9x5GUM36bEuYm8HwbDgCBHaA,live,2026-07-27T10:50:49Z
2026-07-09,ground,adult,Evergreen 5-25; DeltaGard,morning,03:15,05:00,complete,COMPLETE,Portion of Southeast Tracy,T30,Tracy,"North to Biarritz St., South to Valpico Rd., East to S. Chrisman Rd., West to Elissagaray Dr. and Mt. Pellier St.",0.4231,37.714122,-121.401013,https://www.google.com/maps/d/viewer?mid=1ccdMmOipcbV6B3naa2Q5GFGWw0js_GM,1ccdMmOipcbV6B3naa2Q5GFGWw0js_GM,live,2026-07-27T10:50:49Z
2026-07-09,ground,adult,Evergreen 5-25; DeltaGard,morning,03:15,05:00,complete,COMPLETE,Portion of Southeast Tracy,T30b,Tracy,"North to Tulare Dr. and Tulloch Dr., South to Valpico Rd., East to Basque Dr., West to S MacArthur Dr.",0.7403,37.714208,-121.410892,https://www.google.com/maps/d/viewer?mid=1nv7N8q_ePnSfd9_yNm_sWBYED8Z_N1A,1nv7N8q_ePnSfd9_yNm_sWBYED8Z_N1A,live,2026-07-27T10:50:49Z
2026-07-09,aerial,adult,Evergreen 5-25,evening,20:45,22:30,complete,COMPLETE,"Portions of McDonald Island, Lower Jones Tract, and Roberts Island",D55,Delta,,35.509,37.983918,-121.472169,https://www.google.com/maps/d/viewer?mid=1y5Os-D-OO2hnmBl-y-MGDVtuP-MCWEU,1y5Os-D-OO2hnmBl-y-MGDVtuP-MCWEU,live,2026-07-27T10:50:49Z
2026-07-10,ground,adult,Evergreen 5-25; DeltaGard,morning,03:15,05:00,postponed,"POSTPONED TO FRIDAY, JULY 10, 2026",Oak Grove Regional Park,S7,Stockton,,0.7452,38.054162,-121.365877,https://www.google.com/maps/d/viewer?mid=1hqgr7DgbegomEcw7hwlzDK3DsiAX4cZU,1hqgr7DgbegomEcw7hwlzDK3DsiAX4cZU,live,2026-07-27T10:50:49Z
2026-07-10,ground,larval,Altosid,morning,03:15,05:00,complete,COMPLETE,Portion of Northwest Stockton,S59b,Stockton,"North to Eight Mile Rd., South to White Slough, East to Davis Rd., West to Thornton Rd.",2.5523,38.050445,-121.341918,https://www.google.com/maps/d/viewer?mid=1z3jUXUMvixSVEvsQxUfPt8nOH-imwds,1z3jUXUMvixSVEvsQxUfPt8nOH-imwds,live,2026-07-27T10:50:49Z
2026-07-10,ground,adult,Evergreen 5-25; DeltaGard,morning,03:15,05:00,complete,COMPLETE,Portion of Stockton - Morada,S59,Stockton,"North to E Ashley Ln., South to E. Fopiano Ln., East to RxR and Alhambra Ave., West to 99",2.9568,38.033489,-121.250013,https://www.google.com/maps/d/viewer?mid=1tXDjVk2vSZyjdRpEXtGXbzXF10_uW8o,1tXDjVk2vSZyjdRpEXtGXbzXF10_uW8o,live,2026-07-27T10:50:49Z
2026-07-12,aerial,adult,Evergreen 5-25,evening,20:45,22:00,complete,COMPLETE,"Portions of Shima Tract, Rindge Tract, Wright Tract",D3,Delta,,24.8479,38.014741,-121.39736,https://www.google.com/maps/d/viewer?mid=151h4otrEYfexJiUy3PTMbUXzy7KvxVeE,151h4otrEYfexJiUy3PTMbUXzy7KvxVeE,live,2026-07-27T10:50:49Z
2026-07-16,ground,adult,Evergreen 5-25; DeltaGard,morning,03:30,05:30,complete,COMPLETE,Portion of East Manteca,M30B,Manteca,"North to Southland Rd., South to E. Yosemite Ave., East to S. Austin Rd., West to Cottage Ave. and Hwy. 99",3.5296,37.809384,-121.188689,https://www.google.com/maps/d/viewer?mid=11uHnTTjd1bai9WEuM5kOHPCEqWFKXUM,11uHnTTjd1bai9WEuM5kOHPCEqWFKXUM,live,2026-07-27T10:50:49Z
2026-07-16,ground,larval,VectoBac WDG,morning,03:30,05:30,complete,COMPLETE,Portion of South Manteca,M22,Manteca,"North to Wawona St., South to Hwy 120, East to Union Rd., West to Airport Way.",1.101,37.787039,-121.243089,https://www.google.com/maps/d/viewer?mid=18ED9nhpGUNHRLWZMskI8vnJPDTCwyco,18ED9nhpGUNHRLWZMskI8vnJPDTCwyco,live,2026-07-27T10:50:49Z
2026-07-16,ground,adult,Evergreen 5-25; DeltaGard,morning,03:30,05:30,complete,COMPLETE,Portion of South Manteca,M25,Manteca,"North to E. Woodward Ave., South to Tannehill Dr., East to Pillsbury Rd., West to S. Main St.",1.2471,37.772554,-121.20643,https://www.google.com/maps/d/viewer?mid=1VakL58Y9x5GUM36bEuYm8HwbDgCBHaA,1VakL58Y9x5GUM36bEuYm8HwbDgCBHaA,live,2026-07-27T10:50:49Z
2026-07-17,ground,adult,Evergreen 5-25; DeltaGard,morning,03:30,05:30,complete,COMPLETE,Portion of North Stockton,S12,Stockton,"North to Hammer Ln., South to Hazelwood Ave., Bonniebrook Dr., and W. Lincoln Rd., East to Pershing Ave., West to Westland Ave.",1.4693,38.017443,-121.339968,https://www.google.com/maps/d/viewer?mid=1BgHieQE80w5Os9jhjzIaynIg7yA_kLQT,1BgHieQE80w5Os9jhjzIaynIg7yA_kLQT,live,2026-07-27T10:50:49Z
2026-07-17,ground,adult,Evergreen 5-25; DeltaGard,morning,03:30,05:30,complete,COMPLETE,Portion of North Stockton,S20,Stockton,"North to Mosher Slough, South to E. Hammer Ln., East to RxR tracks., West to Tam O Shanter Dr.",1.5099,38.024543,-121.290059,https://www.google.com/maps/d/viewer?mid=1Z8F9XB_hFvthzPSe6DNMvcJt-jkqromK,1Z8F9XB_hFvthzPSe6DNMvcJt-jkqromK,live,2026-07-27T10:50:49Z
2026-07-17,ground,adult,Evergreen 5-25; DeltaGard,morning,03:30,05:30,complete,COMPLETE,Portion of Rural South County,SC2,South County,"North to one mile north of E. McMullin Rd., South to Perrin Rd., East to Airport Way, West to S. Hays Rd.",4.795,37.735679,-121.263397,https://www.google.com/maps/d/viewer?mid=1u3iEurWbGkJp61wQVGP_YS7BBluM-i-Z,1u3iEurWbGkJp61wQVGP_YS7BBluM-i-Z,live,2026-07-27T10:50:49Z
2026-07-17,ground,adult,Evergreen 5-25; DeltaGard,morning,03:30,05:30,complete,COMPLETE,Portion of South Lodi,L25,Lodi,"North to W. Century Blvd., South to W. Harney Ln., East to S. Hutchins St., West to S. Mills Ave.",1.3391,38.104595,-121.28803,https://www.google.com/maps/d/viewer?mid=1P07gRNAxpSWWv5dOc6_3iTVFPX9WL1U,1P07gRNAxpSWWv5dOc6_3iTVFPX9WL1U,live,2026-07-27T10:50:49Z
2026-07-17,ground,adult,Evergreen 5-25; DeltaGard,morning,03:30,05:30,complete,COMPLETE,Portion of South Manteca,M22,Manteca,"North to Wawona St., South to Hwy 120, East to Union Rd., West to Airport Way.",1.101,37.787039,-121.243089,https://www.google.com/maps/d/viewer?mid=18ED9nhpGUNHRLWZMskI8vnJPDTCwyco,18ED9nhpGUNHRLWZMskI8vnJPDTCwyco,live,2026-07-27T10:50:49Z
2026-07-17,ground,larval,VectoBac WDG,morning,03:30,05:30,complete,COMPLETE,Portion of South Manteca,M25,Manteca,"North to E. Woodward Ave., South to Tannehill Dr., East to Pillsbury Rd., West to S. Main St.",1.2471,37.772554,-121.20643,https://www.google.com/maps/d/viewer?mid=1VakL58Y9x5GUM36bEuYm8HwbDgCBHaA,1VakL58Y9x5GUM36bEuYm8HwbDgCBHaA,live,2026-07-27T10:50:49Z
2026-07-19,aerial,adult,Dibrom,evening,20:45,22:30,complete,COMPLETE,Portion of Brack Tract,D32A,Delta,,9.9765,38.158437,-121.444175,https://www.google.com/maps/d/viewer?mid=1q3UOlCS7KtOFsLYlJKcDbKaI-J3jsvbr,1q3UOlCS7KtOFsLYlJKcDbKaI-J3jsvbr,live,2026-07-27T10:50:49Z
2026-07-19,aerial,adult,Dibrom,evening,20:45,22:30,complete,COMPLETE,Portions of Empire Tract and Terminous Tract,D29,Delta,,12.7919,38.080455,-121.480218,https://www.google.com/maps/d/viewer?mid=1YxdmeEmftJ1kSIV8yZiuneMI0UHy7d3p,1YxdmeEmftJ1kSIV8yZiuneMI0UHy7d3p,live,2026-07-27T10:50:49Z
2026-07-19,aerial,adult,Dibrom,evening,20:45,22:30,complete,COMPLETE,"Portions of Shima Tract, Rindge Tract, Atlas Tract, Wright Tract",D7,Delta,,24.8479,38.014741,-121.39736,https://www.google.com/maps/d/viewer?mid=1f2Cc6vAndlrwjFSphksdRjUD4ZJL5NmU,1f2Cc6vAndlrwjFSphksdRjUD4ZJL5NmU,live,2026-07-27T10:50:49Z
2026-07-23,aerial,adult,Dibrom,evening,20:40,22:30,complete,COMPLETE,Portion of Mandeville Island and Bacon Island,D56,Delta,,19.4318,38.003099,-121.545213,https://www.google.com/maps/d/viewer?mid=1VcIBhYONU108kaWiCJ389vHXrj6qdsg,1VcIBhYONU108kaWiCJ389vHXrj6qdsg,live,2026-07-31T02:36:10Z
2026-07-23,ground,adult,Evergreen 5-25; DeltaGard,morning,03:00,05:30,complete,COMPLETE,Portion of Northwest Stockton,S60,Stockton,"North to Eight Mile Rd., South to White Slough, East to Trinity Parkway, West to Rio Blanco Rd.",5.3683,38.051419,-121.396948,https://www.google.com/maps/d/viewer?mid=16uaUBGu4DvYpfaewQMyCxxJ90fVDSIw,16uaUBGu4DvYpfaewQMyCxxJ90fVDSIw,live,2026-07-27T10:50:49Z
2026-07-23,ground,adult,Evergreen 5-25; DeltaGard,morning,03:00,05:30,complete,COMPLETE,Portion of South Tracy,T33,Tracy,"North to Valpico Rd., South to W. Linne Rd., East to S. MacArthur Dr., West to S. Tracy Blvd.",2.6065,37.703331,-121.425513,https://www.google.com/maps/d/viewer?mid=1OGe7S0FTnc-i2kN8--7RatRAWjFpN8k,1OGe7S0FTnc-i2kN8--7RatRAWjFpN8k,live,2026-07-27T10:50:49Z
2026-07-23,ground,adult,Evergreen 5-25; DeltaGard,morning,03:00,05:30,complete,COMPLETE,Portion of Southwest Stockton - Weston Ranch area,S55b,Stockton,"North to Watercourse St., South to French Camp Rd., East to Pissarro Dr., West to San Joaquin River",1.5906,37.906214,-121.319734,https://www.google.com/maps/d/viewer?mid=12rbG343j-GoSbd-5aGSsHkRDEHCMtZY,12rbG343j-GoSbd-5aGSsHkRDEHCMtZY,live,2026-07-27T10:50:49Z
2026-07-23,ground,larval,VectoBac WDG,morning,03:00,05:00,complete,COMPLETE,Portion of Southwest Stockton - Weston Ranch area,S55a,Stockton,"North to Decarli St., Lloyd Thayer Cir., Carrie St., South to William Moss Blvd., East to Manthey Rd., West to Carolyn Weston Blvd",1.9604,37.910049,-121.305008,https://www.google.com/maps/d/viewer?mid=1TW296wXbCz-3fNTa3Oxv3T5GkiQjaQM,1TW296wXbCz-3fNTa3Oxv3T5GkiQjaQM,live,2026-07-27T10:50:49Z
2026-07-23,ground,adult,Evergreen 5-25; DeltaGard,morning,03:00,05:30,complete,COMPLETE,Portion of Southwest Stockton - Weston Ranch area,S55c,Stockton,"North to William Moss Blvd., South to French Camp Rd., East to Manthey Rd., Blake Cir., West to Moraga Ln., Erickson Cir., Pisa Cir.",2.0992,37.9014,-121.303339,https://www.google.com/maps/d/viewer?mid=1rlWOsjJO0Tl1tG6IzhjOoEbiGQTC2a8,1rlWOsjJO0Tl1tG6IzhjOoEbiGQTC2a8,live,2026-07-27T10:50:49Z
2026-07-23,ground,adult,Evergreen 5-25; DeltaGard,morning,03:00,05:30,complete,COMPLETE,Portion of Southwest Tracy,T32b,Tracy,"North to W. Schulte Rd, South to Valpico, East to Tracy Blvd., West to Sycamore Pkwy",0.7465,37.718186,-121.437174,https://www.google.com/maps/d/viewer?mid=1Kj_tz29N37w6ezcsrW5PO_Ls7M6SMJM,1Kj_tz29N37w6ezcsrW5PO_Ls7M6SMJM,live,2026-07-27T10:50:49Z
2026-07-23,aerial,adult,Dibrom,evening,20:40,22:30,complete,COMPLETE,"Portions of Brack Tract, Canal Ranch, and Terminous Tract",D4(b),Delta,,18.4193,38.152114,-121.464831,https://www.google.com/maps/d/viewer?mid=1w4m0HR6_JrxOswRP87KSFQ6pt7llvfG7,1w4m0HR6_JrxOswRP87KSFQ6pt7llvfG7,live,2026-07-31T02:36:10Z
2026-07-24,ground,adult,Evergreen 5-25; DeltaGard,morning,03:15,06:00,complete,COMPLETE,Portion of North Escalon,E50C,Escalon,"North to Mission Street, South to California St., and Jackson Ave., East to Campbell Ave., West to Escalon-Bellota Rd.",0.976,37.797459,-120.986661,https://www.google.com/maps/d/viewer?mid=1mClYWDi44jiGkZGdVoLA1gyAgCsSdJ0,1mClYWDi44jiGkZGdVoLA1gyAgCsSdJ0,live,2026-07-27T10:50:49Z
2026-07-24,ground,adult,Evergreen 5-25; DeltaGard,morning,03:15,06:00,complete,COMPLETE,Portion of North Stockton,S4,Stockton,"North to Sutherland Dr., South to Hammer Ln., West to R&R tracks, East to West Ln.",1.9771,38.028777,-121.302541,https://www.google.com/maps/d/viewer?mid=1_IIE4MBvq3LwIICqndJarCf7KP81iZ_j,1_IIE4MBvq3LwIICqndJarCf7KP81iZ_j,live,2026-07-27T10:50:49Z
2026-07-24,ground,adult,Evergreen 5-25; DeltaGard,morning,03:15,06:00,complete,COMPLETE,Portion of North Stockton,S9,Stockton,"North to Bear Creek, South to Mosher Slough, East to Union Pacific RxR, West to Davis Rd.",2.7804,38.035096,-121.322361,https://www.google.com/maps/d/viewer?mid=1sZnLEPpoTHA8Ozf7av0y3rqw14qghnKC,1sZnLEPpoTHA8Ozf7av0y3rqw14qghnKC,live,2026-07-27T10:50:49Z
2026-07-24,ground,adult,Evergreen 5-25; DeltaGard,morning,03:15,06:00,complete,COMPLETE,Portion of Rural South County,SC3,South County,"North to Division Rd., South to San Joaquin and Stanislaus Rivers, East to Stanislaus River, West to Two Rivers Rd",3.7968,37.677092,-121.228648,https://www.google.com/maps/d/viewer?mid=1zR43QiilWe_TRZveFZagCaWv3wJJuHY1,1zR43QiilWe_TRZveFZagCaWv3wJJuHY1,live,2026-07-27T10:50:49Z
2026-07-24,ground,larval,VectoBac WDG,morning,03:15,05:30,complete,COMPLETE,Portion of Southwest Stockton - Weston Ranch area,S55b,Stockton,"North to Watercourse St., South to French Camp Rd., East to Pissarro Dr., West to San Joaquin River",1.5906,37.906214,-121.319734,https://www.google.com/maps/d/viewer?mid=12rbG343j-GoSbd-5aGSsHkRDEHCMtZY,12rbG343j-GoSbd-5aGSsHkRDEHCMtZY,live,2026-07-27T10:50:49Z
2026-07-24,ground,adult,Evergreen 5-25; DeltaGard,morning,03:15,06:00,complete,COMPLETE,Portion of Southwest Stockton - Weston Ranch area,S55a,Stockton,"North to Decarli St., Lloyd Thayer Cir., Carrie St., South to William Moss Blvd., East to Manthey Rd., West to Carolyn Weston Blvd",1.9604,37.910049,-121.305008,https://www.google.com/maps/d/viewer?mid=1TW296wXbCz-3fNTa3Oxv3T5GkiQjaQM,1TW296wXbCz-3fNTa3Oxv3T5GkiQjaQM,live,2026-07-27T10:50:49Z
2026-07-24,ground,adult,Evergreen 5-25; DeltaGard,morning,03:15,06:00,complete,COMPLETE,Portion of West Tracy,T29B,Tracy,"North to Tennis Lane and W. Schulte Rd., South to Western Pacific R&R, East to Coral Hollow Rd., West to Faith Ln. and Mabel Josephine Dr.",0.8638,37.726023,-121.457773,https://www.google.com/maps/d/viewer?mid=1bZfx7-BoWh4ucX7xQR4yTsW7ImATiFc,1bZfx7-BoWh4ucX7xQR4yTsW7ImATiFc,live,2026-07-27T10:50:49Z
2026-07-24,ground,adult,Evergreen 5-25; DeltaGard,morning,03:15,06:00,complete,COMPLETE,Rural East Escalon,E29,Escalon,"North to OID Canal, South to Hwy 120, East to Victory Ave., West to Henry Rd.",3.7529,37.803345,-120.932621,https://www.google.com/maps/d/viewer?mid=1YdE4wGmIItr1fDrb1unsnlFVmpL_Tx5f,1YdE4wGmIItr1fDrb1unsnlFVmpL_Tx5f,live,2026-07-27T10:50:49Z
2026-07-27,aerial,adult,Dibrom,evening,20:40,22:30,postponed,"POSTPONED TO MONDAY, JULY 27, 2026",Portion of Mandeville Island and Bacon Island,D56,Delta,,19.4318,38.003099,-121.545213,https://www.google.com/maps/d/viewer?mid=1VcIBhYONU108kaWiCJ389vHXrj6qdsg,1VcIBhYONU108kaWiCJ389vHXrj6qdsg,live,2026-07-27T10:50:49Z
2026-07-27,aerial,adult,Dibrom,evening,20:40,22:30,postponed,"POSTPONED TO MONDAY, JULY 27, 2026","Portions of Brack Tract, Canal Ranch, and Terminous Tract",D4(b),Delta,,18.4193,38.152114,-121.464831,https://www.google.com/maps/d/viewer?mid=1w4m0HR6_JrxOswRP87KSFQ6pt7llvfG7,1w4m0HR6_JrxOswRP87KSFQ6pt7llvfG7,live,2026-07-27T10:50:49Z
2026-07-29,ground,larval,VectoBac WDG,morning,03:30,05:30,complete,COMPLETE,Portion of Central Manteca,M37,Manteca,"North to E Alameda St, South to Yosemite Ave., East to Cottage Ave., West to N. Main St.",1.3056,37.801064,-121.207569,https://www.google.com/maps/d/viewer?mid=1_re7MaL_iSs4Oj-cZYdXu1HWLJyE9cA,1_re7MaL_iSs4Oj-cZYdXu1HWLJyE9cA,live,2026-07-31T02:36:10Z
2026-07-29,ground,adult,Evergreen 5-25; DeltaGard,morning,03:30,05:30,complete,COMPLETE,Portion of East Tracy,T33,Tracy,"North to Schulte Rd., South to Valpico Rd., East to S. Chrisman Rd., West to S. Tracy Blvd.",5.2325,37.717875,-121.416378,https://www.google.com/maps/d/viewer?mid=1SFf-OFsbPVoWdsHo6beY5md5oPEV6vk,1SFf-OFsbPVoWdsHo6beY5md5oPEV6vk,live,2026-07-31T02:36:10Z
2026-07-29,ground,adult,Evergreen 5-25; DeltaGard,morning,03:30,05:30,complete,COMPLETE,Portion of Northwest Stockton,S59b,Stockton,"North to Eight Mile Rd., South to White Slough, East to Davis Rd., West to Thornton Rd.",2.5523,38.050445,-121.341918,https://www.google.com/maps/d/viewer?mid=1z3jUXUMvixSVEvsQxUfPt8nOH-imwds,1z3jUXUMvixSVEvsQxUfPt8nOH-imwds,live,2026-07-31T02:36:10Z
2026-07-29,ground,adult,Evergreen 5-25; DeltaGard,morning,03:30,05:30,complete,COMPLETE,Portion of Northwest Stockton,S59a,Stockton,"North to Eight Mile Rd., South to White Slough, East to Thornton Rd., West to I-5",2.6557,38.050662,-121.360546,https://www.google.com/maps/d/viewer?mid=1zIB11Dje98Jnk5FnLLGlhbaO6WAnqPU,1zIB11Dje98Jnk5FnLLGlhbaO6WAnqPU,live,2026-07-31T02:36:10Z
2026-07-29,ground,adult,Evergreen 5-25; DeltaGard,morning,03:30,05:30,complete,COMPLETE,Portion of Rural Northwest Tracy,T21,Tracy,"North to Bethany Rd., South to HWY 205 and W. Grant Line Rd., East to N. Tracy Blvd., West to San Jose Rd",13.4599,37.769363,-121.464051,https://www.google.com/maps/d/viewer?mid=13Mq_i6MzHtjRMN6hco5Yv2bWqc2hDrSr,13Mq_i6MzHtjRMN6hco5Yv2bWqc2hDrSr,live,2026-07-31T02:36:10Z
2026-07-30,ground,adult,Evergreen 5-25; DeltaGard,morning,03:30,05:30,complete,COMPLETE,Delta Area -Tracy Blvd & Middle River,D15,Delta,"North to Hwy 4, South one mile south of Middle River, East to one mile east of Tracy Blvd, West to one mile west of Tracy Blvd.",12.8803,37.886191,-121.453454,https://www.google.com/maps/d/viewer?mid=1P25t-QNvHCVcOXCieQF8buIwituYH59d,1P25t-QNvHCVcOXCieQF8buIwituYH59d,live,2026-07-31T02:36:10Z
2026-07-30,ground,adult,Evergreen 5-25; DeltaGard,morning,03:30,05:30,complete,COMPLETE,Portion of East Escalon,E2,Escalon,"North to California St., South to Vine Ave., East to Brook St., West to Main St.",0.722,37.793479,-120.986348,https://www.google.com/maps/d/viewer?mid=1dAECfkRz_7jwCBY8gbsz0rdNKdXfvz0b,1dAECfkRz_7jwCBY8gbsz0rdNKdXfvz0b,live,2026-07-31T02:36:10Z
2026-07-30,ground,adult,Evergreen 5-25; DeltaGard,morning,03:30,05:30,complete,COMPLETE,Portion of North Escalon,E50B,Escalon,"North to Mission St., South to California St., East to Campbell Ave., West to Sierra Dr.",0.4931,37.798294,-120.984773,https://www.google.com/maps/d/viewer?mid=1a_waJTVlj110soKPjVQznjzkURQmkmA,1a_waJTVlj110soKPjVQznjzkURQmkmA,live,2026-07-31T02:36:10Z
2026-07-30,ground,adult,Evergreen 5-25; DeltaGard,morning,03:30,05:30,complete,COMPLETE,Portion of Rural East Escalon,E39,Escalon,"North to Kelly Rd., South to Hwy 120, East to Seidner Rd., West to Campbell Rd.",5.4544,37.803592,-120.964985,https://www.google.com/maps/d/viewer?mid=1S_frcIfZsBZYGM5lbpgBzvCWihu5tOzO,1S_frcIfZsBZYGM5lbpgBzvCWihu5tOzO,live,2026-07-31T02:36:10Z
2026-07-30,ground,adult,Evergreen 5-25; DeltaGard,morning,03:30,05:30,complete,COMPLETE,Portion of Rural South County,SC1,South County,"North to one mile north of E. McMullin Rd., South to Perrin Rd., East to Airport Way, West to S. Hays Rd.",4.7947,37.735918,-121.263435,https://www.google.com/maps/d/viewer?mid=1dcvrXM7RFuFpl8saR2Bwl08cXfA3CU-C,1dcvrXM7RFuFpl8saR2Bwl08cXfA3CU-C,live,2026-07-31T02:36:10Z
2026-07-30,ground,larval,VectoBac WDG,morning,03:30,05:30,complete,COMPLETE,Portion of Stockton - Morada,S61,Stockton,"North to E. Morada Ln., South to Hammer Ln., East to 99, West to Holman Rd.",1.4285,38.030192,-121.265097,https://www.google.com/maps/d/viewer?mid=1Z9I9hAMPAMKQKsp0_exbF-s4tR9wAxA,1Z9I9hAMPAMKQKsp0_exbF-s4tR9wAxA,live,2026-07-31T02:36:10Z
2026-07-30,aerial,adult,Evergreen 5-25,evening,20:30,22:30,cancelled,CANCELLED - WILL BE RESCHEDULED,"Portions of Shima Tract, Rindge Tract, Wright Tract",D3,Delta,,24.8479,38.014741,-121.39736,https://www.google.com/maps/d/viewer?mid=151h4otrEYfexJiUy3PTMbUXzy7KvxVeE,151h4otrEYfexJiUy3PTMbUXzy7KvxVeE,live,2026-07-31T02:36:10Z
2026-07-30,ground,adult,Evergreen 5-25; DeltaGard,morning,03:30,05:30,complete,COMPLETE,Rural West Lodi,L1,Lodi,"North to Hwy 12, South to Telephone Cut, East to I-5, West to three miles west of I-5",20.1046,38.092664,-121.40989,https://www.google.com/maps/d/viewer?mid=10gIMbuxlqr42DMKl4R2gFASKxx5RV0hS,10gIMbuxlqr42DMKl4R2gFASKxx5RV0hS,live,2026-07-31T02:36:10Z
2026-07-31,ground,adult,Evergreen 5-25; DeltaGard,morning,03:30,05:30,complete,COMPLETE,Portion of Clements,L17,Lodi,"North to Hwy 88, South to E. Stampede Rd., East to Clements Rd., West to Atkins Rd.",3.5494,38.181492,-121.086978,https://www.google.com/maps/d/viewer?mid=1a-s99-9JjYhfRdTtYYH9xaMsyuJebPif,1a-s99-9JjYhfRdTtYYH9xaMsyuJebPif,live,2026-07-31T02:36:10Z
2026-07-31,ground,adult,DeltaGard,morning,04:30,06:00,complete,COMPLETE,Portion of North Escalon,E50B,Escalon,"North to Mission St., South to California St., East to Campbell Ave., West to Sierra Dr.",0.4931,37.798294,-120.984773,https://www.google.com/maps/d/viewer?mid=1a_waJTVlj110soKPjVQznjzkURQmkmA,1a_waJTVlj110soKPjVQznjzkURQmkmA,live,2026-07-31T02:36:10Z
2026-07-31,ground,adult,DeltaGard,morning,04:30,06:00,complete,COMPLETE,Portion of Rural East Escalon,E39,Escalon,"North to Kelly Rd., South to Hwy 120, East to Seidner Rd., West to Campbell Rd.",5.4544,37.803592,-120.964985,https://www.google.com/maps/d/viewer?mid=1S_frcIfZsBZYGM5lbpgBzvCWihu5tOzO,1S_frcIfZsBZYGM5lbpgBzvCWihu5tOzO,live,2026-07-31T02:36:10Z
2026-07-31,ground,larval,Altosid,morning,03:30,05:30,complete,COMPLETE,Portion of Stockton - Morada,S59,Stockton,"North to E Ashley Ln., South to E. Fopiano Ln., East to RxR and Alhambra Ave., West to 99",2.9568,38.033489,-121.250013,https://www.google.com/maps/d/viewer?mid=1tXDjVk2vSZyjdRpEXtGXbzXF10_uW8o,1tXDjVk2vSZyjdRpEXtGXbzXF10_uW8o,live,2026-07-31T02:36:10Z
2026-08-01,aerial,adult,Evergreen 5-25,evening,20:30,22:30,scheduled,,"North Delta Area including portions of Canal Ranch Tract, Brack Tract, Terminous Track, and Staten Island",D46,Delta,,22.2364,38.150579,-121.500277,https://www.google.com/maps/d/viewer?mid=1d0u0XCcosPdjR7NBuQL_HhcjmAdI1J0,1d0u0XCcosPdjR7NBuQL_HhcjmAdI1J0,live,2026-07-31T18:24:18Z
2026-08-01,aerial,adult,Evergreen 5-25,evening,20:30,22:30,scheduled,,"Portions of McDonald Island, Lower Jones Tract and Roberts Island",D55,Delta,,35.509,37.983918,-121.472169,https://www.google.com/maps/d/viewer?mid=1y5Os-D-OO2hnmBl-y-MGDVtuP-MCWEU,1y5Os-D-OO2hnmBl-y-MGDVtuP-MCWEU,live,2026-07-31T18:24:18Z
2026-08-01,aerial,adult,Evergreen 5-25,evening,20:30,22:30,scheduled,,"Portions of Shima Tract, Rindge Tract, Wright Tract",D3,Delta,,24.8479,38.014741,-121.39736,https://www.google.com/maps/d/viewer?mid=151h4otrEYfexJiUy3PTMbUXzy7KvxVeE,151h4otrEYfexJiUy3PTMbUXzy7KvxVeE,live,2026-07-31T18:24:18Z
